Vendor ID,Vendor Name,Cost Element,Expenditure Account Code Description,Document No,Amount,Clearing Date,Directorate,Service Expenditure Analysis
10012743,DCLG,544073,Bus Rates Retent-CLG,CHAPS 58,64819982.00,2017-05-02,Resources,X_Taxation and non-specific grant income and expenditure
10016524,Transport for London,544093,NLE - Grant pmt to TfL,CHAPS 130,11720579.80,2017-05-26,Resources,Z_CAPITAL
15050001,Action for Bow,542500,MISCELLANEOUS COSTS,1900001932,1676328.00,2017-05-26,Housing & Land,Housing & Land Services
10016904,GREENWICH LEISURE LTD,510010,PROPERTY MANAGEMENT FEES,5109055790,874861.41,2017-05-17,Housing & Land,Housing & Land Services
10017217,Museum of London,544075,Grants to External Organisations,CHAPS 123,438000.00,2017-05-23,Communities and Intelligence,Z_CAPITAL
10026494,BARNET AND SOUTHGATE COLLEGE,544075,GRANTS TO EXTERNAL ORGANISATIONS,5109059094,393356.00,2017-05-23,"Development, Enterprise & Environment",Capital
16001161,OMV REFINING & MARKETING GMBH,544075,GRANTS TO EXTERNAL ORGANISATIONS,5109067683,336385.85,2017-05-11,"Development, Enterprise & Environment",Environmental Initiatives
10017217,Museum of London,544075,Grants to External Organisations,CHAPS 75,316000.00,2017-05-08,Communities and Intelligence,Cultural & related services
10017217,Museum of London,544075,Grants to External Organisations,CHAPS 116,316000.00,2017-05-22,Communities and Intelligence,Cultural & related services
10024343,ITM POWER TRADING LTD,544075,GRANTS TO EXTERNAL ORGANISATIONS,5109073008,302943.34,2017-05-18,"Development, Enterprise & Environment",Environmental Initiatives
16001167,DHF,544075,GRANTS TO EXTERNAL ORGANISATIONS,5109058714,302517.95,2017-05-05,"Development, Enterprise & Environment",Environmental Initiatives
10006799,LONDON BOROUGH OF EALING,544075,GRANTS TO EXTERNAL ORGANISATIONS,5109057852,264789.05,2017-05-10,"Development, Enterprise & Environment",Capital
10027454,THE CARLSBERG TETLEY PROJECT LTD,544075,GRANTS TO EXTERNAL ORGANISATIONS,5109068506,207342.15,2017-05-11,"Development, Enterprise & Environment",Capital
10006059,LB OF HARINGEY,544075,GRANTS TO EXTERNAL ORGANISATIONS,5109075260,198836.29,2017-05-23,"Development, Enterprise & Environment",Capital
10017495,GREENWICH & DOCKLANDS FESTIVALS,542500,MISCELLANEOUS COSTS,1900040272,165000.00,2017-05-19,External Affairs,Cultural & related services
16001112,THINKSTEP,544075,GRANTS TO EXTERNAL ORGANISATIONS,5109058712,142826.47,2017-05-03,"Development, Enterprise & Environment",Environmental Initiatives
10024554,MEDCITY LTD,544075,GRANTS TO EXTERNAL ORGANISATIONS,5109059896,125000.00,2017-05-02,"Development, Enterprise & Environment",Economic Development
10019572,BYTES SOFTWARE SERVICES,536510,SOFTWARE MAINTENANCE,5109063865,120000.00,2017-05-17,Resources,Support Costs
18000045,LONDON AND QUADRANT HOUSING TRUST,544076,HSG GRANTS TO REGISTERED PROVIDERS,1900040196,107400.00,2017-05-05,Housing,Housing services
18000045,LONDON AND QUADRANT HOUSING TRUST,544076,HSG GRANTS TO REGISTERED PROVIDERS,1900040197,107400.00,2017-05-05,Housing,Housing services
18000045,LONDON AND QUADRANT HOUSING TRUST,544076,HSG GRANTS TO REGISTERED PROVIDERS,1900040198,107400.00,2017-05-05,Housing,Housing services
18000045,LONDON AND QUADRANT HOUSING TRUST,544076,HSG GRANTS TO REGISTERED PROVIDERS,1900040199,107400.00,2017-05-05,Housing,Housing services
18000045,LONDON AND QUADRANT HOUSING TRUST,544076,HSG GRANTS TO REGISTERED PROVIDERS,1900040200,107400.00,2017-05-05,Housing,Housing services
18000045,LONDON AND QUADRANT HOUSING TRUST,544076,HSG GRANTS TO REGISTERED PROVIDERS,1900040201,107400.00,2017-05-05,Housing,Housing services
18000045,LONDON AND QUADRANT HOUSING TRUST,544076,HSG GRANTS TO REGISTERED PROVIDERS,1900040202,107400.00,2017-05-05,Housing,Housing services
18000045,LONDON AND QUADRANT HOUSING TRUST,544076,HSG GRANTS TO REGISTERED PROVIDERS,1900040203,107400.00,2017-05-05,Housing,Housing services
18000045,LONDON AND QUADRANT HOUSING TRUST,544076,HSG GRANTS TO REGISTERED PROVIDERS,1900040204,107400.00,2017-05-05,Housing,Housing services
18000045,LONDON AND QUADRANT HOUSING TRUST,544076,HSG GRANTS TO REGISTERED PROVIDERS,1900040205,107400.00,2017-05-05,Housing,Housing services
18000045,LONDON AND QUADRANT HOUSING TRUST,544076,HSG GRANTS TO REGISTERED PROVIDERS,1900040206,107400.00,2017-05-05,Housing,Housing services
18000045,LONDON AND QUADRANT HOUSING TRUST,544076,HSG GRANTS TO REGISTERED PROVIDERS,1900040207,107400.00,2017-05-05,Housing,Housing services
18000045,LONDON AND QUADRANT HOUSING TRUST,544076,HSG GRANTS TO REGISTERED PROVIDERS,1900040208,107400.00,2017-05-05,Housing,Housing services
18000045,LONDON AND QUADRANT HOUSING TRUST,544076,HSG GRANTS TO REGISTERED PROVIDERS,1900040257,107400.00,2017-05-12,Housing,Housing services
18000045,LONDON AND QUADRANT HOUSING TRUST,544076,HSG GRANTS TO REGISTERED PROVIDERS,1900040282,107400.00,2017-05-24,Housing,Housing services
10026057,DRON & WRIGHT PROP CONS,510400,COMMERCIAL PROPERTY RENT,5109074387,106250.00,2017-05-22,Resources,Support Costs
10004230,GL HEARN LTD,510012,VALUATION FEES,5109060564,105000.00,2017-05-03,Housing & Land,Housing & Land Services
10026494,BARNET AND SOUTHGATE COLLEGE,544075,GRANTS TO EXTERNAL ORGANISATIONS,5109060464,93444.97,2017-05-23,"Development, Enterprise & Environment",Capital
10004347,HM Treasury Group,542500,Miscellaneous Costs,CHAPS 95,92176.42,2017-05-03,Resources,Highways and transport services
10006059,LB OF HARINGEY,544075,GRANTS TO EXTERNAL ORGANISATIONS,5109068997,90000.00,2017-05-12,"Development, Enterprise & Environment",Capital
10016904,GREENWICH LEISURE LTD,542355,OTHER PROFESSIONAL FEES,5109063523,90000.00,2017-05-25,Housing & Land,Housing & Land Services
18000013,SANCTUARY HOUSING ASSOCIATION,544076,HSG GRANTS TO REGISTERED PROVIDERS,1900040212,81478.00,2017-05-08,Housing,Capital
10017009,MORE LONDON,510050,PROPERTY SERVICE CHARGES,1900040191,81185.00,2017-05-03,Resources,Support Costs
10017198,MOPAC,542351,INTERNAL AUDIT FEES,5109042274,79500.00,2017-05-10,Resources,Support Costs
13003122,ECOLOGIC ENERGY,544075,GRANTS TO EXTERNAL ORGANISATIONS,5109064343,79365.00,2017-05-11,"Development, Enterprise & Environment",Capital
15500144,LONDON BOROUGH OF WALTHAM FOREST,544075,GRANTS TO EXTERNAL ORGANISATIONS,5109058223,76925.75,2017-05-09,"Development, Enterprise & Environment",Economic Development
10006059,LB OF HARINGEY,544075,GRANTS TO EXTERNAL ORGANISATIONS,5109075252,72827.71,2017-05-23,"Development, Enterprise & Environment",Capital
10001984,TURNER & TOWNSEND PROJECT MAGAG,542002,CONSULTANCY-PROJECT MANAGEMENT,5109065306,70164.93,2017-05-24,Housing,Environmental & regulatory services
13003122,ECOLOGIC ENERGY,544075,GRANTS TO EXTERNAL ORGANISATIONS,5109050251,69203.50,2017-05-11,"Development, Enterprise & Environment",Capital
10016904,GREENWICH LEISURE LTD,542355,OTHER PROFESSIONAL FEES,5109063526,66056.90,2017-05-25,Housing & Land,Housing & Land Services
10022975,POPLAR HARCA,544075,GRANTS TO EXTERNAL ORGANISATIONS,5109058221,65271.42,2017-05-17,"Development, Enterprise & Environment",Capital
10016904,GREENWICH LEISURE LTD,542355,OTHER PROFESSIONAL FEES,5109045789,63700.00,2017-05-02,Housing & Land,Housing & Land Services
13003122,ECOLOGIC ENERGY,544075,GRANTS TO EXTERNAL ORGANISATIONS,5109064590,63215.50,2017-05-18,"Development, Enterprise & Environment",Capital
16001176,PARTNERSKAB BRINT BRAENDSELSCELLER,544075,GRANTS TO EXTERNAL ORGANISATIONS,5109058711,60475.39,2017-05-05,"Development, Enterprise & Environment",Environmental Initiatives
10025567,REED IN PARTNERSHIP LIMITED,544075,GRANTS TO EXTERNAL ORGANISATIONS,5109054602,60125.27,2017-05-03,"Development, Enterprise & Environment",Economic Development
10022165,KEYTREE LTD,542002,CONSULTANCY-PROJECT MANAGEMENT,5109074549,55930.50,2017-05-22,Housing,Capital
10006783,LONDON BOROUGH OF CROYDON,544075,GRANTS TO EXTERNAL ORGANISATIONS,5109054232,55871.00,2017-05-03,"Development, Enterprise & Environment",Economic Development
15050001,First Base Limited,544070,MISCELLANEOUS FINANCE EXPENSES,1900001926,55500.00,2017-05-16,Housing & Land,Housing & Land Services
10026057,DRON & WRIGHT PROP CONS,510400,COMMERCIAL PROPERTY RENT,5109074386,53125.00,2017-05-22,Resources,Support Costs
10017232,CBRE MANAGED SERVICES LIMITED,510000,BUILDING MAINTENANCE & REPAIRS,5109063889,52661.59,2017-05-24,Resources,Support Costs
10014997,MOORE STEPHENS LLP,542000,MANAGEMENT & SUPPORT CONSULTANCY,5109059319,50000.00,2017-05-10,Resources,Support Costs
10014997,MOORE STEPHENS LLP,542000,MANAGEMENT & SUPPORT CONSULTANCY,5109060574,50000.00,2017-05-24,Resources,Support Costs
10026766,BRITISH AMATEUR BOXING ASSOCIATION,544075,GRANTS TO EXTERNAL ORGANISATIONS,5109068072,50000.00,2017-05-11,Communities and Intelligence,Cultural & related services
10022165,KEYTREE LTD,542002,CONSULTANCY-PROJECT MANAGEMENT,5109063981,45714.00,2017-05-05,Housing,Capital
10011455,London Travel Watch,542500,Miscellaneous Costs,CHAPS 76,43000.00,2017-05-08,Assembly & Secretariat,Highways and transport services
10011455,London Travel Watch,542500,Miscellaneous Costs,CHAPS 117,43000.00,2017-05-22,Assembly & Secretariat,Highways and transport services
13002176,ABM GROUP UK LTD,510010,PROPERTY MANAGEMENT FEES,5109072040,42955.94,2017-05-25,Resources,Support Costs
13002176,ABM GROUP UK LTD,510700,OFFICE CLEANING,5109060512,42955.94,2017-05-03,Resources,Support Costs
10000772,DENTONS UKMEA LLP,542300,LEGAL FEES,5109059960,42615.00,2017-05-04,Housing & Land,Housing & Land Services
13003122,ECOLOGIC ENERGY,544075,GRANTS TO EXTERNAL ORGANISATIONS,5109064588,42163.50,2017-05-18,"Development, Enterprise & Environment",Capital
10021880,RODMA,542355,OTHER PROFESSIONAL FEES,5109077768,40421.88,2017-05-25,Housing & Land,Housing & Land Services
18000048,HYDE HOUSING ASSOCIATION LIMITED,544076,HSG GRANTS TO REGISTERED PROVIDERS,1900040215,40000.00,2017-05-09,Housing,Capital
14000615,CAPITA SYMONDS LTD,542000,MANAGEMENT & SUPPORT CONSULTANCY,5109065314,38524.65,2017-05-25,Housing,Housing services
15050001,Notting Hill Housing Trust,544070,MISCELLANEOUS FINANCE EXPENSES,1900001918,38195.08,2017-05-11,Housing & Land,Housing & Land Services
10021972,ROOFF LIMITED,544075,GRANTS TO EXTERNAL ORGANISATIONS,5109025892,37808.79,2017-05-19,"Development, Enterprise & Environment",Capital
10006783,LONDON BOROUGH OF CROYDON,544075,GRANTS TO EXTERNAL ORGANISATIONS,5109065547,35529.16,2017-05-17,"Development, Enterprise & Environment",Capital
10006458,LONDON BOROUGH OF BRENT,544075,GRANTS TO EXTERNAL ORGANISATIONS,5109054859,35475.00,2017-05-10,"Development, Enterprise & Environment",Cultural & related services
13000367,VEOLIA ES (UK) PLC,510010,PROPERTY MANAGEMENT FEES,5109069447,35125.10,2017-05-24,Resources,Cultural & related services
15050016,DAC Beachcroft LLP,542000,MANAGEMENT & SUPPORT CONSULTANCY,1900040278,35000.00,2017-05-26,Housing,Housing services
10025238,AOS SECURITY LTD,510025,SECURITY SERVICES (GUARDS),5109065304,34218.28,2017-05-09,Resources,Cultural & related services
10018802,LSE ENTERPRISE,542051,CONSULTANCY-COMMISSIONED REPORT,5109068123,32000.00,2017-05-12,Housing,Housing services
10016689,BLISS EVENTS MANAGEMENT LIMITED,540019,EXTERNAL EVENTS ROADS SHOWS AND FACE TO FACE,5109060484,30674.65,2017-05-03,External Affairs,Cultural & related services
10021147,STREETGAMES UK LTD,544075,GRANTS TO EXTERNAL ORGANISATIONS,5109062584,30484.68,2017-05-03,Communities and Intelligence,Cultural & related services
10025033,ACCESS EUROPE NETWORK CIC,544075,GRANTS TO EXTERNAL ORGANISATIONS,5109073153,30000.00,2017-05-18,"Development, Enterprise & Environment",Economic Development
12001023,MEDIAEDGE:CIA T/A MEC: ACTIVE ENGAG,540018,SOCIAL MEDIA AND DIGITAL ADVERTISING SPACE,5109060487,30000.00,2017-05-10,"Development, Enterprise & Environment",Economic Development
10026563,THE CONSERVATION FOUNDATION,544075,GRANTS TO EXTERNAL ORGANISATIONS,5109074505,29872.00,2017-05-23,"Development, Enterprise & Environment",Cultural & related services
10001899,ERNST & YOUNG LLP,542353,EXTERNAL AUDIT FEES,5109063998,28000.00,2017-05-24,Housing & Land,Housing & Land Services
10006458,LONDON BOROUGH OF BRENT,544075,GRANTS TO EXTERNAL ORGANISATIONS,5109054858,27600.00,2017-05-10,"Development, Enterprise & Environment",Cultural & related services
10027450,LONDON TIGERS,544075,GRANTS TO EXTERNAL ORGANISATIONS,5109064667,27500.00,2017-05-24,Communities and Intelligence,Cultural & related services
10001899,ERNST & YOUNG LLP,542353,EXTERNAL AUDIT FEES,5109064985,27375.00,2017-05-23,Resources,Support Costs
10022207,ECORYS UK LIMITED,542001,CONSULTANCY  EVALUATION ASSESSMENT,5109042258,26563.00,2017-05-15,Communities and Intelligence,Cultural & related services
10017690,MEDIAEDGE:CIA UK LTD T/A MEC:ACTIVE,540015,PRODUCTION ARTWORK AND DESIGN FOR MARKETING,5109058733,25668.63,2017-05-18,"Development, Enterprise & Environment",Economic Development
10011986,AIR QUALITY CONSULTANTS LTD,542000,MANAGEMENT & SUPPORT CONSULTANCY,5109078747,25000.00,2017-05-26,"Development, Enterprise & Environment",Environmental Initiatives
13000063,EDF ENERGY,510100,ELECTRICITY,1900040234,24679.33,2017-05-23,Resources,Support Costs
10027844,NWES,542355,OTHER PROFESSIONAL FEES,5109077854,24475.00,2017-05-25,"Development, Enterprise & Environment",Economic Development
10015554,PROBRAND LTD,536000,MANAGE IT SERVICES,5109070353,23938.00,2017-05-17,Resources,Support Costs
10013109,ICF CONSULTING SERVICES LTD,544075,GRANTS TO EXTERNAL ORGANISATIONS,5109077842,23210.00,2017-05-25,"Development, Enterprise & Environment",Economic Development
10011702,ELEMENT ENERGY LIMITED,544075,GRANTS TO EXTERNAL ORGANISATIONS,5109074643,23166.61,2017-05-22,"Development, Enterprise & Environment",Environmental Initiatives
10006571,LONDON BOROUGH OF  WALTHAM FOREST,544063,INCOME MAX EXPENSES,5109042240,22580.40,2017-05-22,Resources,Corporate and democratic core
10024857,CTI DIGITAL,542100,IT CONSULTANCY,5109064779,22165.00,2017-05-08,Resources,Support Costs
10027812,FEDERATION OF SMALL BUSINESSES LTD,542051,CONSULTANCY-COMMISSIONED REPORT,5109064626,22000.00,2017-05-08,"Development, Enterprise & Environment",Economic Development
10021518,CORNWALL ENERGY ASSOCIATES LTD,542002,CONSULTANCY-PROJECT MANAGEMENT,5109078218,21050.00,2017-05-25,"Development, Enterprise & Environment",Environmental Initiatives
10017313,CAPITA TREASURY SOLUTIONS LTD,542000,MANAGEMENT & SUPPORT CONSULTANCY,5109060570,20747.86,2017-05-24,Resources,Corporate and democratic core
10026494,BARNET AND SOUTHGATE COLLEGE,544075,GRANTS TO EXTERNAL ORGANISATIONS,5109059097,20534.70,2017-05-23,"Development, Enterprise & Environment",Capital
10003065,LONDON FIRE & EMERG. PLANNING AUTH.,542300,LEGAL FEES,5109058108,20000.00,2017-05-10,Corporate Management,Corporate and democratic core
10006458,LONDON BOROUGH OF BRENT,544075,GRANTS TO EXTERNAL ORGANISATIONS,5109054857,20000.00,2017-05-10,"Development, Enterprise & Environment",Cultural & related services
10021925,QUAYSTONE FACILITIES MANAGEMENT,542355,OTHER PROFESSIONAL FEES,5109073823,19500.00,2017-05-19,Housing & Land,Housing & Land Services
10002789,GVA GRIMLEY LTD,510010,PROPERTY MANAGEMENT FEES,5109054868,19186.67,2017-05-02,Housing & Land,Housing & Land Services
10025471,SEE TICKETS,540019,EXTERNAL EVENTS ROADS SHOWS AND FACE TO FACE,5109008025,19160.00,2017-05-02,External Affairs,Cultural & related services
10025255,LONDON WORK BASED LEARNING ALLIANCE,544075,GRANTS TO EXTERNAL ORGANISATIONS,5109068100,18875.22,2017-05-11,"Development, Enterprise & Environment",Economic Development
10017690,MEDIAEDGE:CIA UK LTD T/A MEC:ACTIVE,540014,AGENCY FEES PAID TO MARKETING AGENCIES,5109062941,18693.75,2017-05-24,External Affairs,Support Costs
10027404,LONDON SCULPTURE WORKSHOP CIC,544075,GRANTS TO EXTERNAL ORGANISATIONS,5109067311,18572.73,2017-05-24,"Development, Enterprise & Environment",Planning services
10017313,CAPITA TREASURY SOLUTIONS LTD,542000,MANAGEMENT & SUPPORT CONSULTANCY,5109051080,17500.00,2017-05-09,Resources,Support Costs
10015889,REWARD GATEWAY (UK) LTD,504702,CHILDCARE VOUCHERS,5109074402,17407.45,2017-05-22,Resources,Support Costs
10004598,PORT OF LONDON AUTHORITY,542355,OTHER PROFESSIONAL FEES,5109046117,17356.61,2017-05-02,Housing & Land,Housing & Land Services
10015889,REWARD GATEWAY (UK) LTD,504702,CHILDCARE VOUCHERS,5109062331,17004.97,2017-05-03,Resources,Support Costs
14000223,NEW CITY COLLEGE,542355,OTHER PROFESSIONAL FEES,5109067869,16247.00,2017-05-10,"Development, Enterprise & Environment",Economic Development
10021772,SQW CONSULTING,542355,OTHER PROFESSIONAL FEES,5109072071,15925.00,2017-05-18,"Development, Enterprise & Environment",Economic Development
10006783,LONDON BOROUGH OF CROYDON,544075,GRANTS TO EXTERNAL ORGANISATIONS,5109054240,15730.47,2017-05-16,"Development, Enterprise & Environment",Economic Development
10026685,ST MICHAEL'S CENTRE,544075,GRANTS TO EXTERNAL ORGANISATIONS,5109069379,15493.00,2017-05-15,Housing,Housing services
10018307,LONDON CHINATOWN CHINESE ASSOC,540019,EXTERNAL EVENTS ROADS SHOWS AND FACE TO FACE,5109075263,15000.00,2017-05-23,External Affairs,Cultural & related services
16001107,IIT BOZEN KONSORTIAL-GMBH,544075,GRANTS TO EXTERNAL ORGANISATIONS,5109058716,14929.53,2017-05-03,"Development, Enterprise & Environment",Environmental Initiatives
10009148,TMP (UK) LTD,504000,RECRUITMENT ADVERTISING,5109054175,13781.26,2017-05-12,Resources,Support Costs
10027816,UMBRELLA COLLECTIVE LTD,540015,PRODUCTION ARTWORK AND DESIGN FOR MARKETING,5109070358,13695.00,2017-05-16,Communities and Intelligence,Childrens and education services
10002527,XEROX (UK) LTD,536300,COMPUTER HARDWARE,5109045231,13402.33,2017-05-11,Resources,Support Costs
10027717,SOUTHERN SCIENTIFIC,535300,POSTAGE,5109074485,13362.95,2017-05-22,Resources,Support Costs
10007808,HASKONING UK LTD,542051,CONSULTANCY-COMMISSIONED REPORT,5109042265,13336.00,2017-05-11,"Development, Enterprise & Environment",Planning Policy
10007464,CROWN WORLDWIDE LTD,533040,DOCUMENT ARCHIVE & STORAGE,5109077075,13084.00,2017-05-24,Assembly & Secretariat,Central services
10006059,LB OF HARINGEY,544075,GRANTS TO EXTERNAL ORGANISATIONS,5109078215,12800.00,2017-05-25,"Development, Enterprise & Environment",Cultural & related services
10016640,ALL CLEAN GROUP,510700,OFFICE CLEANING,5109063901,12593.51,2017-05-24,Resources,Support Costs
10026414,SEHTA ENTERPRISES LTD,542050,RESEARCH & STUDY FEES,5109064518,12250.00,2017-05-08,"Development, Enterprise & Environment",Economic Development
12001023,MEDIAEDGE:CIA T/A MEC: ACTIVE ENGAG,540018,SOCIAL MEDIA AND DIGITAL ADVERTISING SPACE,5109060489,12156.86,2017-05-10,"Development, Enterprise & Environment",Economic Development
10018532,CRISTIE DATA LIMITED,536300,COMPUTER HARDWARE,5109060576,12100.00,2017-05-15,Resources,Support Costs
10025921,LONDON SPORT LTD,502010,SECONDED STAFF,5109073190,12062.91,2017-05-18,Communities and Intelligence,Cultural & related services
10014007,UNIVERSITY OF OXFORD,542050,RESEARCH & STUDY FEES,5109058260,11666.67,2017-05-22,Communities and Intelligence,Community Development
10022165,KEYTREE LTD,542002,CONSULTANCY-PROJECT MANAGEMENT,5109063460,11591.67,2017-05-05,Housing,Capital
10027439,EAST LONDON FOOD ACCESS (ELFA) LTD,544075,GRANTS TO EXTERNAL ORGANISATIONS,5109064600,10026.28,2017-05-05,"Development, Enterprise & Environment",Planning services
10014084,GERALD EVE,542001,CONSULTANCY  EVALUATION ASSESSMENT,5109073187,10000.00,2017-05-19,"Development, Enterprise & Environment",Development Control
10018153,BURO HAPPOLD,542000,MANAGEMENT & SUPPORT CONSULTANCY,5109064625,10000.00,2017-05-25,"Development, Enterprise & Environment",Highways and transport services
10023382,KEMPTON CONSULTING LTD,542002,CONSULTANCY-PROJECT MANAGEMENT,5109035125,10000.00,2017-05-05,Communities and Intelligence,Childrens and education services
10024117,FOUND IN MUSIC LIMITED,542355,OTHER PROFESSIONAL FEES,5109068097,10000.00,2017-05-12,Communities and Intelligence,Cultural & related services
12000643,UCL CONSULTANTS LIMITED,542355,OTHER PROFESSIONAL FEES,5109065409,10000.00,2017-05-09,Communities and Intelligence,Cultural & related services
10027801,DONALD INSALL ASSOCIATES LTD,542355,OTHER PROFESSIONAL FEES,5109064845,9979.00,2017-05-08,Communities and Intelligence,Cultural & related services
10016689,BLISS EVENTS MANAGEMENT LIMITED,542330,EVENT MANAGEMENT FEE,5109072915,9809.00,2017-05-24,External Affairs,Cultural & related services
10023994,CONTINENTAL DRIFTS LTD,540019,EXTERNAL EVENTS ROADS SHOWS AND FACE TO FACE,5109060499,9707.00,2017-05-03,External Affairs,Cultural & related services
10025456,PRENAX LTD,533100,PUBLICATIONS & PERIODICALS,5109065310,9577.79,2017-05-10,Resources,Support Costs
10023080,SIRIUS CORPORATION LTD,542002,CONSULTANCY-PROJECT MANAGEMENT,5109072017,9500.00,2017-05-17,Housing,Housing services
10019494,BRAND FOUNDRY DESIGN,540015,PRODUCTION ARTWORK AND DESIGN FOR MARKETING,5109062581,9424.00,2017-05-05,Communities and Intelligence,Cultural & related services
10016524,TRANSPORT FOR LONDON,502010,SECONDED STAFF,5109046646,9397.17,2017-05-03,"Development, Enterprise & Environment",Economic Development
10014115,DELOITTE LLP,542355,OTHER PROFESSIONAL FEES,5109074403,9250.00,2017-05-22,Resources,Support Costs
10016647,INDIGO2,540019,EXTERNAL EVENTS ROADS SHOWS AND FACE TO FACE,5109077342,9250.00,2017-05-24,External Affairs,Corporate and democratic core
10011533,SBL,542355,OTHER PROFESSIONAL FEES,5109066805,9100.00,2017-05-11,Assembly & Secretariat,Corporate and democratic core
10009148,TMP (UK) LTD,504000,RECRUITMENT ADVERTISING,5109054174,9003.11,2017-05-12,Resources,Support Costs
10014084,GERALD EVE,542001,CONSULTANCY  EVALUATION ASSESSMENT,5109078530,8905.00,2017-05-26,"Development, Enterprise & Environment",Development Control
15500355,LONDON BOROUGH OF LAMBETH,544075,GRANTS TO EXTERNAL ORGANISATIONS,5109058864,8705.80,2017-05-17,"Development, Enterprise & Environment",Economic Development
10017322,SERVOCA SECURE SOLUTIONS,510025,SECURITY SERVICES (GUARDS),5109070351,8704.85,2017-05-16,Resources,Support Costs
10006571,LONDON BOROUGH OF  WALTHAM FOREST,544075,GRANTS TO EXTERNAL ORGANISATIONS,5109060427,8581.14,2017-05-17,"Development, Enterprise & Environment",Capital
16000696,BLOOMBERG LP,533100,PUBLICATIONS & PERIODICALS,5109065312,8486.44,2017-05-10,Resources,Corporate and democratic core
10009468,TRUSTMARQUE SOLUTIONS,536510,SOFTWARE MAINTENANCE,5109042111,8484.82,2017-05-04,Resources,Support Costs
10024951,HSNO,542000,MANAGEMENT & SUPPORT CONSULTANCY,5109063234,8195.50,2017-05-04,Housing,Capital
10016694,BOW TIE,540100,PHOTOGRAPHY & VIDEO,5109072960,8135.90,2017-05-19,Resources,Capital
10025814,CREATIVE & CULTURAL SKILLS,544075,GRANTS TO EXTERNAL ORGANISATIONS,5109070368,8016.95,2017-05-16,"Development, Enterprise & Environment",Economic Development
13001309,SENATOR INTERNATIONAL LTD,530000,FURNITURE & EQUIPMENT,5109054917,7722.00,2017-05-17,Resources,Capital
10023763,BLUE STATE DIGITAL,533000,PRINTING,5109078238,7285.00,2017-05-26,External Affairs,Support Costs
10019817,CAUSEWAY TECHNOLOGIES LTD,533010,STATIONERY,5109074389,7099.87,2017-05-26,Resources,Support Costs
10006419,LB TOWER HAMLETS,544075,GRANTS TO EXTERNAL ORGANISATIONS,5109058862,7040.00,2017-05-17,"Development, Enterprise & Environment",Capital
10017470,COMPUTACENTER,536510,SOFTWARE MAINTENANCE,5109051109,6917.84,2017-05-16,Resources,Support Costs
10022694,BDO LLP,542355,OTHER PROFESSIONAL FEES,5109072068,6795.75,2017-05-16,Housing & Land,Housing & Land Services
10017470,COMPUTACENTER,536300,COMPUTER HARDWARE,5109058790,6185.90,2017-05-22,Communities and Intelligence,Community Development
10026529,NATIONAL AUDIT OFFICE,502010,SECONDED STAFF,5109062544,6138.13,2017-05-24,Assembly & Secretariat,Corporate and democratic core
13000367,VEOLIA ES (UK) PLC,510010,PROPERTY MANAGEMENT FEES,5109069446,6107.58,2017-05-24,External Affairs,Corporate and democratic core
10016707,BURGES SALMON LLP,542300,LEGAL FEES,5109051734,6107.00,2017-05-08,Housing & Land,Housing & Land Services
10022138,HARINGEY COUNCIL,544075,GRANTS TO EXTERNAL ORGANISATIONS,5109058113,6000.00,2017-05-17,"Development, Enterprise & Environment",Economic Development
13000063,EDF ENERGY,510100,ELECTRICITY,1900001911,5798.80,2017-05-02,Housing & Land,Housing & Land Services
14000615,CAPITA SYMONDS LTD,542000,MANAGEMENT & SUPPORT CONSULTANCY,5109073625,5706.00,2017-05-19,Housing,Housing services
10000772,DENTONS UKMEA LLP,542300,LEGAL FEES,5109072844,5688.00,2017-05-18,Housing & Land,Housing & Land Services
12000810,ALLEN LANE FINANCIAL RECRUITMENT,502000,AGENCY STAFF,5109062606,5400.00,2017-05-03,Resources,Support Costs
10017470,COMPUTACENTER,536510,SOFTWARE MAINTENANCE,5109060491,5359.07,2017-05-23,Resources,Support Costs
10027739,ANN-MARIE STRUDWICK,542051,CONSULTANCY-COMMISSIONED REPORT,5109060497,5300.00,2017-05-03,Communities and Intelligence,Corporate and democratic core
10003560,EVERSHEDS SUTHERLAND (INT) LLP,542300,LEGAL FEES,5109076900,5184.40,2017-05-25,Housing,Capital
10023400,SPACEHIVE,542060,PLANNING & DEVELOPMENT CONSULTANCY,5109070359,5000.00,2017-05-16,"Development, Enterprise & Environment",Planning services
10027761,HAT PROJECTS,542060,PLANNING & DEVELOPMENT CONSULTANCY,5109045830,5000.00,2017-05-02,"Development, Enterprise & Environment",Planning services
12001692,GREEN PARK INTERIM & EXECUTIVE LTD,504000,RECRUITMENT ADVERTISING,5109059913,5000.00,2017-05-05,Resources,Support Costs
10002165,CAPITA LEARNING & DEVELOPMENT,504200,STAFF TRAINING,5109063480,4905.00,2017-05-24,Resources,Support Costs
10022210,PROFILE SECURITY SERVICES LTD,510025,SECURITY SERVICES (GUARDS),5109073630,4170.00,2017-05-25,Housing & Land,Housing & Land Services
10000187,CIPFA BUSINESS LTD,533100,PUBLICATIONS & PERIODICALS,5109060062,4150.00,2017-05-02,Resources,Corporate and democratic core
10000545,O2 UK LIMITED,535020,"MOBILE PHONE LINE RENT, CALLS & EQUIPMENT",1900040214,4105.12,2017-05-10,Resources,Support Costs
13002176,ABM GROUP UK LTD,510010,PROPERTY MANAGEMENT FEES,5109072047,4032.63,2017-05-23,Resources,Support Costs
10027581,ORBIT GROUP,542001,CONSULTANCY  EVALUATION ASSESSMENT,5109077448,4000.00,2017-05-24,Housing,Housing services
10027736,TOGETHER,540015,PRODUCTION ARTWORK AND DESIGN FOR MARKETING,5109058115,4000.00,2017-05-17,Communities and Intelligence,Public Health
15050001,The Architechtural Association,542355,OTHER PROFESSIONAL FEES,1900040252,4000.00,2017-05-22,Communities and Intelligence,Childrens and education services
10014958,AECOM PROFESSIONAL SERVICES LLP,542002,CONSULTANCY-PROJECT MANAGEMENT,5109067522,4000.00,2017-05-23,Housing & Land,Housing & Land Services
15050001,Ventana Systems UK Ltd,533010,STATIONERY,1900040268,3978.35,2017-05-24,"Development, Enterprise & Environment",Economic Development
13002176,ABM GROUP UK LTD,510630,HEALTH & SAFETY PEST CONTROL,5109060523,3957.08,2017-05-03,Resources,Support Costs
13002176,ABM GROUP UK LTD,510630,HEALTH & SAFETY PEST CONTROL,5109072042,3957.08,2017-05-25,Resources,Support Costs
16001138,AMAZON.COM INC.,536000,MANAGE IT SERVICES,5109044967,3952.49,2017-05-05,Resources,Support Costs
10000187,CIPFA BUSINESS LTD,533100,PUBLICATIONS & PERIODICALS,5109060066,3950.00,2017-05-02,Resources,Corporate and democratic core
10018565,NETFORT TECHNOLOGIES LIMITED,536510,SOFTWARE MAINTENANCE,5109054201,3925.00,2017-05-18,Resources,Support Costs
10006571,LONDON BOROUGH OF  WALTHAM FOREST,544075,GRANTS TO EXTERNAL ORGANISATIONS,5109060428,3920.02,2017-05-17,"Development, Enterprise & Environment",Economic Development
10000545,O2 UK LIMITED,536300,COMPUTER HARDWARE,5109065396,3880.00,2017-05-11,External Affairs,Cultural & related services
10018859,TEST PARTNERS LTD,542100,IT CONSULTANCY,5109066798,3855.00,2017-05-11,Resources,Support Costs
10016692,ERICA BOLTON & JANE QUINN LTD,542355,OTHER PROFESSIONAL FEES,5109067492,3750.00,2017-05-10,Communities and Intelligence,Cultural & related services
10024804,MPLC LTD,533010,STATIONERY,5109078528,3671.56,2017-05-26,Resources,Support Costs
10017638,AHREND LIMITED,530000,FURNITURE & EQUIPMENT,5109064698,3653.33,2017-05-24,Resources,Support Costs
99999999,ICAP Europe Limited,542410,Brokers Fees,CHAPS 114,3397.26,2017-05-19,Resources,X_Financing and investment income and expenditure
12000810,ALLEN LANE FINANCIAL RECRUITMENT,502000,AGENCY STAFF,5109064947,3375.00,2017-05-08,Resources,Support Costs
12000810,ALLEN LANE FINANCIAL RECRUITMENT,502000,AGENCY STAFF,5109075243,3375.00,2017-05-23,Resources,Support Costs
10002165,CAPITA LEARNING & DEVELOPMENT,504200,STAFF TRAINING,5109058118,3270.00,2017-05-17,Resources,Support Costs
10003560,EVERSHEDS SUTHERLAND (INT) LLP,542300,LEGAL FEES,5109060119,3268.80,2017-05-16,Housing & Land,Housing & Land Services
10017736,WYG MANAGEMENT SERVICES,510630,HEALTH & SAFETY PEST CONTROL,5109057807,3125.00,2017-05-17,Resources,Support Costs
10004619,BT SERVICE AGILITY,535000,"TELEPHONE LINE RENT, CALLS & EQUIPMENT",1900040162,3115.89,2017-05-10,Resources,Support Costs
10003560,EVERSHEDS SUTHERLAND (INT) LLP,542300,LEGAL FEES,5109077189,3073.40,2017-05-24,Housing,Capital
10022937,RETHINKING CITIES LTD,544075,GRANTS TO EXTERNAL ORGANISATIONS,5109076589,3000.00,2017-05-24,"Development, Enterprise & Environment",Environmental Initiatives
10026178,PREDERI LIMITED,542002,CONSULTANCY-PROJECT MANAGEMENT,5109073599,3000.00,2017-05-19,Communities and Intelligence,Public Health
10027867,PHILIPPA JACKSON,542300,LEGAL FEES,5109069404,3000.00,2017-05-15,Resources,Support Costs
12001023,MEDIAEDGE:CIA T/A MEC: ACTIVE ENGAG,540017,RADIO TV PRESS POSTER CINEMA AIRTIME AND SPACE,5109074376,3000.00,2017-05-25,External Affairs,Cultural & related services
14000615,CAPITA SYMONDS LTD,542002,CONSULTANCY-PROJECT MANAGEMENT,5109054370,3000.00,2017-05-17,Housing & Land,Housing & Land Services
10001983,TEMPLE GROUP LTD,542002,CONSULTANCY-PROJECT MANAGEMENT,5109072961,2937.06,2017-05-18,Housing & Land,Housing & Land Services
10027493,AMY LAMÉ LTD,542355,OTHER PROFESSIONAL FEES,5109062256,2916.66,2017-05-09,Communities and Intelligence,Cultural & related services
10001984,TURNER & TOWNSEND PROJECT MAGAG,542002,CONSULTANCY-PROJECT MANAGEMENT,5109064624,2851.77,2017-05-24,Housing & Land,Housing & Land Services
16001106,LINDE AG,544075,GRANTS TO EXTERNAL ORGANISATIONS,5109067677,2830.99,2017-05-11,"Development, Enterprise & Environment",Environmental Initiatives
10018859,TEST PARTNERS LTD,542100,IT CONSULTANCY,5109065533,2820.00,2017-05-11,Resources,Support Costs
10018859,TEST PARTNERS LTD,542100,IT CONSULTANCY,5109067519,2820.00,2017-05-11,Resources,Support Costs
12001023,MEDIAEDGE:CIA T/A MEC: ACTIVE ENGAG,540018,SOCIAL MEDIA AND DIGITAL ADVERTISING SPACE,5109060490,2745.10,2017-05-10,"Development, Enterprise & Environment",Economic Development
10017245,OCS CATERING,531010,CATERERS SERVICE CHARGES,5109063300,2743.07,2017-05-24,"Development, Enterprise & Environment",Environmental Initiatives
Corp Card,NATWEST CORPORATE CREDIT CARD,520410,Business Fares,100061697,2718.78,2017-05-15,Private Office,Economic Development
12000810,ALLEN LANE FINANCIAL RECRUITMENT,502000,AGENCY STAFF,5109072407,2700.00,2017-05-17,Resources,Support Costs
10003560,EVERSHEDS SUTHERLAND (INT) LLP,542300,LEGAL FEES,5109066899,2616.00,2017-05-09,Housing & Land,Housing & Land Services
10024343,ITM POWER TRADING LTD,544075,GRANTS TO EXTERNAL ORGANISATIONS,5109073008,2553.79,2017-05-18,"Development, Enterprise & Environment",Environmental Initiatives
10027586,CASTLE WATER LIMITED,510300,WATER,1900040182,2540.25,2017-05-25,Resources,Support Costs
10027643,DISCOVERY GAMES UK,540019,EXTERNAL EVENTS ROADS SHOWS AND FACE TO FACE,5109060503,2518.00,2017-05-08,External Affairs,Cultural & related services
10009148,TMP (UK) LTD,504000,RECRUITMENT ADVERTISING,5109054198,2515.35,2017-05-12,Resources,Support Costs
16001138,AMAZON.COM INC.,536000,MANAGE IT SERVICES,5109045776,2502.38,2017-05-05,Resources,Support Costs
10025132,AGL COMMUNICATIONS OR AGL,504200,STAFF TRAINING,5109058262,2500.00,2017-05-02,Communities and Intelligence,Community Development
10027663,THE BUSINESS OF CITIES LIMITED,544075,GRANTS TO EXTERNAL ORGANISATIONS,5109063667,2500.00,2017-05-22,Communities and Intelligence,Economic Development
15050001,MG 1996 Limited,542355,OTHER PROFESSIONAL FEES,1900040217,2500.00,2017-05-16,Communities and Intelligence,Cultural & related services
10016684,BENUGO,531010,CATERERS SERVICE CHARGES,5108905749,2292.50,2017-05-09,Communities and Intelligence,Community Development
10003560,EVERSHEDS SUTHERLAND (INT) LLP,542300,LEGAL FEES,5109066895,2289.00,2017-05-09,Housing & Land,Housing & Land Services
14000000,HAYS SPECIALIST RECRUITMENT LTD,504020,RECRUITMENT AGENCY FEES,5109042233,2288.30,2017-05-24,Resources,Support Costs
14000000,HAYS SPECIALIST RECRUITMENT LTD,502000,AGENCY STAFF,5109050137,2244.69,2017-05-03,External Affairs,Support Costs
10011017,CORPORATE DOCUMENT SERVICES LTD,540100,PHOTOGRAPHY & VIDEO,5109070414,2235.45,2017-05-24,"Development, Enterprise & Environment",Economic Development
10020189,URBAN BEINGS LIMITED,540015,PRODUCTION ARTWORK AND DESIGN FOR MARKETING,5109068085,2227.50,2017-05-15,"Development, Enterprise & Environment",Development Control
10000187,CIPFA BUSINESS LTD,533100,PUBLICATIONS & PERIODICALS,5109060064,2223.75,2017-05-02,Resources,Corporate and democratic core
10011017,CORPORATE DOCUMENT SERVICES LTD,540015,PRODUCTION ARTWORK AND DESIGN FOR MARKETING,5109072676,2219.70,2017-05-25,Communities and Intelligence,Community Development
10026444,BROWSER LONDON LTD,542355,OTHER PROFESSIONAL FEES,5109063515,2160.68,2017-05-10,"Development, Enterprise & Environment",Economic Development
10016944,IMPACT DISTRIBUTION SERVICES LTD,540019,EXTERNAL EVENTS ROADS SHOWS AND FACE TO FACE,5109077883,2080.00,2017-05-25,External Affairs,Cultural & related services
10020278,SLR CONSULTING LIMITED,542000,MANAGEMENT & SUPPORT CONSULTANCY,5109067900,2075.00,2017-05-10,"Development, Enterprise & Environment",Environmental Initiatives
15050001,BBC Public Service Broadcasting,542500,MISCELLANEOUS COSTS,1900040276,2058.00,2017-05-22,External Affairs,Cultural & related services
10017470,COMPUTACENTER,536300,COMPUTER HARDWARE,5109057841,2028.36,2017-05-17,Resources,Capital
10022165,KEYTREE LTD,542002,CONSULTANCY-PROJECT MANAGEMENT,5109067468,1957.01,2017-05-11,Housing,Capital
10017232,CBRE MANAGED SERVICES LIMITED,510000,BUILDING MAINTENANCE & REPAIRS,5109068702,1952.69,2017-05-24,Resources,Support Costs
10007488,THE UNIVERSITY OF READING,504200,STAFF TRAINING,5109077382,1950.00,2017-05-24,Resources,Support Costs
10009148,TMP (UK) LTD,504000,RECRUITMENT ADVERTISING,5109054171,1920.26,2017-05-12,Resources,Support Costs
10005636,PITNEY BOWES LTD,535300,POSTAGE,5109057717,1899.25,2017-05-05,Resources,Support Costs
10017470,COMPUTACENTER,536300,COMPUTER HARDWARE,5109063325,1877.61,2017-05-24,Resources,Capital
10017470,COMPUTACENTER,536510,SOFTWARE MAINTENANCE,5109052906,1851.60,2017-05-12,Resources,Support Costs
10027586,CASTLE WATER LIMITED,510300,WATER,1900040190,1829.75,2017-05-25,Resources,Support Costs
10027810,MOBILOO,540019,EXTERNAL EVENTS ROADS SHOWS AND FACE TO FACE,5109053535,1800.00,2017-05-08,External Affairs,Cultural & related services
10017245,OCS CATERING,531010,CATERERS SERVICE CHARGES,5109063211,1767.00,2017-05-24,Communities and Intelligence,Childrens and education services
10022064,PRECISE MEDIA MONITORING LTD,540031,MONITORING OF PR AND SOCIAL MEDIA,5109073693,1750.00,2017-05-25,External Affairs,Corporate and democratic core
10017470,COMPUTACENTER,536300,COMPUTER HARDWARE,5109057805,1733.26,2017-05-17,Resources,Support Costs
14000000,HAYS SPECIALIST RECRUITMENT LTD,502000,AGENCY STAFF,5109052948,1727.75,2017-05-09,Resources,Support Costs
10024533,MARTIN ARNOLD ASSOCIATES LLP,510000,BUILDING MAINTENANCE & REPAIRS,5109064550,1725.00,2017-05-09,Housing & Land,Housing & Land Services
14000000,HAYS SPECIALIST RECRUITMENT LTD,502000,AGENCY STAFF,5109050063,1720.45,2017-05-03,Resources,Support Costs
14000000,HAYS SPECIALIST RECRUITMENT LTD,502000,AGENCY STAFF,5109064658,1720.45,2017-05-24,Resources,Support Costs
10022165,KEYTREE LTD,542002,CONSULTANCY-PROJECT MANAGEMENT,5109067465,1712.50,2017-05-11,Housing,Capital
10000545,O2 UK LIMITED,535020,"MOBILE PHONE LINE RENT, CALLS & EQUIPMENT",5109065395,1686.00,2017-05-12,Assembly & Secretariat,Corporate and democratic core
15050001,Expenses Paid to Third Parties,542500,MISCELLANEOUS COSTS,1900039842,1671.78,2017-05-18,Communities and Intelligence,Economic Development
15050001,Liverpool Sound City Limited,542355,OTHER PROFESSIONAL FEES,1900040249,1666.67,2017-05-11,Communities and Intelligence,Cultural & related services
10000233,DOTTED EYES,533101,DATA PURCHASE,5109074492,1600.00,2017-05-22,Communities and Intelligence,Cultural & related services
15050001,Foreign & Common Wealth Office - British Embassy,538000,BUSINESS ENTERTAINING,1900040270,1555.17,2017-05-26,Private Office,Economic Development
10016938,ICM RESEARCH LIMITED,540024,RESEARCH FOR MARKETING CAMPAIGNS AND ACTIVITIES,5109053200,1550.00,2017-05-03,External Affairs,Cultural & related services
10018859,TEST PARTNERS LTD,542100,IT CONSULTANCY,5109065543,1515.00,2017-05-11,Resources,Support Costs
10002789,GVA GRIMLEY LTD,542001,CONSULTANCY  EVALUATION ASSESSMENT,5109062559,1500.00,2017-05-24,Housing,Housing services
10022820,STRAIGHT FWRD COMMUNICATIONS LTD,540013,PHOTOGRAPHY AND VIDEO DESIGN AND PRODUCTION,5109072028,1500.00,2017-05-19,External Affairs,Support Costs
16001151,K&S ACCORDION BAND,540019,EXTERNAL EVENTS ROADS SHOWS AND FACE TO FACE,5109076684,1500.00,2017-05-26,External Affairs,Cultural & related services
10027834,PETER PETTS,542300,LEGAL FEES,5109057755,1500.00,2017-05-10,Housing & Land,Housing & Land Services
10020189,URBAN BEINGS LIMITED,540015,PRODUCTION ARTWORK AND DESIGN FOR MARKETING,5109074503,1462.50,2017-05-22,"Development, Enterprise & Environment",Development Control
Corp Card,NATWEST CORPORATE CREDIT CARD,537000,Hotel Accommodation,100061698,1454.32,2017-05-15,Private Office,Economic Development
14000000,HAYS SPECIALIST RECRUITMENT LTD,502000,AGENCY STAFF,5109050093,1424.92,2017-05-03,Housing & Land,Housing & Land Services
Corp Card,NATWEST CORPORATE CREDIT CARD,520410,Business Fares,100061699,1422.37,2017-05-15,Private Office,Economic Development
14000000,HAYS SPECIALIST RECRUITMENT LTD,502010,SECONDED STAFF,5109057732,1421.76,2017-05-17,Communities and Intelligence,Community Development
14000000,HAYS SPECIALIST RECRUITMENT LTD,502000,AGENCY STAFF,5109042232,1415.52,2017-05-02,External Affairs,Community Development
10022820,STRAIGHT FWRD COMMUNICATIONS LTD,540013,PHOTOGRAPHY AND VIDEO DESIGN AND PRODUCTION,5109074577,1400.00,2017-05-23,External Affairs,Cultural & related services
15050001,SHEPHARD & MOYES LTD,504200,STAFF TRAINING,1900040194,1400.00,2017-05-05,Communities and Intelligence,Cultural & related services
10020189,URBAN BEINGS LIMITED,540015,PRODUCTION ARTWORK AND DESIGN FOR MARKETING,5109060482,1395.00,2017-05-03,"Development, Enterprise & Environment",Development Control
14000000,HAYS SPECIALIST RECRUITMENT LTD,502000,AGENCY STAFF,5109057746,1382.20,2017-05-17,Resources,Support Costs
14000000,HAYS SPECIALIST RECRUITMENT LTD,502000,AGENCY STAFF,5109062897,1382.20,2017-05-24,Resources,Support Costs
10012005,CONFLICT MANAGEMENT PLUS LTD,504500,STAFF WELFARE BENEFITS,5109073905,1381.00,2017-05-19,Communities and Intelligence,Childrens and education services
10004598,PORT OF LONDON AUTHORITY,542355,OTHER PROFESSIONAL FEES,5109054163,1376.70,2017-05-02,Housing & Land,Housing & Land Services
10017245,OCS CATERING,531030,REFRESHMENTS/MEALS AT MEETINGS,5109059898,1374.62,2017-05-23,Communities and Intelligence,Community Development
10020024,KAIROS TRAINING LIMITED,504200,STAFF TRAINING,5109068089,1372.45,2017-05-18,Assembly & Secretariat,Corporate and democratic core
10017245,OCS CATERING,537100,EXTERNAL MEETING ROOM HIRE & EXPENSES,5109060485,1334.38,2017-05-23,Resources,Support Costs
14000000,HAYS SPECIALIST RECRUITMENT LTD,502000,AGENCY STAFF,5109049607,1322.40,2017-05-02,"Development, Enterprise & Environment",Highways and transport services
14000000,HAYS SPECIALIST RECRUITMENT LTD,502000,AGENCY STAFF,5109054126,1322.40,2017-05-10,"Development, Enterprise & Environment",Highways and transport services
10027755,DAY TO DAY SOFTWARE LTD,542100,IT CONSULTANCY,5109068599,1317.00,2017-05-15,Resources,Support Costs
10027755,DAY TO DAY SOFTWARE LTD,542100,IT CONSULTANCY,5109074530,1317.00,2017-05-23,Resources,Support Costs
10017245,OCS CATERING,531010,CATERERS SERVICE CHARGES,5109054561,1314.21,2017-05-22,"Development, Enterprise & Environment",Environmental Initiatives
10017470,COMPUTACENTER,536510,SOFTWARE MAINTENANCE,5109052905,1302.40,2017-05-12,Resources,Support Costs
10011017,CORPORATE DOCUMENT SERVICES LTD,533000,PRINTING,5109059782,1291.50,2017-05-24,Communities and Intelligence,Cultural & related services
10017486,ENVIRONMENT AGENCY,510010,PROPERTY MANAGEMENT FEES,1900040167,1290.00,2017-05-17,Resources,Support Costs
10025083,GNEWT,544075,GRANTS TO EXTERNAL ORGANISATIONS,5109042062,1288.00,2017-05-12,"Development, Enterprise & Environment",Environmental Initiatives
10009148,TMP (UK) LTD,504000,RECRUITMENT ADVERTISING,5109063892,1265.86,2017-05-24,Resources,Support Costs
14000000,HAYS SPECIALIST RECRUITMENT LTD,502000,AGENCY STAFF,5109050158,1264.80,2017-05-03,Private Office,Corporate and democratic core
15050001,Celestine Catering Company,531010,CATERERS SERVICE CHARGES,1900040111,1253.50,2017-05-05,"Development, Enterprise & Environment",Environmental Initiatives
10009148,TMP (UK) LTD,504000,RECRUITMENT ADVERTISING,5109063896,1247.45,2017-05-24,Resources,Support Costs
10017245,OCS CATERING,531010,CATERERS SERVICE CHARGES,5109053269,1225.72,2017-05-10,Assembly & Secretariat,Corporate and democratic core
10021208,RAPLEYS LLP,537100,EXTERNAL MEETING ROOM HIRE & EXPENSES,5109064047,1215.00,2017-05-11,Housing,Housing services
10012282,CUSHMAN & WAKEFIELD LLP,542001,CONSULTANCY  EVALUATION ASSESSMENT,5109074406,1200.00,2017-05-25,Housing,Housing services
10016694,BOW TIE,536000,MANAGE IT SERVICES,5109064666,1200.00,2017-05-08,Resources,Support Costs
14000000,HAYS SPECIALIST RECRUITMENT LTD,502010,SECONDED STAFF,5109062961,1196.70,2017-05-24,Communities and Intelligence,Community Development
14000000,HAYS SPECIALIST RECRUITMENT LTD,502000,AGENCY STAFF,5109050156,1184.80,2017-05-03,External Affairs,Community Development
14000000,HAYS SPECIALIST RECRUITMENT LTD,502010,SECONDED STAFF,5109053715,1184.80,2017-05-09,Communities and Intelligence,Community Development
14000000,HAYS SPECIALIST RECRUITMENT LTD,504020,RECRUITMENT AGENCY FEES,5109052956,1179.56,2017-05-10,Communities and Intelligence,Cultural & related services
10027783,CAVALIER COMMUNICATIONS LIMITED,540019,EXTERNAL EVENTS ROADS SHOWS AND FACE TO FACE,5109054915,1176.00,2017-05-17,External Affairs,Support Costs
14000000,HAYS SPECIALIST RECRUITMENT LTD,504020,RECRUITMENT AGENCY FEES,5109051540,1144.25,2017-05-10,Communities and Intelligence,Cultural & related services
10000545,O2 UK LIMITED,535020,"MOBILE PHONE LINE RENT, CALLS & EQUIPMENT",5109065424,1124.00,2017-05-11,External Affairs,Community Development
Corp Card,NATWEST CORPORATE CREDIT CARD,537000,Hotel Accommodation,100061692,1110.13,2017-05-15,Private Office,Economic Development
13000063,EDF ENERGY,510100,ELECTRICITY,1900001910,1101.80,2017-05-02,Housing & Land,Housing & Land Services
14000000,HAYS SPECIALIST RECRUITMENT LTD,502000,AGENCY STAFF,5109052857,1081.00,2017-05-08,Resources,Support Costs
14000000,HAYS SPECIALIST RECRUITMENT LTD,502000,AGENCY STAFF,5109060615,1081.00,2017-05-17,Resources,Support Costs
14000000,HAYS SPECIALIST RECRUITMENT LTD,502000,AGENCY STAFF,5109060622,1081.00,2017-05-17,Resources,Support Costs
14000000,HAYS SPECIALIST RECRUITMENT LTD,502000,AGENCY STAFF,5109065311,1081.00,2017-05-26,Resources,Support Costs
10007464,CROWN WORLDWIDE LTD,533040,DOCUMENT ARCHIVE & STORAGE,5109063745,1068.02,2017-05-10,Resources,Support Costs
14000000,HAYS SPECIALIST RECRUITMENT LTD,502000,AGENCY STAFF,5109057790,1057.92,2017-05-17,"Development, Enterprise & Environment",Highways and transport services
14000000,HAYS SPECIALIST RECRUITMENT LTD,502000,AGENCY STAFF,5109050172,1054.00,2017-05-03,Private Office,Corporate and democratic core
14000000,HAYS SPECIALIST RECRUITMENT LTD,502000,AGENCY STAFF,5109052909,1054.00,2017-05-09,Private Office,Corporate and democratic core
14000000,HAYS SPECIALIST RECRUITMENT LTD,502000,AGENCY STAFF,5109057796,1054.00,2017-05-17,Private Office,Corporate and democratic core
10009148,TMP (UK) LTD,504000,RECRUITMENT ADVERTISING,5109063899,1053.18,2017-05-24,Resources,Support Costs
14000000,HAYS SPECIALIST RECRUITMENT LTD,502000,AGENCY STAFF,5109054111,1051.20,2017-05-18,External Affairs,Support Costs
14000000,HAYS SPECIALIST RECRUITMENT LTD,502000,AGENCY STAFF,5109050168,1049.35,2017-05-03,Private Office,Corporate and democratic core
14000000,HAYS SPECIALIST RECRUITMENT LTD,502000,AGENCY STAFF,5109057770,1040.25,2017-05-17,"Development, Enterprise & Environment",Highways and transport services
14000000,HAYS SPECIALIST RECRUITMENT LTD,502000,AGENCY STAFF,5109064652,1040.25,2017-05-24,"Development, Enterprise & Environment",Highways and transport services
10003560,EVERSHEDS SUTHERLAND (INT) LLP,542300,LEGAL FEES,5109060122,1030.00,2017-05-16,Housing & Land,Housing & Land Services
14000000,HAYS SPECIALIST RECRUITMENT LTD,502000,AGENCY STAFF,5109057772,1026.38,2017-05-17,"Development, Enterprise & Environment",Highways and transport services
14000000,HAYS SPECIALIST RECRUITMENT LTD,502000,AGENCY STAFF,5109057734,1021.94,2017-05-17,"Development, Enterprise & Environment",Highways and transport services
14000000,HAYS SPECIALIST RECRUITMENT LTD,502000,AGENCY STAFF,5109057735,1021.94,2017-05-17,"Development, Enterprise & Environment",Highways and transport services
Corp Card,NATWEST CORPORATE CREDIT CARD,537000,Hotel Accommodation,100061698,1007.21,2017-05-15,Private Office,Economic Development
15050001,Expenses Paid to Third Parties,542355,OTHER PROFESSIONAL FEES,1900040185,1000.00,2017-05-05,Communities and Intelligence,Cultural & related services
15050001,Expenses Paid to Third Parties,542355,OTHER PROFESSIONAL FEES,1900040186,1000.00,2017-05-05,Communities and Intelligence,Cultural & related services
10007311,DODS PARLIAMENTARY COMMS LTD,504200,STAFF TRAINING,5109051535,975.00,2017-05-25,Resources,Support Costs
10017470,COMPUTACENTER,536300,COMPUTER HARDWARE,5109058222,958.96,2017-05-17,Resources,Support Costs
13002562,C-ELECT ASSOCIATES LTD,510000,BUILDING MAINTENANCE & REPAIRS,5109054725,958.10,2017-05-17,Housing & Land,Housing & Land Services
10022820,STRAIGHT FWRD COMMUNICATIONS LTD,540100,PHOTOGRAPHY & VIDEO,5109051647,950.00,2017-05-11,"Development, Enterprise & Environment",Planning services
14000000,HAYS SPECIALIST RECRUITMENT LTD,502000,AGENCY STAFF,5109050026,943.50,2017-05-03,Communities and Intelligence,Cultural & related services
14000000,HAYS SPECIALIST RECRUITMENT LTD,502000,AGENCY STAFF,5109052963,943.50,2017-05-09,Communities and Intelligence,Cultural & related services
10024878,JACKFRANCIS MEDIA LTD,540019,EXTERNAL EVENTS ROADS SHOWS AND FACE TO FACE,5109068687,934.16,2017-05-11,External Affairs,Support Costs
14000000,HAYS SPECIALIST RECRUITMENT LTD,502000,AGENCY STAFF,5109050043,928.70,2017-05-03,"Development, Enterprise & Environment",Highways and transport services
14000000,HAYS SPECIALIST RECRUITMENT LTD,502000,AGENCY STAFF,5109053827,928.70,2017-05-08,"Development, Enterprise & Environment",Highways and transport services
14000000,HAYS SPECIALIST RECRUITMENT LTD,502000,AGENCY STAFF,5109051542,920.64,2017-05-03,Resources,Support Costs
14000000,HAYS SPECIALIST RECRUITMENT LTD,502000,AGENCY STAFF,5109062979,911.70,2017-05-24,Communities and Intelligence,Cultural & related services
10017245,OCS CATERING,531030,REFRESHMENTS/MEALS AT MEETINGS,5109059120,904.40,2017-05-23,Communities and Intelligence,Community Development
10027783,CAVALIER COMMUNICATIONS LIMITED,540019,EXTERNAL EVENTS ROADS SHOWS AND FACE TO FACE,5109054914,900.00,2017-05-17,External Affairs,Support Costs
10027810,MOBILOO,540019,EXTERNAL EVENTS ROADS SHOWS AND FACE TO FACE,5109053535,900.00,2017-05-08,External Affairs,Cultural & related services
10015652,2CL COMMUNICATIONS LIMITED,530000,FURNITURE & EQUIPMENT,5109074440,890.00,2017-05-24,Resources,Support Costs
10017245,OCS CATERING,531010,CATERERS SERVICE CHARGES,5109063299,884.62,2017-05-24,Resources,Support Costs
14000000,HAYS SPECIALIST RECRUITMENT LTD,502000,AGENCY STAFF,5109052954,880.40,2017-05-16,Resources,Support Costs
10027755,DAY TO DAY SOFTWARE LTD,542100,IT CONSULTANCY,5109060509,878.00,2017-05-05,Resources,Support Costs
10027755,DAY TO DAY SOFTWARE LTD,542100,IT CONSULTANCY,5109067510,878.00,2017-05-11,Resources,Support Costs
14000000,HAYS SPECIALIST RECRUITMENT LTD,502000,AGENCY STAFF,5109062949,873.60,2017-05-24,Private Office,Corporate and democratic core
Corp Card,NATWEST CORPORATE CREDIT CARD,537000,Hotel Accommodation,100061692,871.64,2017-05-15,Private Office,Economic Development
14000000,HAYS SPECIALIST RECRUITMENT LTD,502000,AGENCY STAFF,5109054860,864.80,2017-05-15,Resources,Support Costs
Corp Card,NATWEST CORPORATE CREDIT CARD,520410,Business Fares,100061698,860.37,2017-05-15,Private Office,Economic Development
14000000,HAYS SPECIALIST RECRUITMENT LTD,502000,AGENCY STAFF,5109062950,858.40,2017-05-24,Private Office,Corporate and democratic core
10016694,BOW TIE,540100,PHOTOGRAPHY & VIDEO,5109078229,855.24,2017-05-26,Private Office,Corporate and democratic core
14000000,HAYS SPECIALIST RECRUITMENT LTD,502000,AGENCY STAFF,5109051539,852.80,2017-05-03,Resources,Support Costs
10017470,COMPUTACENTER,536300,COMPUTER HARDWARE,5109063346,848.98,2017-05-24,Housing,Housing services
14000000,HAYS SPECIALIST RECRUITMENT LTD,502000,AGENCY STAFF,5109050123,844.92,2017-05-03,"Development, Enterprise & Environment",Development Control
14000000,HAYS SPECIALIST RECRUITMENT LTD,502000,AGENCY STAFF,5109057794,843.20,2017-05-17,Private Office,Corporate and democratic core
14000000,HAYS SPECIALIST RECRUITMENT LTD,504020,RECRUITMENT AGENCY FEES,5109050066,840.36,2017-05-03,Assembly & Secretariat,Corporate and democratic core
10014246,ROYAL INSTITUTION OF CHARTERED SURV,504200,STAFF TRAINING,5109049513,836.00,2017-05-03,Housing,Housing services
14000000,HAYS SPECIALIST RECRUITMENT LTD,502000,AGENCY STAFF,5109049615,823.60,2017-05-02,Resources,Support Costs
14000000,HAYS SPECIALIST RECRUITMENT LTD,502000,AGENCY STAFF,5109049617,823.60,2017-05-02,Resources,Support Costs
10012154,DEEPSTORE,533040,DOCUMENT ARCHIVE & STORAGE,5109065291,819.24,2017-05-09,Resources,Support Costs
10000428,THE PRESS ASSOCIATION LTD,540030,PR COST PRODUCT COST & PR FEES,5109065289,816.57,2017-05-26,External Affairs,Corporate and democratic core
14000000,HAYS SPECIALIST RECRUITMENT LTD,502000,AGENCY STAFF,5109050095,814.24,2017-05-03,Housing & Land,Housing & Land Services
14000000,HAYS SPECIALIST RECRUITMENT LTD,502000,AGENCY STAFF,5109053713,814.24,2017-05-09,Housing & Land,Housing & Land Services
14000000,HAYS SPECIALIST RECRUITMENT LTD,502000,AGENCY STAFF,5109057744,814.24,2017-05-17,Housing & Land,Housing & Land Services
14000000,HAYS SPECIALIST RECRUITMENT LTD,502000,AGENCY STAFF,5109062959,812.00,2017-05-24,Resources,Support Costs
10004044,WORDWAVE INTERNATIONAL LTD T/A DTI,542322,TRANSCRIPTION,5109072059,810.00,2017-05-16,Assembly & Secretariat,Corporate and democratic core
10017653,SOUTHWARK CATHEDRAL ENTERPRISES LTD,537100,EXTERNAL MEETING ROOM HIRE & EXPENSES,5109063975,810.00,2017-05-25,Assembly & Secretariat,Corporate and democratic core
10003560,EVERSHEDS SUTHERLAND (INT) LLP,542300,LEGAL FEES,5109072842,809.00,2017-05-18,Housing & Land,Housing & Land Services
10012289,JAMES O JENKINS,540100,PHOTOGRAPHY & VIDEO,5109065305,800.00,2017-05-10,"Development, Enterprise & Environment",Environmental Initiatives
10000428,THE PRESS ASSOCIATION LTD,540030,PR COST PRODUCT COST & PR FEES,5109042149,799.07,2017-05-02,External Affairs,Corporate and democratic core
10000428,THE PRESS ASSOCIATION LTD,540030,PR COST PRODUCT COST & PR FEES,5109045790,799.07,2017-05-02,External Affairs,Corporate and democratic core
14000000,HAYS SPECIALIST RECRUITMENT LTD,502000,AGENCY STAFF,5109052910,794.00,2017-05-09,Resources,Support Costs
14000000,HAYS SPECIALIST RECRUITMENT LTD,504020,RECRUITMENT AGENCY FEES,5109051532,782.70,2017-05-03,Assembly & Secretariat,Corporate and democratic core
Corp Card,NATWEST CORPORATE CREDIT CARD,537000,Hotel Accommodation,100061698,781.52,2017-05-15,Private Office,Economic Development
14000000,HAYS SPECIALIST RECRUITMENT LTD,502000,AGENCY STAFF,5109064655,780.35,2017-05-24,Resources,Support Costs
14000000,HAYS SPECIALIST RECRUITMENT LTD,502000,AGENCY STAFF,5109064657,780.35,2017-05-24,Resources,Support Costs
14000000,HAYS SPECIALIST RECRUITMENT LTD,502000,AGENCY STAFF,5109051544,780.10,2017-05-03,Private Office,Corporate and democratic core
10022064,PRECISE MEDIA MONITORING LTD,540031,MONITORING OF PR AND SOCIAL MEDIA,5109073695,780.00,2017-05-25,External Affairs,Corporate and democratic core
14000000,HAYS SPECIALIST RECRUITMENT LTD,502000,AGENCY STAFF,5109044260,777.46,2017-05-22,"Development, Enterprise & Environment",Development Control
14000000,HAYS SPECIALIST RECRUITMENT LTD,504020,RECRUITMENT AGENCY FEES,5109052950,775.72,2017-05-09,Assembly & Secretariat,Corporate and democratic core
10022213,TROWERS & HAMLINS LLP,542300,LEGAL FEES,5109054847,774.00,2017-05-02,Housing,Housing services
14000000,HAYS SPECIALIST RECRUITMENT LTD,502000,AGENCY STAFF,5109052891,772.20,2017-05-09,Resources,Support Costs
Corp Card,NATWEST CORPORATE CREDIT CARD,520410,Business Fares,100061692,771.02,2017-05-15,Private Office,Economic Development
14000000,HAYS SPECIALIST RECRUITMENT LTD,504020,RECRUITMENT AGENCY FEES,5109063031,765.44,2017-05-24,Communities and Intelligence,Cultural & related services
10009148,TMP (UK) LTD,504000,RECRUITMENT ADVERTISING,5109058110,763.81,2017-05-17,Resources,Support Costs
10017470,COMPUTACENTER,536510,SOFTWARE MAINTENANCE,5109050008,758.74,2017-05-09,Resources,Support Costs
14000000,HAYS SPECIALIST RECRUITMENT LTD,502000,AGENCY STAFF,5109060436,754.80,2017-05-17,Communities and Intelligence,Cultural & related services
14000000,HAYS SPECIALIST RECRUITMENT LTD,502000,AGENCY STAFF,5109051543,751.10,2017-05-03,Resources,Support Costs
14000000,HAYS SPECIALIST RECRUITMENT LTD,502000,AGENCY STAFF,5109057801,751.10,2017-05-17,Resources,Support Costs
10019433,THE SOCIAL ELEMENT LIMITED,540019,EXTERNAL EVENTS ROADS SHOWS AND FACE TO FACE,5109066849,750.00,2017-05-09,External Affairs,Cultural & related services
14000000,HAYS SPECIALIST RECRUITMENT LTD,502000,AGENCY STAFF,5109052899,750.00,2017-05-09,Communities and Intelligence,Public Health
14000000,HAYS SPECIALIST RECRUITMENT LTD,502000,AGENCY STAFF,5109052902,750.00,2017-05-09,Communities and Intelligence,Public Health
14000000,HAYS SPECIALIST RECRUITMENT LTD,502000,AGENCY STAFF,5109052944,749.35,2017-05-09,Resources,Support Costs
10000545,O2 UK LIMITED,535020,"MOBILE PHONE LINE RENT, CALLS & EQUIPMENT",5109065455,749.00,2017-05-11,Private Office,Economic Development
14000000,HAYS SPECIALIST RECRUITMENT LTD,502000,AGENCY STAFF,5109050031,746.20,2017-05-03,Resources,Support Costs
14000000,HAYS SPECIALIST RECRUITMENT LTD,502000,AGENCY STAFF,5109060443,745.50,2017-05-17,Assembly & Secretariat,Corporate and democratic core
10000772,DENTONS UKMEA LLP,542300,LEGAL FEES,5109077209,743.00,2017-05-24,Housing & Land,Housing & Land Services
14000000,HAYS SPECIALIST RECRUITMENT LTD,502000,AGENCY STAFF,5109054864,742.96,2017-05-15,"Development, Enterprise & Environment",Highways and transport services
14000000,HAYS SPECIALIST RECRUITMENT LTD,502000,AGENCY STAFF,5109060430,742.96,2017-05-22,"Development, Enterprise & Environment",Highways and transport services
Corp Card,NATWEST CORPORATE CREDIT CARD,520410,Business Fares,100061698,740.80,2017-05-15,Private Office,Economic Development
14000000,HAYS SPECIALIST RECRUITMENT LTD,504020,RECRUITMENT AGENCY FEES,5109057723,740.15,2017-05-17,Assembly & Secretariat,Corporate and democratic core
Corp Card,NATWEST CORPORATE CREDIT CARD,520410,Business Fares,100061692,735.00,2017-05-15,Private Office,Economic Development
14000000,HAYS SPECIALIST RECRUITMENT LTD,502000,AGENCY STAFF,5109049612,731.73,2017-05-04,Resources,Support Costs
15050001,Impact Trading UK Ltd,540200,MARKETING DESIGN & ARTWORK,1900040250,725.00,2017-05-16,Communities and Intelligence,Community Development
10011017,CORPORATE DOCUMENT SERVICES LTD,540015,PRODUCTION ARTWORK AND DESIGN FOR MARKETING,5109059784,720.72,2017-05-24,External Affairs,Cultural & related services
Corp Card,NATWEST CORPORATE CREDIT CARD,520410,Business Fares,100061692,719.00,2017-05-15,Private Office,Economic Development
Corp Card,NATWEST CORPORATE CREDIT CARD,520410,Business Fares,100061692,719.00,2017-05-15,Private Office,Economic Development
14000000,HAYS SPECIALIST RECRUITMENT LTD,502000,AGENCY STAFF,5109050143,718.93,2017-05-03,External Affairs,Community Development
14000000,HAYS SPECIALIST RECRUITMENT LTD,502000,AGENCY STAFF,5109060438,715.68,2017-05-17,Assembly & Secretariat,Corporate and democratic core
14000000,HAYS SPECIALIST RECRUITMENT LTD,502000,AGENCY STAFF,5109062962,697.32,2017-05-24,Resources,Support Costs
14000000,HAYS SPECIALIST RECRUITMENT LTD,502000,AGENCY STAFF,5109062978,693.38,2017-05-24,Communities and Intelligence,Cultural & related services
14000000,HAYS SPECIALIST RECRUITMENT LTD,502000,AGENCY STAFF,5109052864,680.05,2017-05-09,Resources,Support Costs
14000000,HAYS SPECIALIST RECRUITMENT LTD,502000,AGENCY STAFF,5109050135,677.49,2017-05-09,Communities and Intelligence,Cultural & related services
14000000,HAYS SPECIALIST RECRUITMENT LTD,502000,AGENCY STAFF,5109042168,674.53,2017-05-18,Communities and Intelligence,Cultural & related services
14000000,HAYS SPECIALIST RECRUITMENT LTD,502000,AGENCY STAFF,5109042200,674.53,2017-05-17,Communities and Intelligence,Cultural & related services
14000000,HAYS SPECIALIST RECRUITMENT LTD,502000,AGENCY STAFF,5109042229,674.53,2017-05-12,Communities and Intelligence,Cultural & related services
14000000,HAYS SPECIALIST RECRUITMENT LTD,502000,AGENCY STAFF,5109046439,674.53,2017-05-22,Communities and Intelligence,Cultural & related services
14000000,HAYS SPECIALIST RECRUITMENT LTD,502000,AGENCY STAFF,5109063041,673.20,2017-05-24,Resources,Support Costs
Corp Card,NATWEST CORPORATE CREDIT CARD,520410,Business Fares,100061698,665.00,2017-05-15,Private Office,Economic Development
14000000,HAYS SPECIALIST RECRUITMENT LTD,504020,RECRUITMENT AGENCY FEES,5109044135,664.68,2017-05-26,Communities and Intelligence,Cultural & related services
10016835,ENTERPRISE PLANTS LTD,510900,HORTICULTURAL EXPENSES,5109064613,663.74,2017-05-09,Resources,Support Costs
14000000,HAYS SPECIALIST RECRUITMENT LTD,504020,RECRUITMENT AGENCY FEES,5109057730,660.32,2017-05-17,Communities and Intelligence,Cultural & related services
10000545,O2 UK LIMITED,535020,"MOBILE PHONE LINE RENT, CALLS & EQUIPMENT",5109065391,659.00,2017-05-09,Private Office,Economic Development
14000000,HAYS SPECIALIST RECRUITMENT LTD,502000,AGENCY STAFF,5109057760,651.48,2017-05-17,Resources,Support Costs
14000000,HAYS SPECIALIST RECRUITMENT LTD,502000,AGENCY STAFF,5109050025,650.45,2017-05-03,Communities and Intelligence,Public Health
14000000,HAYS SPECIALIST RECRUITMENT LTD,502000,AGENCY STAFF,5109060431,648.60,2017-05-22,Resources,Support Costs
14000000,HAYS SPECIALIST RECRUITMENT LTD,502000,AGENCY STAFF,5109060626,648.60,2017-05-17,Resources,Support Costs
10023679,REDCENTRIC SOLUTIONS LTD,510000,BUILDING MAINTENANCE & REPAIRS,5109069445,648.06,2017-05-16,Resources,Support Costs
14000000,HAYS SPECIALIST RECRUITMENT LTD,502000,AGENCY STAFF,5109063026,642.84,2017-05-24,Private Office,Corporate and democratic core
10017470,COMPUTACENTER,536300,COMPUTER HARDWARE,5109063537,638.49,2017-05-24,Communities and Intelligence,Cultural & related services
10027783,CAVALIER COMMUNICATIONS LIMITED,540019,EXTERNAL EVENTS ROADS SHOWS AND FACE TO FACE,5109064593,635.00,2017-05-08,External Affairs,Support Costs
14000000,HAYS SPECIALIST RECRUITMENT LTD,502000,AGENCY STAFF,5109060434,632.40,2017-05-17,Private Office,Corporate and democratic core
14000000,HAYS SPECIALIST RECRUITMENT LTD,502000,AGENCY STAFF,5109050068,631.08,2017-05-03,External Affairs,Support Costs
10027189,ROSE GROGAN,542300,LEGAL FEES,5109078539,630.00,2017-05-26,Resources,Support Costs
14000000,HAYS SPECIALIST RECRUITMENT LTD,502000,AGENCY STAFF,5109052952,625.67,2017-05-09,"Development, Enterprise & Environment",Development Control
14000000,HAYS SPECIALIST RECRUITMENT LTD,502000,AGENCY STAFF,5109064661,624.28,2017-05-24,Resources,Support Costs
14000000,HAYS SPECIALIST RECRUITMENT LTD,502000,AGENCY STAFF,5109064662,624.28,2017-05-24,Resources,Support Costs
10013716,PURE,540018,SOCIAL MEDIA AND DIGITAL ADVERTISING SPACE,5109057714,624.00,2017-05-17,External Affairs,Support Costs
14000000,HAYS SPECIALIST RECRUITMENT LTD,502000,AGENCY STAFF,5109063043,620.89,2017-05-24,Resources,Support Costs
14000000,HAYS SPECIALIST RECRUITMENT LTD,504020,RECRUITMENT AGENCY FEES,5109064660,618.34,2017-05-24,Assembly & Secretariat,Corporate and democratic core
Corp Card,NATWEST CORPORATE CREDIT CARD,520410,Business Fares,100061692,613.00,2017-05-15,Private Office,Economic Development
10009148,TMP (UK) LTD,504000,RECRUITMENT ADVERTISING,5109060505,611.05,2017-05-23,Resources,Support Costs
14000000,HAYS SPECIALIST RECRUITMENT LTD,502000,AGENCY STAFF,5109057798,609.00,2017-05-17,Resources,Support Costs
14000000,HAYS SPECIALIST RECRUITMENT LTD,502000,AGENCY STAFF,5109057736,607.64,2017-05-17,"Development, Enterprise & Environment",Highways and transport services
14000000,HAYS SPECIALIST RECRUITMENT LTD,502000,AGENCY STAFF,5109057718,603.90,2017-05-17,Resources,Support Costs
10017736,WYG MANAGEMENT SERVICES,542002,CONSULTANCY-PROJECT MANAGEMENT,5109046135,600.00,2017-05-03,Housing,Housing services
10025699,SITE-EYE TIME-LAPSE FILMS,540100,PHOTOGRAPHY & VIDEO,5109063532,600.00,2017-05-08,"Development, Enterprise & Environment",Environmental Initiatives
15050001,Shrigley Art Limited,542355,OTHER PROFESSIONAL FEES,1900040187,600.00,2017-05-05,Communities and Intelligence,Cultural & related services
13002562,C-ELECT ASSOCIATES LTD,510000,BUILDING MAINTENANCE & REPAIRS,5109060498,600.00,2017-05-05,Housing & Land,Housing & Land Services
13002562,C-ELECT ASSOCIATES LTD,510000,BUILDING MAINTENANCE & REPAIRS,5109078234,600.00,2017-05-26,Housing & Land,Housing & Land Services
14000000,HAYS SPECIALIST RECRUITMENT LTD,504020,RECRUITMENT AGENCY FEES,5109051538,599.85,2017-05-03,Assembly & Secretariat,Corporate and democratic core
14000000,HAYS SPECIALIST RECRUITMENT LTD,504020,RECRUITMENT AGENCY FEES,5109064654,599.85,2017-05-24,Assembly & Secretariat,Corporate and democratic core
10017470,COMPUTACENTER,536300,COMPUTER HARDWARE,5109057839,595.56,2017-05-17,Assembly & Secretariat,Corporate and democratic core
10009923,ECONSULTANCY,504200,STAFF TRAINING,5109067265,595.00,2017-05-10,External Affairs,Support Costs
Corp Card,NATWEST CORPORATE CREDIT CARD,520410,Business Fares,100061692,590.91,2017-05-15,Private Office,Economic Development
14000000,HAYS SPECIALIST RECRUITMENT LTD,502000,AGENCY STAFF,5109062900,590.68,2017-05-24,Communities and Intelligence,Public Health
14000000,HAYS SPECIALIST RECRUITMENT LTD,504020,RECRUITMENT AGENCY FEES,5109057749,588.76,2017-05-17,Assembly & Secretariat,Corporate and democratic core
14000000,HAYS SPECIALIST RECRUITMENT LTD,502000,AGENCY STAFF,5109054123,585.93,2017-05-10,Communities and Intelligence,Cultural & related services
14000000,HAYS SPECIALIST RECRUITMENT LTD,502000,AGENCY STAFF,5109052947,582.54,2017-05-24,"Development, Enterprise & Environment",Highways and transport services
14000000,HAYS SPECIALIST RECRUITMENT LTD,502000,AGENCY STAFF,5109057793,582.54,2017-05-22,"Development, Enterprise & Environment",Highways and transport services
10000545,O2 UK LIMITED,535020,"MOBILE PHONE LINE RENT, CALLS & EQUIPMENT",5109065458,582.00,2017-05-09,Housing,Housing services
14000000,HAYS SPECIALIST RECRUITMENT LTD,502000,AGENCY STAFF,5109050145,580.02,2017-05-03,"Development, Enterprise & Environment",Highways and transport services
10025158,INTEROUTE MANAGED SERVICES UK LTD,536000,MANAGE IT SERVICES,5109059947,577.94,2017-05-24,Resources,Support Costs
14000000,HAYS SPECIALIST RECRUITMENT LTD,502000,AGENCY STAFF,5109052895,577.08,2017-05-12,Communities and Intelligence,Public Health
14000000,HAYS SPECIALIST RECRUITMENT LTD,502000,AGENCY STAFF,5109051537,574.24,2017-05-03,Resources,Support Costs
10000545,O2 UK LIMITED,535020,"MOBILE PHONE LINE RENT, CALLS & EQUIPMENT",5109065404,562.00,2017-05-09,Assembly & Secretariat,Corporate and democratic core
10000545,O2 UK LIMITED,535020,"MOBILE PHONE LINE RENT, CALLS & EQUIPMENT",5109065410,562.00,2017-05-09,External Affairs,Corporate and democratic core
10000545,O2 UK LIMITED,535020,"MOBILE PHONE LINE RENT, CALLS & EQUIPMENT",5109065413,562.00,2017-05-09,External Affairs,Corporate and democratic core
10000545,O2 UK LIMITED,535020,"MOBILE PHONE LINE RENT, CALLS & EQUIPMENT",5109065414,562.00,2017-05-09,External Affairs,Corporate and democratic core
10000545,O2 UK LIMITED,535020,"MOBILE PHONE LINE RENT, CALLS & EQUIPMENT",5109065416,562.00,2017-05-09,External Affairs,Corporate and democratic core
10000545,O2 UK LIMITED,535020,"MOBILE PHONE LINE RENT, CALLS & EQUIPMENT",5109065418,562.00,2017-05-09,External Affairs,Corporate and democratic core
10000545,O2 UK LIMITED,535020,"MOBILE PHONE LINE RENT, CALLS & EQUIPMENT",5109065420,562.00,2017-05-09,External Affairs,Corporate and democratic core
10000545,O2 UK LIMITED,535020,"MOBILE PHONE LINE RENT, CALLS & EQUIPMENT",5109065421,562.00,2017-05-09,External Affairs,Corporate and democratic core
10000545,O2 UK LIMITED,535020,"MOBILE PHONE LINE RENT, CALLS & EQUIPMENT",5109065422,562.00,2017-05-09,External Affairs,Corporate and democratic core
10000545,O2 UK LIMITED,535020,"MOBILE PHONE LINE RENT, CALLS & EQUIPMENT",5109065425,562.00,2017-05-09,External Affairs,Corporate and democratic core
10000545,O2 UK LIMITED,535020,"MOBILE PHONE LINE RENT, CALLS & EQUIPMENT",5109065426,562.00,2017-05-09,External Affairs,Corporate and democratic core
10000545,O2 UK LIMITED,535020,"MOBILE PHONE LINE RENT, CALLS & EQUIPMENT",5109065428,562.00,2017-05-09,External Affairs,Corporate and democratic core
10000545,O2 UK LIMITED,535020,"MOBILE PHONE LINE RENT, CALLS & EQUIPMENT",5109065430,562.00,2017-05-09,External Affairs,Corporate and democratic core
10000545,O2 UK LIMITED,535020,"MOBILE PHONE LINE RENT, CALLS & EQUIPMENT",5109065432,562.00,2017-05-09,External Affairs,Corporate and democratic core
10000545,O2 UK LIMITED,535020,"MOBILE PHONE LINE RENT, CALLS & EQUIPMENT",5109065393,562.00,2017-05-09,Resources,Support Costs
10000545,O2 UK LIMITED,535020,"MOBILE PHONE LINE RENT, CALLS & EQUIPMENT",1900040213,560.29,2017-05-10,Resources,Support Costs
10017470,COMPUTACENTER,536300,COMPUTER HARDWARE,5109051115,552.44,2017-05-16,Resources,Support Costs
10003560,EVERSHEDS SUTHERLAND (INT) LLP,542300,LEGAL FEES,5109066888,549.74,2017-05-09,Housing & Land,Housing & Land Services
10009148,TMP (UK) LTD,504000,RECRUITMENT ADVERTISING,5109060505,548.47,2017-05-23,Resources,Support Costs
14000000,HAYS SPECIALIST RECRUITMENT LTD,502000,AGENCY STAFF,5109050034,544.04,2017-05-03,Resources,Support Costs
14000000,HAYS SPECIALIST RECRUITMENT LTD,502000,AGENCY STAFF,5109057782,544.04,2017-05-17,Resources,Support Costs
14000000,HAYS SPECIALIST RECRUITMENT LTD,502000,AGENCY STAFF,5109064656,544.04,2017-05-24,Resources,Support Costs
14000000,HAYS SPECIALIST RECRUITMENT LTD,502000,AGENCY STAFF,5109057727,540.15,2017-05-17,Communities and Intelligence,Cultural & related services
15050001,Roots and Shoots,542355,OTHER PROFESSIONAL FEES,1900040184,532.25,2017-05-15,Communities and Intelligence,Community Development
10000545,O2 UK LIMITED,535020,"MOBILE PHONE LINE RENT, CALLS & EQUIPMENT",5109067865,525.00,2017-05-10,Private Office,Economic Development
14000000,HAYS SPECIALIST RECRUITMENT LTD,502000,AGENCY STAFF,5109057733,522.12,2017-05-17,Communities and Intelligence,Public Health
14000000,HAYS SPECIALIST RECRUITMENT LTD,502000,AGENCY STAFF,5109060441,521.52,2017-05-26,Assembly & Secretariat,Corporate and democratic core
14000000,HAYS SPECIALIST RECRUITMENT LTD,504020,RECRUITMENT AGENCY FEES,5109050164,521.52,2017-05-03,Assembly & Secretariat,Corporate and democratic core
14000000,HAYS SPECIALIST RECRUITMENT LTD,504020,RECRUITMENT AGENCY FEES,5109054113,521.52,2017-05-10,Assembly & Secretariat,Corporate and democratic core
14000000,HAYS SPECIALIST RECRUITMENT LTD,502000,AGENCY STAFF,5109052957,520.36,2017-05-12,Communities and Intelligence,Public Health
14000000,HAYS SPECIALIST RECRUITMENT LTD,502000,AGENCY STAFF,5109057791,520.36,2017-05-17,Communities and Intelligence,Public Health
10022820,STRAIGHT FWRD COMMUNICATIONS LTD,540100,PHOTOGRAPHY & VIDEO,5109063404,511.35,2017-05-04,"Development, Enterprise & Environment",Planning services
Corp Card,NATWEST CORPORATE CREDIT CARD,520410,Business Fares,100061698,510.50,2017-05-15,Private Office,Economic Development
14000000,HAYS SPECIALIST RECRUITMENT LTD,502000,AGENCY STAFF,5109057774,502.67,2017-05-17,"Development, Enterprise & Environment",Development Control
10022064,PRECISE MEDIA MONITORING LTD,540031,MONITORING OF PR AND SOCIAL MEDIA,5109073696,500.00,2017-05-25,External Affairs,Corporate and democratic core
10022704,ALCOHOL HEALTH NETWORK,504200,STAFF TRAINING,5109064719,500.00,2017-05-08,Resources,Support Costs
10027783,CAVALIER COMMUNICATIONS LIMITED,540019,EXTERNAL EVENTS ROADS SHOWS AND FACE TO FACE,5109058117,500.00,2017-05-16,External Affairs,Support Costs
Corp Card,NATWEST CORPORATE CREDIT CARD,520410,Business Fares,100061698,485.80,2017-05-15,Private Office,Economic Development
10000545,O2 UK LIMITED,535020,"MOBILE PHONE LINE RENT, CALLS & EQUIPMENT",5109065449,485.00,2017-05-09,External Affairs,Corporate and democratic core
10000545,O2 UK LIMITED,535020,"MOBILE PHONE LINE RENT, CALLS & EQUIPMENT",5109065451,485.00,2017-05-09,External Affairs,Corporate and democratic core
10000545,O2 UK LIMITED,535020,"MOBILE PHONE LINE RENT, CALLS & EQUIPMENT",5109065454,485.00,2017-05-09,External Affairs,Corporate and democratic core
10000545,O2 UK LIMITED,535020,"MOBILE PHONE LINE RENT, CALLS & EQUIPMENT",5109065406,485.00,2017-05-09,"Development, Enterprise & Environment",Economic Development
10000545,O2 UK LIMITED,536300,COMPUTER HARDWARE,5109065398,485.00,2017-05-09,Private Office,Corporate and democratic core
10000135,OFFICE DEPOT UK LTD,533010,STATIONERY,5109057695,479.20,2017-05-18,Resources,Support Costs
10000135,OFFICE DEPOT UK LTD,533010,STATIONERY,5109060401,479.20,2017-05-24,Resources,Support Costs
10020937,LONDON & PARTNERS,537100,EXTERNAL MEETING ROOM HIRE & EXPENSES,5109049528,475.00,2017-05-19,"Development, Enterprise & Environment",Highways and transport services
14000000,HAYS SPECIALIST RECRUITMENT LTD,502000,AGENCY STAFF,5109057752,468.06,2017-05-17,Private Office,Corporate and democratic core
14000000,HAYS SPECIALIST RECRUITMENT LTD,502000,AGENCY STAFF,5109057754,468.06,2017-05-17,Private Office,Corporate and democratic core
14000000,HAYS SPECIALIST RECRUITMENT LTD,502000,AGENCY STAFF,5109050120,466.05,2017-05-03,Private Office,Corporate and democratic core
10017245,OCS CATERING,531010,CATERERS SERVICE CHARGES,5109053272,461.44,2017-05-10,Assembly & Secretariat,Corporate and democratic core
14000000,HAYS SPECIALIST RECRUITMENT LTD,502000,AGENCY STAFF,5109050115,459.68,2017-05-15,Resources,Support Costs
10017232,CBRE MANAGED SERVICES LIMITED,510001,EXTERNAL BUILDING MAINTENANCE,5109068704,456.11,2017-05-24,Resources,Support Costs
10026747,BUCKHILL LTD,540026,DATA HOSTING EMAIL DESIGN AND TRANSMISSION INC SMS,5109063304,453.43,2017-05-04,Communities and Intelligence,Childrens and education services
13002176,ABM GROUP UK LTD,510000,BUILDING MAINTENANCE & REPAIRS,5109072002,453.20,2017-05-16,Resources,Support Costs
10017470,COMPUTACENTER,536300,COMPUTER HARDWARE,5109054366,440.48,2017-05-16,External Affairs,Support Costs
14000000,HAYS SPECIALIST RECRUITMENT LTD,502000,AGENCY STAFF,5109062876,439.68,2017-05-24,Communities and Intelligence,Public Health
Corp Card,NATWEST CORPORATE CREDIT CARD,520410,Business Fares,100061698,436.43,2017-05-15,Private Office,Economic Development
10007464,CROWN WORLDWIDE LTD,533040,DOCUMENT ARCHIVE & STORAGE,5109066932,436.40,2017-05-10,Resources,Support Costs
14000000,HAYS SPECIALIST RECRUITMENT LTD,504020,RECRUITMENT AGENCY FEES,5109052889,435.39,2017-05-09,Resources,Support Costs
14000000,HAYS SPECIALIST RECRUITMENT LTD,504020,RECRUITMENT AGENCY FEES,5109057788,435.39,2017-05-17,Resources,Support Costs
14000000,HAYS SPECIALIST RECRUITMENT LTD,504020,RECRUITMENT AGENCY FEES,5109062996,435.39,2017-05-26,Resources,Support Costs
11000019,BRITISH GAS BUSINESS,510100,ELECTRICITY,1900001916,432.06,2017-05-16,Housing & Land,Housing & Land Services
14000000,HAYS SPECIALIST RECRUITMENT LTD,502000,AGENCY STAFF,5109050114,429.66,2017-05-03,Assembly & Secretariat,Corporate and democratic core
14000000,HAYS SPECIALIST RECRUITMENT LTD,504020,RECRUITMENT AGENCY FEES,5109057766,429.59,2017-05-17,Assembly & Secretariat,Corporate and democratic core
14000000,HAYS SPECIALIST RECRUITMENT LTD,502000,AGENCY STAFF,5109057721,428.20,2017-05-17,Resources,Support Costs
14000000,HAYS SPECIALIST RECRUITMENT LTD,502000,AGENCY STAFF,5109057722,421.60,2017-05-17,Private Office,Corporate and democratic core
10022213,TROWERS & HAMLINS LLP,542300,LEGAL FEES,5109054843,410.50,2017-05-02,Housing,Housing services
14000000,HAYS SPECIALIST RECRUITMENT LTD,504020,RECRUITMENT AGENCY FEES,5109050136,407.56,2017-05-03,Assembly & Secretariat,Corporate and democratic core
14000000,HAYS SPECIALIST RECRUITMENT LTD,504020,RECRUITMENT AGENCY FEES,5109054114,407.56,2017-05-10,Assembly & Secretariat,Corporate and democratic core
14000000,HAYS SPECIALIST RECRUITMENT LTD,502000,AGENCY STAFF,5109062882,407.12,2017-05-24,Housing & Land,Housing & Land Services
14000000,HAYS SPECIALIST RECRUITMENT LTD,502000,AGENCY STAFF,5109050055,405.35,2017-05-03,Housing & Land,Housing & Land Services
10002540,PERFORMING RIGHTS SOCIETY LTD,540019,EXTERNAL EVENTS ROADS SHOWS AND FACE TO FACE,5109068686,404.68,2017-05-24,External Affairs,Cultural & related services
14000000,HAYS SPECIALIST RECRUITMENT LTD,502000,AGENCY STAFF,5109050144,403.90,2017-05-03,"Development, Enterprise & Environment",Highways and transport services
14000000,HAYS SPECIALIST RECRUITMENT LTD,502000,AGENCY STAFF,5109052884,403.90,2017-05-09,"Development, Enterprise & Environment",Highways and transport services
15050001,Expenses Paid to Third Parties,542355,OTHER PROFESSIONAL FEES,1900040216,400.00,2017-05-11,Communities and Intelligence,Cultural & related services
13000063,EDF ENERGY,510100,ELECTRICITY,1900001925,399.94,2017-05-19,Housing & Land,Housing & Land Services
15050001,Higher Education Funding Council,504210,CONFERENCES & SEMINARS,1900040269,399.00,2017-05-22,"Development, Enterprise & Environment",Economic Development
Corp Card,NATWEST CORPORATE CREDIT CARD,520410,Business Fares,100061698,388.15,2017-05-15,Private Office,Economic Development
10004619,BT SERVICE AGILITY,535000,"TELEPHONE LINE RENT, CALLS & EQUIPMENT",1900040160,386.28,2017-05-10,Resources,Support Costs
13000063,EDF ENERGY,510100,ELECTRICITY,1900001912,375.58,2017-05-02,Housing & Land,Housing & Land Services
10018859,TEST PARTNERS LTD,542100,IT CONSULTANCY,5109066793,375.00,2017-05-09,Resources,Support Costs
10019522,PINNACLE HOUSING LTD,535020,"MOBILE PHONE LINE RENT, CALLS & EQUIPMENT",5109064605,375.00,2017-05-08,Resources,Support Costs
10017232,CBRE MANAGED SERVICES LIMITED,510100,ELECTRICITY,5109068703,370.88,2017-05-24,Resources,Cultural & related services
Corp Card,NATWEST CORPORATE CREDIT CARD,520410,Business Fares,100061692,361.00,2017-05-15,Private Office,Economic Development
Corp Card,NATWEST CORPORATE CREDIT CARD,537000,Hotel Accommodation,100061698,360.60,2017-05-15,Private Office,Economic Development
10023994,CONTINENTAL DRIFTS LTD,540019,EXTERNAL EVENTS ROADS SHOWS AND FACE TO FACE,5109060572,360.00,2017-05-03,External Affairs,Cultural & related services
10025456,PRENAX LTD,533100,PUBLICATIONS & PERIODICALS,5109072074,359.65,2017-05-16,Assembly & Secretariat,Corporate and democratic core
14000000,HAYS SPECIALIST RECRUITMENT LTD,502000,AGENCY STAFF,5109057777,359.00,2017-05-17,"Development, Enterprise & Environment",Highways and transport services
14000000,HAYS SPECIALIST RECRUITMENT LTD,502000,AGENCY STAFF,5109063042,359.00,2017-05-24,"Development, Enterprise & Environment",Highways and transport services
10007311,DODS PARLIAMENTARY COMMS LTD,504210,CONFERENCES & SEMINARS,5109070346,351.00,2017-05-17,Assembly & Secretariat,Corporate and democratic core
10012289,JAMES O JENKINS,540013,PHOTOGRAPHY AND VIDEO DESIGN AND PRODUCTION,5109070356,350.00,2017-05-16,External Affairs,Support Costs
10012289,JAMES O JENKINS,540100,PHOTOGRAPHY & VIDEO,5109062562,350.00,2017-05-03,Communities and Intelligence,Cultural & related services
10000545,O2 UK LIMITED,535020,"MOBILE PHONE LINE RENT, CALLS & EQUIPMENT",5109065403,348.00,2017-05-09,Communities and Intelligence,Cultural & related services
10000545,O2 UK LIMITED,535020,"MOBILE PHONE LINE RENT, CALLS & EQUIPMENT",5109065408,348.00,2017-05-09,Communities and Intelligence,Economic Development
10000545,O2 UK LIMITED,535020,"MOBILE PHONE LINE RENT, CALLS & EQUIPMENT",5109065453,348.00,2017-05-09,Communities and Intelligence,Public Health
10000545,O2 UK LIMITED,535020,"MOBILE PHONE LINE RENT, CALLS & EQUIPMENT",5109065457,348.00,2017-05-09,Assembly & Secretariat,Corporate and democratic core
10000545,O2 UK LIMITED,536300,COMPUTER HARDWARE,5109065397,348.00,2017-05-09,Housing,Housing services
10000545,O2 UK LIMITED,536300,COMPUTER HARDWARE,5109065461,342.00,2017-05-17,Resources,Support Costs
Corp Card,NATWEST CORPORATE CREDIT CARD,537000,Hotel Accommodation,100061699,339.76,2017-05-15,Private Office,Economic Development
10000407,BT CONFERENCING,535000,"TELEPHONE LINE RENT, CALLS & EQUIPMENT",1900040245,335.71,2017-05-23,Resources,Support Costs
10000060,SAFETY FIRST AID GROUP LTD,530000,FURNITURE & EQUIPMENT,5109072032,333.00,2017-05-18,Resources,Support Costs
14000000,HAYS SPECIALIST RECRUITMENT LTD,502000,AGENCY STAFF,5109062980,331.90,2017-05-24,Resources,Support Costs
10010496,QUAY OFFICE FURNISHERS LTD,533010,STATIONERY,5109060605,331.20,2017-05-03,Communities and Intelligence,Community Development
10000545,O2 UK LIMITED,542100,IT CONSULTANCY,5109068055,330.00,2017-05-11,Communities and Intelligence,Community Development
13000121,THAMES WATER UTILITIES LTD,510300,WATER,1900040183,326.78,2017-05-19,Resources,Support Costs
14000000,HAYS SPECIALIST RECRUITMENT LTD,502000,AGENCY STAFF,5109050018,325.74,2017-05-15,Resources,Support Costs
Corp Card,NATWEST CORPORATE CREDIT CARD,520410,Business Fares,100061697,320.02,2017-05-15,Private Office,Economic Development
14000000,HAYS SPECIALIST RECRUITMENT LTD,502000,AGENCY STAFF,5109057719,317.60,2017-05-17,Resources,Support Costs
14000000,HAYS SPECIALIST RECRUITMENT LTD,502000,AGENCY STAFF,5109057720,317.60,2017-05-17,Resources,Support Costs
10017245,OCS CATERING,531010,CATERERS SERVICE CHARGES,5109063303,316.50,2017-05-24,Communities and Intelligence,Community Development
10017245,OCS CATERING,531010,CATERERS SERVICE CHARGES,5109063971,315.50,2017-05-25,"Development, Enterprise & Environment",Environmental Initiatives
14000000,HAYS SPECIALIST RECRUITMENT LTD,502000,AGENCY STAFF,5109072886,310.66,2017-05-18,Resources,Support Costs
14000000,HAYS SPECIALIST RECRUITMENT LTD,502000,AGENCY STAFF,5109062954,310.30,2017-05-24,Private Office,Corporate and democratic core
15050086,THE RESPUBLICA TRUST,520410,BUSINESS FARES,1900040210,307.70,2017-05-08,"Development, Enterprise & Environment",Economic Development
10017269,PUREPRINT,533000,PRINTING,5109064630,306.00,2017-05-25,Resources,Support Costs
Corp Card,NATWEST CORPORATE CREDIT CARD,520410,Business Fares,100061697,306.00,2017-05-15,Private Office,Economic Development
10025094,LIZA MONKS,540025,ART AND POETRY INSTALLATIONS AND PROGRAMMES,5109059953,304.00,2017-05-02,External Affairs,Cultural & related services
10025094,LIZA MONKS,540100,PHOTOGRAPHY & VIDEO,5109077161,304.00,2017-05-24,"Development, Enterprise & Environment",Environmental Initiatives
10011017,CORPORATE DOCUMENT SERVICES LTD,533000,PRINTING,5109059786,303.06,2017-05-24,Housing,Housing services
10017232,CBRE MANAGED SERVICES LIMITED,510100,ELECTRICITY,5109068706,301.34,2017-05-24,External Affairs,Cultural & related services
10011017,CORPORATE DOCUMENT SERVICES LTD,540015,PRODUCTION ARTWORK AND DESIGN FOR MARKETING,5109059870,299.25,2017-05-24,External Affairs,Cultural & related services
10011017,CORPORATE DOCUMENT SERVICES LTD,533000,PRINTING,5109059871,296.10,2017-05-24,"Development, Enterprise & Environment",Development Control
10013807,RTPI CONFERENCES (HAWKSMERE LTD),504210,CONFERENCES & SEMINARS,5109077859,295.00,2017-05-25,Assembly & Secretariat,Corporate and democratic core
14000000,HAYS SPECIALIST RECRUITMENT LTD,504020,RECRUITMENT AGENCY FEES,5109063039,294.38,2017-05-24,Assembly & Secretariat,Corporate and democratic core
10000545,O2 UK LIMITED,535020,"MOBILE PHONE LINE RENT, CALLS & EQUIPMENT",5109068056,294.00,2017-05-11,Private Office,Corporate and democratic core
10020937,LONDON & PARTNERS,535400,COURIERS,5109017791,293.28,2017-05-19,Private Office,Economic Development
10017245,OCS CATERING,531010,CATERERS SERVICE CHARGES,5109058236,290.00,2017-05-22,Private Office,Corporate and democratic core
10006783,LONDON BOROUGH OF CROYDON,544075,GRANTS TO EXTERNAL ORGANISATIONS,5109054236,287.50,2017-05-03,"Development, Enterprise & Environment",Economic Development
Corp Card,NATWEST CORPORATE CREDIT CARD,542500,Miscellaneous Costs,100061692,282.09,2017-05-15,Private Office,Economic Development
10025713,GES LTD,540019,EXTERNAL EVENTS ROADS SHOWS AND FACE TO FACE,5109060579,278.00,2017-05-03,"Development, Enterprise & Environment",Economic Development
10017470,COMPUTACENTER,535020,"MOBILE PHONE LINE RENT, CALLS & EQUIPMENT",5109058222,276.82,2017-05-17,Resources,Support Costs
10018859,TEST PARTNERS LTD,542100,IT CONSULTANCY,5109066800,270.00,2017-05-09,Resources,Support Costs
13002562,C-ELECT ASSOCIATES LTD,510000,BUILDING MAINTENANCE & REPAIRS,5109067446,267.00,2017-05-12,Housing & Land,Housing & Land Services
10016590,SUPPLIES TEAM LTD,536300,COMPUTER HARDWARE,5109045606,265.96,2017-05-03,Resources,Support Costs
14000000,HAYS SPECIALIST RECRUITMENT LTD,504020,RECRUITMENT AGENCY FEES,5109050059,264.18,2017-05-03,Assembly & Secretariat,Corporate and democratic core
14000000,HAYS SPECIALIST RECRUITMENT LTD,504020,RECRUITMENT AGENCY FEES,5109052893,264.18,2017-05-09,Assembly & Secretariat,Corporate and democratic core
14000000,HAYS SPECIALIST RECRUITMENT LTD,504020,RECRUITMENT AGENCY FEES,5109057780,264.18,2017-05-17,Assembly & Secretariat,Corporate and democratic core
13000063,EDF ENERGY,510100,ELECTRICITY,1900001914,263.21,2017-05-02,Housing & Land,Housing & Land Services
10017245,OCS CATERING,531010,CATERERS SERVICE CHARGES,5109059161,262.70,2017-05-23,Communities and Intelligence,Public Health
13002562,C-ELECT ASSOCIATES LTD,510000,BUILDING MAINTENANCE & REPAIRS,5109067452,260.96,2017-05-12,Housing & Land,Housing & Land Services
10017690,MEDIAEDGE:CIA UK LTD T/A MEC:ACTIVE,540019,EXTERNAL EVENTS ROADS SHOWS AND FACE TO FACE,5109076843,254.63,2017-05-24,External Affairs,Corporate and democratic core
Corp Card,NATWEST CORPORATE CREDIT CARD,520410,Business Fares,100061698,251.20,2017-05-15,Private Office,Economic Development
10017245,OCS CATERING,531010,CATERERS SERVICE CHARGES,5109063974,250.50,2017-05-25,"Development, Enterprise & Environment",Environmental Initiatives
10000772,DENTONS UKMEA LLP,542300,LEGAL FEES,5109077199,250.00,2017-05-24,Housing & Land,Housing & Land Services
Corp Card,NATWEST CORPORATE CREDIT CARD,542500,Miscellaneous Costs,100061773,(272.16),2017-05-18,Private Office,Economic Development
Corp Card,NATWEST CORPORATE CREDIT CARD,520410,Business Fares,100061692,(284.83),2017-05-15,Private Office,Economic Development
Corp Card,NATWEST CORPORATE CREDIT CARD,520410,Business Fares,100061692,(284.83),2017-05-15,Private Office,Economic Development
10027643,DISCOVERY GAMES UK,540019,EXTERNAL EVENTS ROADS SHOWS AND FACE TO FACE,5109060503,(345.00),2017-05-08,External Affairs,Cultural & related services
Corp Card,NATWEST CORPORATE CREDIT CARD,537000,Hotel Accommodation,100061692,(404.09),2017-05-15,Private Office,Economic Development
10003560,EVERSHEDS SUTHERLAND (INT) LLP,542300,LEGAL FEES,5109066895,(612.00),2017-05-09,Housing & Land,Housing & Land Services
Corp Card,NATWEST CORPORATE CREDIT CARD,537000,Hotel Accommodation,100061692,"(1,013.82)",2017-05-15,Private Office,Economic Development
14000000,HAYS SPECIALIST RECRUITMENT LTD,502000,AGENCY STAFF,5109050137,"(1,193.49)",2017-05-03,External Affairs,Support Costs
14000000,HAYS SPECIALIST RECRUITMENT LTD,502000,AGENCY STAFF,5109064711,"(1,792.55)",2017-05-08,Resources,Support Costs
10017245,OCS CATERING,531010,CATERERS SERVICE CHARGES,5109070381,"(2,350.28)",2017-05-22,"Development, Enterprise & Environment",Economic Development
10014007,UNIVERSITY OF OXFORD,542050,RESEARCH & STUDY FEES,5109058260,"(3,333.34)",2017-05-22,Communities and Intelligence,Community Development
10006059,LB OF HARINGEY,544075,GRANTS TO EXTERNAL ORGANISATIONS,5109078215,"(5,375.00)",2017-05-25,"Development, Enterprise & Environment",Cultural & related services
12000643,UCL CONSULTANTS LIMITED,542355,OTHER PROFESSIONAL FEES,5109065409,"(6,000.00)",2017-05-09,Communities and Intelligence,Cultural & related services
12001023,MEDIAEDGE:CIA T/A MEC: ACTIVE ENGAG,540018,SOCIAL MEDIA AND DIGITAL ADVERTISING SPACE,5109060487,"(14,901.97)",2017-05-10,"Development, Enterprise & Environment",Economic Development
10018802,LSE ENTERPRISE,542051,CONSULTANCY-COMMISSIONED REPORT,5109068123,"(16,075.00)",2017-05-12,Housing,Housing services
14000615,CAPITA SYMONDS LTD,542000,MANAGEMENT & SUPPORT CONSULTANCY,5109065314,"(35,518.46)",2017-05-25,Housing,Housing services
10016904,GREENWICH LEISURE LTD,510010,PROPERTY MANAGEMENT FEES,5109055790,"(858,229.46)",2017-05-17,Housing & Land,Housing & Land Services
