Date,Directotate,Service,Supplier,Invoice Line Value (net of VAT),Account
2012-10,Resources Group,Resources,BLACK & WHITE ADVERTISING (URWIN GARTON),693,MARKETING & ADVERTISING
2012-10,Resources Group,Resources,ELECTORAL REFORM SERVICES,1192.1,MARKETING & ADVERTISING
2012-10,Resources Group,Resources,IDOX SOFTWARE LTD,3740,ICT HARDWARE PURCHASE
2012-10,Resources Group,Resources,ISAPPHIRE LTD,530.5,MARKETING & ADVERTISING
2012-10,Resources Group,Resources,JOHN GOOD LTD,648,PRINTING
2012-10,Resources Group,Resources,MICHAEL PAGE INTERNATIONAL,1400,AGENCY STAFF COSTS - NON TEACHING
2012-10,Resources Group,Resources,MICHAEL PAGE INTERNATIONAL,1440,AGENCY STAFF COSTS - NON TEACHING
2012-10,Resources Group,Resources,MICHAEL PAGE INTERNATIONAL,1304,AGENCY STAFF COSTS - NON TEACHING
2012-10,Resources Group,Resources,MICHAEL PAGE INTERNATIONAL,1360,AGENCY STAFF COSTS - NON TEACHING
2012-10,Resources Group,Resources,MISS MARGARET SWEETING,800,PROFESSIONAL FEES & CONSULTANCY
2012-10,Resources Group,Resources,MISS MICHELLE TEMPLE,1000,PROFESSIONAL FEES & CONSULTANCY
2012-10,Resources Group,Resources,MS RACHEL SMITH,2250,PROFESSIONAL FEES & CONSULTANCY
2012-10,Resources Group,Resources,NEIL COOKSON,528.5,CONSULTANCY FEES
2012-10,Resources Group,Resources,NEWSQUEST (YORKSHIRE & NORTH EAST) LTD,500,MARKETING & ADVERTISING
2012-10,Resources Group,Resources,OFFSTONE PUBLISHING,650,MARKETING & ADVERTISING
2012-10,Resources Group,Resources,PARSONS DOWD PSYCHOLOGICAL LTD,6184,PROFESSIONAL FEES & CONSULTANCY
2012-10,Resources Group,Resources,ROYAL MAIL NORTH EAST,1653.19,POSTAGES
2012-10,Resources Group,Resources,ROYAL MAIL NORTH EAST,1504.21,POSTAGES
2012-10,Resources Group,Resources,ROYAL MAIL NORTH EAST,1515.59,POSTAGES
2012-10,Resources Group,Resources,ROYAL MAIL NORTH EAST,798.15,POSTAGES
2012-10,Resources Group,Resources,ROYAL MAIL NORTH EAST,988.74,POSTAGES
2012-10,Resources Group,Resources,ROYAL MAIL NORTH EAST,1390.1,POSTAGES
2012-10,Resources Group,Resources,ROYAL MAIL NORTH EAST,1673.33,POSTAGES
2012-10,Resources Group,Resources,SHAW AND SONS LTD,504,EQUIPMENT
2012-10,Resources Group,Resources,SHAW AND SONS LTD,812.7,ICT HARDWARE PURCHASE
2012-10,Resources Group,Resources,SHAW AND SONS LTD,805,ICT HARDWARE PURCHASE
2012-10,Resources Group,Resources,THOMSON REUTERS,3102.48,SUBSCRIPTIONS
2012-10,Resources Group,Resources,TNT POST LTD,1734.62,POSTAGES
2012-10,Resources Group,Resources,TNT POST LTD,804.66,POSTAGES
2012-10,Resources Group,Resources,TNT POST LTD,517.7,POSTAGES
2012-10,Resources Group,Resources,TNT POST LTD,651.27,POSTAGES
2012-10,Resources Group,Resources,TNT POST LTD,1201.28,POSTAGES
2012-10,Resources Group,Resources,TNT POST LTD,1557.08,POSTAGES
2012-10,Resources Group,Resources,TNT POST LTD,3563.08,POSTAGES
2012-10,Resources Group,Resources,TNT POST LTD,882.28,POSTAGES
2012-10,Resources Group,Resources,TNT POST LTD,1404.01,MARKETING & ADVERTISING
2012-10,Resources Group,Resources,TNT POST LTD,636.43,POSTAGES
2012-10,Resources Group,Resources,WATERSTONS,1785,INTERNET COSTS
2012-10,Resources Group,Finance,DURHAM COUNTY COUNCIL,66159.91,GRANTS
2012-10,Resources Group,Finance,EDEN BROWN,642.3,AGENCY STAFF COSTS - NON TEACHING
2012-10,Resources Group,Finance,EDEN BROWN,654.4,AGENCY STAFF COSTS - NON TEACHING
2012-10,Resources Group,Finance,MDNX ENTERPRISE SERVICES LTD,1637,ICT HARDWARE SUPPORT & MAINTENANCE
2012-10,Resources Group,Finance,PRICE WATERHOUSE COOPERS,15000,PROFESSIONAL FEES & CONSULTANCY
2012-10,Resources Group,Finance,PRICE WATERHOUSE COOPERS,2471,PROFESSIONAL FEES & CONSULTANCY
2012-10,Resources Group,Finance,PRICE WATERHOUSE COOPERS,2832,PROFESSIONAL FEES & CONSULTANCY
2012-10,Resources Group,ICT,BT TELEPHONE PAYMENT CENTRE,718.83,TELEPHONE COSTS
2012-10,Resources Group,Human resources management,ALLIANCE PSYCHOLOGICAL SERVICES,1000,COUNSELLING RECHARGE
2012-10,Resources Group,Human resources management,BODY 2 FIT LTD,1215,PHYSIOTHERAPY RECHARGE
2012-10,Resources Group,Human resources management,BODY 2 FIT LTD,1765,PHYSIOTHERAPY RECHARGE
2012-10,Resources Group,Human resources management,DISCLOSURE & BARRING SERVICE,2446,CRB CHECKS
2012-10,Resources Group,Human resources management,MEDACS HEALTHCARE PLC,7961.13,PROFESSIONAL FEES & CONSULTANCY
2012-10,Resources Group,Transformation,ADT FIRE & SECURITY PLC,708.21,Cyclical - Intruder Alarms
2012-10,Resources Group,Transformation,AIRCON REFRIGERATION LTD,4203,Repairs - Electrical
2012-10,Resources Group,Transformation,BUILDING AUTOMATION SOLUTIONS LTD,974,Repairs - Mechanical
2012-10,Resources Group,Transformation,CANON (UK) LIMITED,9948.06,ICT HARDWARE PURCHASE
2012-10,Resources Group,Transformation,CANON (UK) LIMITED,916.76,ICT HARDWARE PURCHASE
2012-10,Resources Group,Transformation,CIPFA,500,CONFERENCES & SEMINARS
2012-10,Resources Group,Transformation,CORONA ENERGY LTD,22331.7,GAS
2012-10,Resources Group,Transformation,CORONA ENERGY LTD,27949.33,GAS
2012-10,Resources Group,Transformation,DYNO-ROD,1010,CONSULTANCY FEES
2012-10,Resources Group,Transformation,LLOYDS BRITISH TESTING CO LTD,600,Cyclical - Building Surveys
2012-10,Resources Group,Transformation,LYTESTREAM ELECTRICAL CONTRACTORS,1851.78,Alterations & Improvements - Electrical
2012-10,Resources Group,Transformation,NORTHUMBRIAN WATER,572.72,WATER CHARGES
2012-10,Resources Group,Transformation,NORTHUMBRIAN WATER,2982.82,WATER CHARGES
2012-10,Resources Group,Transformation,NPOWER NORTHERN FINANCE,4864.68,ELECTRICITY
2012-10,Resources Group,Transformation,NPOWER NORTHERN FINANCE,592.97,ELECTRICITY
2012-10,Resources Group,Transformation,NPOWER NORTHERN FINANCE,5979.34,ELECTRICITY
2012-10,Resources Group,Transformation,NPOWER NORTHERN FINANCE,2129.58,ELECTRICITY
2012-10,Resources Group,Transformation,NPOWER NORTHERN FINANCE,843.5,ELECTRICITY
2012-10,Resources Group,Transformation,NPOWER NORTHERN FINANCE,666.34,ELECTRICITY
2012-10,Resources Group,Transformation,NPOWER NORTHERN FINANCE,52812.46,ELECTRICITY
2012-10,Resources Group,Transformation,NPOWER NORTHERN FINANCE,906.73,ELECTRICITY
2012-10,Resources Group,Transformation,NPOWER NORTHERN FINANCE,690,ELECTRICITY
2012-10,Resources Group,Transformation,NPOWER NORTHERN FINANCE,3293.48,ELECTRICITY
2012-10,Resources Group,Transformation,NPOWER NORTHERN FINANCE,541.27,ELECTRICITY
2012-10,Resources Group,Transformation,NPOWER NORTHERN FINANCE,1160.4,ELECTRICITY
2012-10,Resources Group,Transformation,NPOWER NORTHERN FINANCE,3140.29,ELECTRICITY
2012-10,Resources Group,Transformation,NPOWER NORTHERN FINANCE,1144.22,ELECTRICITY
2012-10,Resources Group,Transformation,NPOWER NORTHERN FINANCE,979.08,ELECTRICITY
2012-10,Resources Group,Transformation,NPOWER NORTHERN FINANCE,2507,ELECTRICITY
2012-10,Resources Group,Transformation,NPOWER NORTHERN FINANCE,804.67,ELECTRICITY
2012-10,Resources Group,Transformation,SCHOTT REMOVALS TRANSPORT LTD,510,EQUIPMENT
2012-10,Resources Group,Transformation,SCHOTT REMOVALS TRANSPORT LTD,544,REMOVAL COSTS - STAFF MOVES
2012-10,Resources Group,Transformation,SIEMENS FINANCIAL SERVICES LTD,2163.26,LEASING CHARGES
2012-10,Resources Group,Transformation,SIEMENS FINANCIAL SERVICES LTD,3261.19,LEASING CHARGES
2012-10,Resources Group,Transformation,SIEMENS FINANCIAL SERVICES LTD,1001.75,LEASING CHARGES
2012-10,Resources Group,Transformation,SIEMENS FINANCIAL SERVICES LTD,1112.6,LEASING CHARGES
2012-10,Resources Group,Transformation,STOREYS:SSP,724.43,ELECTRICITY
2012-10,Resources Group,Transformation,STOREYS:SSP,1001.18,ELECTRICITY
2012-10,Resources Group,Transformation,TRU-LINE (SUSPENDED CEILINGS) LTD,2244.6,Repairs - Building Fabric
2012-10,Resources Group,Transformation,ULTIMATE COMMUNICATION SYSTEMS,606.35,ICT HARDWARE SUPPORT & MAINTENANCE
2012-10,Resources Group,Transformation,URS SCOTT WILSON LTD,600,CONSULTANCY FEES
2012-10,Chief Executive,Chief Executive,NE CHAMBER OF COMMERCE TRADE & INDTY,600,HOSPITALITY
2012-10,Place,Building Design Services,HAYS SPECIALIST SERVICES,820.35,AGENCY STAFF COSTS - NON TEACHING
2012-10,Place,Building Design Services,HAYS SPECIALIST SERVICES,873.28,AGENCY STAFF COSTS - NON TEACHING
2012-10,Place,Building Design Services,HAYS SPECIALIST SERVICES,873.28,AGENCY STAFF COSTS - NON TEACHING
2012-10,Place,Building Design Services,HAYS SPECIALIST SERVICES,820.34,AGENCY STAFF COSTS - NON TEACHING
2012-10,Place,Building Design Services,HAYS SPECIALIST SERVICES,857.4,AGENCY STAFF COSTS - NON TEACHING
2012-10,Place,Building Design Services,MASTERBILL MICRO SYSTEMS LTD,3026.4,ICT SOFTWARE PURCHASE
2012-10,Place,Building Design Services,SPACEWORKS,549.25,CONSULTANCY FEES
2012-10,Place,Building Design Services,URS SCOTT WILSON LTD,2907.8,CONSULTANCY FEES
2012-10,Place,Building Design Services,URS SCOTT WILSON LTD,736.5,CONSULTANCY FEES
2012-10,Place,Building Design Services,URS SCOTT WILSON LTD,2498,CONSULTANCY FEES
2012-10,Place,Building Design Services,URS SCOTT WILSON LTD,803.29,CONSULTANCY FEES
2012-10,Place,Economic Regeneration,NE CHAMBER OF COMMERCE TRADE & INDTY,1792,SUBSCRIPTIONS
2012-10,Place,Commercial Services,CSL DUALCOM LIMITED,630,EQUIPMENT
2012-10,Place,Commercial Services,JONTEK LTD,12917,EQUIPMENT
2012-10,Place,Commercial Services,MATTHEW CLARK WHOLESALE LTD,622.35,BAR PROVISIONS FOR RESALE
2012-10,Place,Commercial Services,SCREENTECH,2940,DECORATION
2012-10,Place,Culture,ADT FIRE & SECURITY PLC,606.84,Other Supplies & Services
2012-10,Place,Culture,ALL EVENTS SECURITY,773.5,Other Supplies & Services
2012-10,Place,Culture,AMANDA ADAMS,5876.61,Artist payments
2012-10,Place,Culture,AMENITY TECHNOLOGY,888,EQUIPMENT
2012-10,Place,Culture,ANITA DOOLEY,545.5,Artist payments
2012-10,Place,Culture,AQUA SPHERE UK LTD,1508.09,ITEMS FOR RESALE
2012-10,Place,Culture,ARTISTES INTERNATIONAL MANAGEMENT,1835.15,Artist payments
2012-10,Place,Culture,ARTISTES INTERNATIONAL MANAGEMENT,6660.19,Artist payments
2012-10,Place,Culture,ARTISTES INTERNATIONAL MANAGEMENT,3159.5,Artist payments
2012-10,Place,Culture,ARTISTES INTERNATIONAL MANAGEMENT,2099.71,Artist payments
2012-10,Place,Culture,ARTISTIC SOLUTIONS LIMITED,1270,PROFESSIONAL FEES & CONSULTANCY
2012-10,Place,Culture,ARTIZANI LTD,525,Other Supplies & Services
2012-10,Place,Culture,BONNIE DAVIES,1440,Artist payments
2012-10,Place,Culture,BRENNTAG UK & IRELAND,2581.32,CHEMICALS
2012-10,Place,Culture,CARPETTIME LIMITED,3600,BUILDING REPAIRS AND MAINTENANCE
2012-10,Place,Culture,CHARTER FUELS LTD,1426.22,FUEL OIL FOR HEATING
2012-10,Place,Culture,CHIMES INTERNATIONAL ENTERTAINMENTS LTD,2969.07,Artist payments
2012-10,Place,Culture,COMBINED POWER (SOUTH) LTD,2256.84,ELECTRICITY
2012-10,Place,Culture,COMBINED POWER (SOUTH) LTD,2258.53,ELECTRICITY
2012-10,Place,Culture,CROWCON DETECTION INST LTD,504.9,Other Supplies & Services
2012-10,Place,Culture,DARLINGTON DANCE FESTIVAL ASSOCIATION,3013,Ticket Sales Paid to Others
2012-10,Place,Culture,DARLINGTON RHYTHM & BLUES CLUB,780,Production Costs
2012-10,Place,Culture,ELECTRIC CENTRE,628,BUILDING REPAIRS AND MAINTENANCE
2012-10,Place,Culture,ELECTRONIC SECURITY SOLUTIONS LTD,4058,BUILDING REPAIRS AND MAINTENANCE
2012-10,Place,Culture,ENTERTAINERS PROMOTIONS LTD,4545.68,Artist payments
2012-10,Place,Culture,HYGIENE SUPPLIES DIRECT LTD,542.66,EQUIPMENT
2012-10,Place,Culture,INITIAL WASHROOM SOLUTIONS,844.21,HYGIENE SERVICES
2012-10,Place,Culture,JOE BROWN PRODUCTIONS LTD,3500,Artist payments
2012-10,Place,Culture,JOE BROWN PRODUCTIONS LTD,5069.79,Artist payments
2012-10,Place,Culture,LLOYDS BRITISH TESTING CO LTD,560,Cyclical-Lift Maintenance
2012-10,Place,Culture,LONGFIELD ACADEMY OF SPORT,7500,EQUIPMENT
2012-10,Place,Culture,M T AUDIO SYSTEMS,1155,Other Supplies & Services
2012-10,Place,Culture,MARK DOBINSON,1320,AGENCY STAFF COSTS - NON TEACHING
2012-10,Place,Culture,MOWDEN PARK RUGBY CLUB,540,AGENCY STAFF COSTS - NON TEACHING
2012-10,Place,Culture,NEW WRITING NORTH LTD,1000,BOOKS
2012-10,Place,Culture,NORTHUMBRIAN WATER,2651.35,WATER CHARGES
2012-10,Place,Culture,NORTHUMBRIAN WATER,2494.22,WATER CHARGES
2012-10,Place,Culture,NORTHUMBRIAN WATER,763.45,WATER CHARGES
2012-10,Place,Culture,NORTHUMBRIAN WATER,2065.6,WATER CHARGES
2012-10,Place,Culture,NORTHUMBRIAN WATER,1241.94,WATER CHARGES
2012-10,Place,Culture,NTL BUSINESS SOLUTIONS (b/ness accs only,1644.15,ICT HARDWARE SUPPORT & MAINTENANCE
2012-10,Place,Culture,PARKRUN LTD,2500,AGENCY STAFF COSTS - NON TEACHING
2012-10,Place,Culture,PETRA LLOYD,1268.49,Artist payments
2012-10,Place,Culture,PPL,3521.41,LICENCES
2012-10,Place,Culture,PROMOACTIVE,2215,EQUIPMENT
2012-10,Place,Culture,PROSPEC LTD,2145,EQUIPMENT
2012-10,Place,Culture,RALPH GIVENS,3369.91,GOLF PROFESSIONALS RETAINER
2012-10,Place,Culture,RIGBY TAYLOR LTD,2860.26,EQUIPMENT
2012-10,Place,Culture,SCHOTT REMOVALS TRANSPORT LTD,1313.5,BUILDING REPAIRS AND MAINTENANCE
2012-10,Place,Culture,STONEGRAVE AGGREGATES LTD,673.31,WASTE DISPOSAL
2012-10,Place,Culture,TECHNOGYM LTD,515.05,Other Supplies & Services
2012-10,Place,Culture,THE CLORE LEADERSHIP PROGRAMME,1800,EMPLOYEE TRAINING COURSE COSTS
2012-10,Place,Culture,THE ORIGINAL THEATRE COMPANY,4800.38,Artist payments
2012-10,Place,Culture,TYNESIDE PIANO COMPANY,675,PROFESSIONAL FEES & CONSULTANCY
2012-10,Place,Culture,VIGLEN LTD,626,ICT HARDWARE PURCHASE
2012-10,Place,DLO Services,AGGREGATE INDUSTRIES UK LTD,2182.19,DIRECT CHARGES - MATERIALS (DLO)
2012-10,Place,DLO Services,AGGREGATE INDUSTRIES UK LTD,1582,DIRECT CHARGES - MATERIALS (DLO)
2012-10,Place,DLO Services,AGGREGATE INDUSTRIES UK LTD,534.73,DIRECT CHARGES - MATERIALS (DLO)
2012-10,Place,DLO Services,AGGREGATE INDUSTRIES UK LTD,535.85,DIRECT CHARGES - MATERIALS (DLO)
2012-10,Place,DLO Services,AGGREGATE INDUSTRIES UK LTD,1659.69,DIRECT CHARGES - MATERIALS (DLO)
2012-10,Place,DLO Services,AGGREGATE INDUSTRIES UK LTD,2028.51,DIRECT CHARGES - MATERIALS (DLO)
2012-10,Place,DLO Services,AGGREGATE INDUSTRIES UK LTD,2212.92,DIRECT CHARGES - MATERIALS (DLO)
2012-10,Place,DLO Services,AGGREGATE INDUSTRIES UK LTD,2028.51,DIRECT CHARGES - MATERIALS (DLO)
2012-10,Place,DLO Services,AQUAJET DRAIN CLEANING,18750,DIRECT CHARGES - CONTRACTORS
2012-10,Place,DLO Services,AT WAGGOTT HAULAGE,1590,DIRECT CHARGES - CONTRACTORS
2012-10,Place,DLO Services,AT WAGGOTT HAULAGE,876.75,DIRECT CHARGES - CONTRACTORS
2012-10,Place,DLO Services,AT WAGGOTT HAULAGE,657,DIRECT CHARGES - CONTRACTORS
2012-10,Place,DLO Services,AT WAGGOTT HAULAGE,534,DIRECT CHARGES - CONTRACTORS
2012-10,Place,DLO Services,AUTOBAR UK  LTD,536.93,CATERING PROVISIONS
2012-10,Place,DLO Services,BISHOP AUCKLAND GLAZING CO LTD,9557,DIRECT CHARGES - CONTRACTORS
2012-10,Place,DLO Services,BLACKPATH CONSTRUCTION LIMITED,1095.53,DIRECT CHARGES - CONTRACTORS
2012-10,Place,DLO Services,BRAKES BROS LTD,755.52,CATERING PROVISIONS
2012-10,Place,DLO Services,BRIAN NOBLE FENCING CONTRACTORS LTD,1600,DIRECT CHARGES - CONTRACTORS
2012-10,Place,DLO Services,BUILDING AUTOMATION SOLUTIONS LTD,790,DIRECT CHARGES - CONTRACTORS
2012-10,Place,DLO Services,BUNZL CLEANING & HYGIENE SUPPLIES,510.6,STORES PURCHASES (DLO)
2012-10,Place,DLO Services,BUNZL CLEANING & HYGIENE SUPPLIES,652.8,STORES PURCHASES (DLO)
2012-10,Place,DLO Services,CARPETTIME LIMITED,1578,DIRECT CHARGES - CONTRACTORS
2012-10,Place,DLO Services,CHRYSTAL CONSULTING,690,LEASING CHARGES
2012-10,Place,DLO Services,CITY OF NEWCASTLE UPON TYNE,684.99,DIRECT CHARGES - MATERIALS (DLO)
2012-10,Place,DLO Services,CITY OF NEWCASTLE UPON TYNE,1672,DIRECT CHARGES - MATERIALS (DLO)
2012-10,Place,DLO Services,CONTRACT FLOORING SERVICES (NE) LTD,1183.65,DIRECT CHARGES - CONTRACTORS
2012-10,Place,DLO Services,CONTRACT FLOORING SERVICES (NE) LTD,2032.87,DIRECT CHARGES - CONTRACTORS
2012-10,Place,DLO Services,CONTRACT FLOORING SERVICES (NE) LTD,754.65,DIRECT CHARGES - CONTRACTORS
2012-10,Place,DLO Services,CONTRACT FLOORING SERVICES (NE) LTD,22534.94,DIRECT CHARGES - CONTRACTORS
2012-10,Place,DLO Services,CONTRACT FLOORING SERVICES (NE) LTD,2471.62,DIRECT CHARGES - CONTRACTORS
2012-10,Place,DLO Services,CONTRACT FLOORING SERVICES (NE) LTD,1029.6,DIRECT CHARGES - CONTRACTORS
2012-10,Place,DLO Services,COREPEOPLE RECRUITMENT LTD,548.71,AGENCY STAFF COSTS - NON TEACHING
2012-10,Place,DLO Services,COREPEOPLE RECRUITMENT LTD,548.71,AGENCY STAFF COSTS - NON TEACHING
2012-10,Place,DLO Services,COREPEOPLE RECRUITMENT LTD,521.43,AGENCY STAFF COSTS - NON TEACHING
2012-10,Place,DLO Services,COREPEOPLE RECRUITMENT LTD,521.43,AGENCY STAFF COSTS - NON TEACHING
2012-10,Place,DLO Services,COREPEOPLE RECRUITMENT LTD,521.43,AGENCY STAFF COSTS - NON TEACHING
2012-10,Place,DLO Services,COREPEOPLE RECRUITMENT LTD,659.94,AGENCY STAFF COSTS - NON TEACHING
2012-10,Place,DLO Services,CROSSLING LTD,688.76,DIRECT CHARGES - MATERIALS (DLO)
2012-10,Place,DLO Services,CROSSLING LTD,896.57,DIRECT CHARGES - MATERIALS (DLO)
2012-10,Place,DLO Services,CROSSLING LTD,934.65,DIRECT CHARGES - MATERIALS (DLO)
2012-10,Place,DLO Services,CROSSLING LTD,529.6,DIRECT CHARGES - MATERIALS (DLO)
2012-10,Place,DLO Services,CROSSLING LTD,849.37,DIRECT CHARGES - MATERIALS (DLO)
2012-10,Place,DLO Services,CROSSLING LTD,850.39,DIRECT CHARGES - MATERIALS (DLO)
2012-10,Place,DLO Services,CROSSLING LTD,1192.87,DIRECT CHARGES - MATERIALS (DLO)
2012-10,Place,DLO Services,CROSSLING LTD,888.14,DIRECT CHARGES - MATERIALS (DLO)
2012-10,Place,DLO Services,CROSSLING LTD,1073.09,DIRECT CHARGES - MATERIALS (DLO)
2012-10,Place,DLO Services,CROSSLING LTD,1008.07,DIRECT CHARGES - MATERIALS (DLO)
2012-10,Place,DLO Services,CROSSLING LTD,883.13,DIRECT CHARGES - MATERIALS (DLO)
2012-10,Place,DLO Services,CROSSLING LTD,1798.21,DIRECT CHARGES - MATERIALS (DLO)
2012-10,Place,DLO Services,CROSSLING LTD,1303.24,DIRECT CHARGES - MATERIALS (DLO)
2012-10,Place,DLO Services,CROSSLING LTD,774.7,DIRECT CHARGES - MATERIALS (DLO)
2012-10,Place,DLO Services,CROSSLING LTD,762.62,DIRECT CHARGES - MATERIALS (DLO)
2012-10,Place,DLO Services,CROSSLING LTD,935.11,DIRECT CHARGES - MATERIALS (DLO)
2012-10,Place,DLO Services,CROSSLING LTD,529.6,DIRECT CHARGES - MATERIALS (DLO)
2012-10,Place,DLO Services,CROSSLING LTD,1805.37,DIRECT CHARGES - MATERIALS (DLO)
2012-10,Place,DLO Services,CROSSLING LTD,1208.75,DIRECT CHARGES - MATERIALS (DLO)
2012-10,Place,DLO Services,CROSSLING LTD,889.72,DIRECT CHARGES - MATERIALS (DLO)
2012-10,Place,DLO Services,CROSSLING LTD,1752.06,DIRECT CHARGES - MATERIALS (DLO)
2012-10,Place,DLO Services,CROSSLING LTD,2079.02,DIRECT CHARGES - MATERIALS (DLO)
2012-10,Place,DLO Services,CROSSLING LTD,1499,DIRECT CHARGES - MATERIALS (DLO)
2012-10,Place,DLO Services,CROSSLING LTD,1379.28,DIRECT CHARGES - MATERIALS (DLO)
2012-10,Place,DLO Services,CROSSLING LTD,769.32,DIRECT CHARGES - MATERIALS (DLO)
2012-10,Place,DLO Services,CROSSLING LTD,1128.12,DIRECT CHARGES - MATERIALS (DLO)
2012-10,Place,DLO Services,CROSSLING LTD,724.9,DIRECT CHARGES - MATERIALS (DLO)
2012-10,Place,DLO Services,CROSSLING LTD,1157.53,DIRECT CHARGES - MATERIALS (DLO)
2012-10,Place,DLO Services,CROSSLING LTD,1031.68,DIRECT CHARGES - MATERIALS (DLO)
2012-10,Place,DLO Services,CROSSLING LTD,1045.71,DIRECT CHARGES - MATERIALS (DLO)
2012-10,Place,DLO Services,CROSSLING LTD,1114.59,DIRECT CHARGES - MATERIALS (DLO)
2012-10,Place,DLO Services,CROSSLING LTD,1090.68,DIRECT CHARGES - MATERIALS (DLO)
2012-10,Place,DLO Services,CROSSLING LTD,1025.63,DIRECT CHARGES - MATERIALS (DLO)
2012-10,Place,DLO Services,CROSSLING LTD,996.57,DIRECT CHARGES - MATERIALS (DLO)
2012-10,Place,DLO Services,CROSSLING LTD,886.74,DIRECT CHARGES - MATERIALS (DLO)
2012-10,Place,DLO Services,CROSSLING LTD,1279.25,DIRECT CHARGES - MATERIALS (DLO)
2012-10,Place,DLO Services,CROSSLING LTD,1330.99,DIRECT CHARGES - MATERIALS (DLO)
2012-10,Place,DLO Services,CROSSLING LTD,1275.11,DIRECT CHARGES - MATERIALS (DLO)
2012-10,Place,DLO Services,CROSSLING LTD,1212.12,DIRECT CHARGES - MATERIALS (DLO)
2012-10,Place,DLO Services,CROSSLING LTD,1037.01,DIRECT CHARGES - MATERIALS (DLO)
2012-10,Place,DLO Services,CROSSLING LTD,1216.2,DIRECT CHARGES - MATERIALS (DLO)
2012-10,Place,DLO Services,CROSSLING LTD,626.24,DIRECT CHARGES - MATERIALS (DLO)
2012-10,Place,DLO Services,CROSSLING LTD,606.3,DIRECT CHARGES - MATERIALS (DLO)
2012-10,Place,DLO Services,CROSSLING LTD,1273.76,DIRECT CHARGES - MATERIALS (DLO)
2012-10,Place,DLO Services,CROSSLING LTD,1172.69,DIRECT CHARGES - MATERIALS (DLO)
2012-10,Place,DLO Services,CROSSLING LTD,1110.44,DIRECT CHARGES - MATERIALS (DLO)
2012-10,Place,DLO Services,CROSSLING LTD,865.21,DIRECT CHARGES - MATERIALS (DLO)
2012-10,Place,DLO Services,CROSSLING LTD,997.46,DIRECT CHARGES - MATERIALS (DLO)
2012-10,Place,DLO Services,CROSSLING LTD,882.94,DIRECT CHARGES - MATERIALS (DLO)
2012-10,Place,DLO Services,CROSSLING LTD,1298.37,DIRECT CHARGES - MATERIALS (DLO)
2012-10,Place,DLO Services,CROSSLING LTD,1213.27,DIRECT CHARGES - MATERIALS (DLO)
2012-10,Place,DLO Services,DARLINGTON RHYTHM & BLUES CLUB,500,Other Supplies & Services
2012-10,Place,DLO Services,DARLINGTON SCAFFOLDING LTD,502,DIRECT CHARGES - CONTRACTORS
2012-10,Place,DLO Services,DELTA ELECTRICAL & MECHANICAL SERVICES LTD,25622.69,DIRECT CHARGES - CONTRACTORS
2012-10,Place,DLO Services,EARLEY ORNAMENTALS LTD,641.25,Bedding Plug Plants
2012-10,Place,DLO Services,EARLEY ORNAMENTALS LTD,590.8,Bedding Plug Plants
2012-10,Place,DLO Services,EARLEY ORNAMENTALS LTD,854.53,Bedding Plug Plants
2012-10,Place,DLO Services,EASBY FLOORING LTD,929.73,DIRECT CHARGES - CONTRACTORS
2012-10,Place,DLO Services,EASBY FLOORING LTD,617.1,DIRECT CHARGES - CONTRACTORS
2012-10,Place,DLO Services,ELDERS WALKER GLASS LTD,1050,DIRECT CHARGES - CONTRACTORS
2012-10,Place,DLO Services,ELECTRIC CENTRE,539.41,DIRECT CHARGES - MATERIALS (DLO)
2012-10,Place,DLO Services,ELECTRIC CENTRE,774.72,STORES PURCHASES (DLO)
2012-10,Place,DLO Services,ELECTRIC CENTRE,705,STORES PURCHASES (DLO)
2012-10,Place,DLO Services,ELECTRIC CENTRE,581.04,STORES PURCHASES (DLO)
2012-10,Place,DLO Services,EXTERIOR LIGHTING SOLUTIONS LTD,3046.4,DIRECT CHARGES - MATERIALS (DLO)
2012-10,Place,DLO Services,EXTERIOR LIGHTING SOLUTIONS LTD,3996.4,DIRECT CHARGES - MATERIALS (DLO)
2012-10,Place,DLO Services,EXTERIOR LIGHTING SOLUTIONS LTD,587.5,DIRECT CHARGES - MATERIALS (DLO)
2012-10,Place,DLO Services,EXTERIOR LIGHTING SOLUTIONS LTD,587.5,DIRECT CHARGES - MATERIALS (DLO)
2012-10,Place,DLO Services,EXTERIOR LIGHTING SOLUTIONS LTD,587.5,DIRECT CHARGES - MATERIALS (DLO)
2012-10,Place,DLO Services,FRACKS TRANSPORT LIMITED,3546,TRANSPORT
2012-10,Place,DLO Services,FRACKS TRANSPORT LIMITED,5159,TRANSPORT
2012-10,Place,DLO Services,FRACKS TRANSPORT LIMITED,3106,TRANSPORT
2012-10,Place,DLO Services,GENTOO CONSTRUCTION LTD,8051.79,DIRECT CHARGES - CONTRACTORS
2012-10,Place,DLO Services,GENTOO CONSTRUCTION LTD,649.07,DIRECT CHARGES - CONTRACTORS
2012-10,Place,DLO Services,GEOFFREY ROBINSON,64334.47,DIRECT CHARGES - CONTRACTORS
2012-10,Place,DLO Services,GRAHAM,1150.2,STORES PURCHASES (DLO)
2012-10,Place,DLO Services,GUS ROBINSON DEVELOPMENTS,67100.24,DIRECT CHARGES - CONTRACTORS
2012-10,Place,DLO Services,GUS ROBINSON DEVELOPMENTS,563.28,DIRECT CHARGES - CONTRACTORS
2012-10,Place,DLO Services,GUS ROBINSON DEVELOPMENTS,27512.14,DIRECT CHARGES - CONTRACTORS
2012-10,Place,DLO Services,HAYS SPECIALIST SERVICES,502.09,AGENCY STAFF COSTS - NON TEACHING
2012-10,Place,DLO Services,HAYS SPECIALIST SERVICES,588,AGENCY STAFF COSTS - NON TEACHING
2012-10,Place,DLO Services,HAYS SPECIALIST SERVICES,761.64,AGENCY STAFF COSTS - NON TEACHING
2012-10,Place,DLO Services,HAYS SPECIALIST SERVICES,580.16,AGENCY STAFF COSTS - NON TEACHING
2012-10,Place,DLO Services,HAYS SPECIALIST SERVICES,580.16,AGENCY STAFF COSTS - NON TEACHING
2012-10,Place,DLO Services,HAYS SPECIALIST SERVICES,552.78,AGENCY STAFF COSTS - NON TEACHING
2012-10,Place,DLO Services,HAYS SPECIALIST SERVICES,552.78,AGENCY STAFF COSTS - NON TEACHING
2012-10,Place,DLO Services,HAYS SPECIALIST SERVICES,580.16,AGENCY STAFF COSTS - NON TEACHING
2012-10,Place,DLO Services,HAYS SPECIALIST SERVICES,761.64,AGENCY STAFF COSTS - NON TEACHING
2012-10,Place,DLO Services,HAYS SPECIALIST SERVICES,761.64,AGENCY STAFF COSTS - NON TEACHING
2012-10,Place,DLO Services,HAYS SPECIALIST SERVICES,580.16,AGENCY STAFF COSTS - NON TEACHING
2012-10,Place,DLO Services,HAYS SPECIALIST SERVICES,580.16,AGENCY STAFF COSTS - NON TEACHING
2012-10,Place,DLO Services,HAYS SPECIALIST SERVICES,552.78,AGENCY STAFF COSTS - NON TEACHING
2012-10,Place,DLO Services,HAYS SPECIALIST SERVICES,744.33,AGENCY STAFF COSTS - NON TEACHING
2012-10,Place,DLO Services,HAYS SPECIALIST SERVICES,580.16,AGENCY STAFF COSTS - NON TEACHING
2012-10,Place,DLO Services,HAYS SPECIALIST SERVICES,580.16,AGENCY STAFF COSTS - NON TEACHING
2012-10,Place,DLO Services,HAYS SPECIALIST SERVICES,580.16,AGENCY STAFF COSTS - NON TEACHING
2012-10,Place,DLO Services,HAYS SPECIALIST SERVICES,580.16,AGENCY STAFF COSTS - NON TEACHING
2012-10,Place,DLO Services,HAYS SPECIALIST SERVICES,580.16,AGENCY STAFF COSTS - NON TEACHING
2012-10,Place,DLO Services,HAYS SPECIALIST SERVICES,502.09,AGENCY STAFF COSTS - NON TEACHING
2012-10,Place,DLO Services,HAYS SPECIALIST SERVICES,502.09,AGENCY STAFF COSTS - NON TEACHING
2012-10,Place,DLO Services,HAYS SPECIALIST SERVICES,552.78,AGENCY STAFF COSTS - NON TEACHING
2012-10,Place,DLO Services,HAYS SPECIALIST SERVICES,552.78,AGENCY STAFF COSTS - NON TEACHING
2012-10,Place,DLO Services,HAYS SPECIALIST SERVICES,502.09,AGENCY STAFF COSTS - NON TEACHING
2012-10,Place,DLO Services,HAYS SPECIALIST SERVICES,580.16,AGENCY STAFF COSTS - NON TEACHING
2012-10,Place,DLO Services,HB ALUMINIUM FABRICATIONS LTD,816.4,DIRECT CHARGES - CONTRACTORS
2012-10,Place,DLO Services,HB ALUMINIUM FABRICATIONS LTD,878.04,DIRECT CHARGES - CONTRACTORS
2012-10,Place,DLO Services,HB ALUMINIUM FABRICATIONS LTD,50833.37,DIRECT CHARGES - CONTRACTORS
2012-10,Place,DLO Services,HB ALUMINIUM FABRICATIONS LTD,22423.69,DIRECT CHARGES - CONTRACTORS
2012-10,Place,DLO Services,HEINEKEN UK,635.24,BAR PROVISIONS FOR RESALE
2012-10,Place,DLO Services,HEINEKEN UK,543.9,BAR PROVISIONS FOR RESALE
2012-10,Place,DLO Services,HEINEKEN UK,680.32,BAR PROVISIONS FOR RESALE
2012-10,Place,DLO Services,HEINEKEN UK,1290.44,BAR PROVISIONS FOR RESALE
2012-10,Place,DLO Services,HIGHWAYS TRAINING ASSOCIATES LIMITED,1185,EMPLOYEE TRAINING COURSE COSTS
2012-10,Place,DLO Services,HILL BASTIN INTERIORS LTD,4632.71,DIRECT CHARGES - CONTRACTORS
2012-10,Place,DLO Services,HOPWELLS LIMITED,677.96,CATERING PROVISIONS
2012-10,Place,DLO Services,HPS MAINTENANCE & RESTORATION LTD,502.95,DIRECT CHARGES - CONTRACTORS
2012-10,Place,DLO Services,INDUSTRIAL DEEP CLEANING LTD,950,CLEANING MATERIALS & CONSUMABLES
2012-10,Place,DLO Services,INTERACTIVE PROJECTS & DESIGN LTD,2562.81,DIRECT CHARGES - CONTRACTORS
2012-10,Place,DLO Services,INTERACTIVE PROJECTS & DESIGN LTD,12959.38,DIRECT CHARGES - CONTRACTORS
2012-10,Place,DLO Services,JCB FINANCE (LEASING LTD),10899.18,LEASING CHARGES
2012-10,Place,DLO Services,JCB FINANCE (LEASING LTD),3110.3,LEASING CHARGES
2012-10,Place,DLO Services,JEWSON LTD,792.1,STORES PURCHASES (DLO)
2012-10,Place,DLO Services,JOHN FLOWERS LIMITED (GRANTS),2580.17,DIRECT CHARGES - CONTRACTORS
2012-10,Place,DLO Services,K C PLANT HIRE,700,PLANT HIRE
2012-10,Place,DLO Services,KERNOCK PARK PLANTS,572,Bedding Plug Plants
2012-10,Place,DLO Services,LS SYSTEMS LTD,7300.8,Compost
2012-10,Place,DLO Services,LUBBE & SONS (BULBS) LTD,1200,Finished Bedding
2012-10,Place,DLO Services,LUBBE & SONS (BULBS) LTD,4786.25,Finished Bedding
2012-10,Place,DLO Services,LUBBE & SONS (BULBS) LTD,1267.73,Finished Bedding
2012-10,Place,DLO Services,LUBBE & SONS (BULBS) LTD,650.59,Finished Bedding
2012-10,Place,DLO Services,LUBBE & SONS (BULBS) LTD,1568.78,Finished Bedding
2012-10,Place,DLO Services,LUBBE & SONS (BULBS) LTD,1539.68,Finished Bedding
2012-10,Place,DLO Services,LUBBE & SONS (BULBS) LTD,2663.94,Finished Bedding
2012-10,Place,DLO Services,LUBBE & SONS (BULBS) LTD,1081.5,Finished Bedding
2012-10,Place,DLO Services,LUCY ZODION LTD,1158,STORES PURCHASES (DLO)
2012-10,Place,DLO Services,LYTESTREAM ELECTRICAL CONTRACTORS,2242.68,DIRECT CHARGES - CONTRACTORS
2012-10,Place,DLO Services,LYTESTREAM ELECTRICAL CONTRACTORS,1493.79,DIRECT CHARGES - CONTRACTORS
2012-10,Place,DLO Services,LYTESTREAM ELECTRICAL CONTRACTORS,2211.85,DIRECT CHARGES - CONTRACTORS
2012-10,Place,DLO Services,LYTESTREAM ELECTRICAL CONTRACTORS,509.37,DIRECT CHARGES - CONTRACTORS
2012-10,Place,DLO Services,LYTESTREAM ELECTRICAL CONTRACTORS,1390.01,DIRECT CHARGES - CONTRACTORS
2012-10,Place,DLO Services,LYTESTREAM ELECTRICAL CONTRACTORS,18913.27,DIRECT CHARGES - CONTRACTORS
2012-10,Place,DLO Services,LYTESTREAM ELECTRICAL CONTRACTORS,27455.28,DIRECT CHARGES - CONTRACTORS
2012-10,Place,DLO Services,MALLATITE LIMITED,1490.5,DIRECT CHARGES - MATERIALS (DLO)
2012-10,Place,DLO Services,MANSE MASTERDOR  LTD,560.53,DIRECT CHARGES - MATERIALS (DLO)
2012-10,Place,DLO Services,MANSE MASTERDOR  LTD,501.93,DIRECT CHARGES - MATERIALS (DLO)
2012-10,Place,DLO Services,MANSE MASTERDOR  LTD,622.74,DIRECT CHARGES - MATERIALS (DLO)
2012-10,Place,DLO Services,MARWOOD ELECTRICAL COMPANY LTD,573.75,DIRECT CHARGES - MATERIALS (DLO)
2012-10,Place,DLO Services,MARWOOD ELECTRICAL COMPANY LTD,605.25,DIRECT CHARGES - MATERIALS (DLO)
2012-10,Place,DLO Services,MARWOOD ELECTRICAL COMPANY LTD,653.25,DIRECT CHARGES - MATERIALS (DLO)
2012-10,Place,DLO Services,MARWOOD ELECTRICAL COMPANY LTD,733,DIRECT CHARGES - MATERIALS (DLO)
2012-10,Place,DLO Services,MGM LTD,2970,DIRECT CHARGES - CONTRACTORS
2012-10,Place,DLO Services,MGM LTD,15253.8,DIRECT CHARGES - CONTRACTORS
2012-10,Place,DLO Services,MILES MACADAM LTD,49407.21,DIRECT CHARGES - CONTRACTORS
2012-10,Place,DLO Services,MITIE PROPERTY SERVICES (NORTH EAST) LTD,3060.04,DIRECT CHARGES - CONTRACTORS
2012-10,Place,DLO Services,MITIE PROPERTY SERVICES (NORTH EAST) LTD,1045.72,DIRECT CHARGES - CONTRACTORS
2012-10,Place,DLO Services,MITIE PROPERTY SERVICES (NORTH EAST) LTD,12609.48,DIRECT CHARGES - CONTRACTORS
2012-10,Place,DLO Services,MITIE PROPERTY SERVICES (NORTH EAST) LTD,3572,DIRECT CHARGES - CONTRACTORS
2012-10,Place,DLO Services,MITIE PROPERTY SERVICES (NORTH EAST) LTD,5679.98,DIRECT CHARGES - CONTRACTORS
2012-10,Place,DLO Services,MITIE PROPERTY SERVICES (NORTH EAST) LTD,1599,DIRECT CHARGES - CONTRACTORS
2012-10,Place,DLO Services,MITIE PROPERTY SERVICES (NORTH EAST) LTD,1590.37,DIRECT CHARGES - CONTRACTORS
2012-10,Place,DLO Services,MITIE PROPERTY SERVICES (NORTH EAST) LTD,13499.5,DIRECT CHARGES - CONTRACTORS
2012-10,Place,DLO Services,MKM BUILDING SUPPLIES (HULL) LTD,2050,ENVIRONMENTAL
2012-10,Place,DLO Services,MKM BUILDING SUPPLIES (HULL) LTD,576.4,STORES PURCHASES (DLO)
2012-10,Place,DLO Services,MKM BUILDING SUPPLIES (HULL) LTD,2684,DIRECT CHARGES - MATERIALS (DLO)
2012-10,Place,DLO Services,MKM BUILDING SUPPLIES (HULL) LTD,590,DIRECT CHARGES - MATERIALS (DLO)
2012-10,Place,DLO Services,MKM BUILDING SUPPLIES (HULL) LTD,1948.72,DIRECT CHARGES - MATERIALS (DLO)
2012-10,Place,DLO Services,MKM BUILDING SUPPLIES (HULL) LTD,680.4,DIRECT CHARGES - MATERIALS (DLO)
2012-10,Place,DLO Services,MRC ROADS LIMITED,745.54,DIRECT CHARGES - CONTRACTORS
2012-10,Place,DLO Services,MRC ROADS LIMITED,1273.12,DIRECT CHARGES - CONTRACTORS
2012-10,Place,DLO Services,MRC ROADS LIMITED,633.78,DIRECT CHARGES - CONTRACTORS
2012-10,Place,DLO Services,MRC ROADS LIMITED,645.5,DIRECT CHARGES - CONTRACTORS
2012-10,Place,DLO Services,MRC ROADS LIMITED,535.55,DIRECT CHARGES - CONTRACTORS
2012-10,Place,DLO Services,MRC ROADS LIMITED,1213.87,DIRECT CHARGES - CONTRACTORS
2012-10,Place,DLO Services,MRC ROADS LIMITED,596.7,DIRECT CHARGES - CONTRACTORS
2012-10,Place,DLO Services,MRC ROADS LIMITED,623.05,DIRECT CHARGES - CONTRACTORS
2012-10,Place,DLO Services,MRC ROADS LIMITED,893.7,DIRECT CHARGES - CONTRACTORS
2012-10,Place,DLO Services,N T SWEETING ROOFING CONTRACTORS LTD,848,DIRECT CHARGES - CONTRACTORS
2012-10,Place,DLO Services,NEASHAM NURSERIES LTD,2040,Finished Bedding
2012-10,Place,DLO Services,NORTHUMBRIAN ROADS LTD,12001.69,DIRECT CHARGES - CONTRACTORS
2012-10,Place,DLO Services,NORTHUMBRIAN WATER,3265.11,WATER CHARGES
2012-10,Place,DLO Services,NPOWER,838.09,DIRECT CHARGES - CONTRACTORS
2012-10,Place,DLO Services,NPOWER,533.33,DIRECT CHARGES - CONTRACTORS
2012-10,Place,DLO Services,PERVASIC LTD,16752,ICT HARDWARE SUPPORT & MAINTENANCE
2012-10,Place,DLO Services,PREMIER TRAFFIC MANAGEMENT,2530.38,DIRECT CHARGES - CONTRACTORS
2012-10,Place,DLO Services,PREMIER TRAFFIC MANAGEMENT,989.45,DIRECT CHARGES - CONTRACTORS
2012-10,Place,DLO Services,PREMIER TRAFFIC MANAGEMENT,5192.65,DIRECT CHARGES - CONTRACTORS
2012-10,Place,DLO Services,PREMIER TRAFFIC MANAGEMENT,856.28,DIRECT CHARGES - CONTRACTORS
2012-10,Place,DLO Services,PREMIER TRAFFIC MANAGEMENT,1519.23,DIRECT CHARGES - CONTRACTORS
2012-10,Place,DLO Services,PREMIER TRAFFIC MANAGEMENT,1732,DIRECT CHARGES - CONTRACTORS
2012-10,Place,DLO Services,PREMIER TRAFFIC MANAGEMENT,4844.59,DIRECT CHARGES - CONTRACTORS
2012-10,Place,DLO Services,PREMIER TRAFFIC MANAGEMENT,2804.84,DIRECT CHARGES - CONTRACTORS
2012-10,Place,DLO Services,PREMIER TRAFFIC MANAGEMENT,5387.36,DIRECT CHARGES - CONTRACTORS
2012-10,Place,DLO Services,PREMIER TRAFFIC MANAGEMENT,2950.43,DIRECT CHARGES - CONTRACTORS
2012-10,Place,DLO Services,PREMIER TRAFFIC MANAGEMENT,520,DIRECT CHARGES - CONTRACTORS
2012-10,Place,DLO Services,PREMIER TRAFFIC MANAGEMENT,758.28,DIRECT CHARGES - CONTRACTORS
2012-10,Place,DLO Services,RANDSTAD CPE LTD,845.08,AGENCY STAFF COSTS - NON TEACHING
2012-10,Place,DLO Services,RANDSTAD CPE LTD,845.08,AGENCY STAFF COSTS - NON TEACHING
2012-10,Place,DLO Services,RANDSTAD CPE LTD,704.16,AGENCY STAFF COSTS - NON TEACHING
2012-10,Place,DLO Services,RANDSTAD CPE LTD,845.08,AGENCY STAFF COSTS - NON TEACHING
2012-10,Place,DLO Services,RIDER INDUSTRIAL & SPECIALIST CLEANING,2991.5,DIRECT CHARGES - CONTRACTORS
2012-10,Place,DLO Services,RIDER INDUSTRIAL & SPECIALIST CLEANING,2991.5,DIRECT CHARGES - CONTRACTORS
2012-10,Place,DLO Services,RIDER INDUSTRIAL & SPECIALIST CLEANING,1597,DIRECT CHARGES - CONTRACTORS
2012-10,Place,DLO Services,RIDER INDUSTRIAL & SPECIALIST CLEANING,1700,DIRECT CHARGES - CONTRACTORS
2012-10,Place,DLO Services,RMS RECRUITMENT,532.06,AGENCY STAFF COSTS - NON TEACHING
2012-10,Place,DLO Services,RMS RECRUITMENT,1131.46,AGENCY STAFF COSTS - NON TEACHING
2012-10,Place,DLO Services,RMS RECRUITMENT,704.55,AGENCY STAFF COSTS - NON TEACHING
2012-10,Place,DLO Services,RMS RECRUITMENT,2480.87,AGENCY STAFF COSTS - NON TEACHING
2012-10,Place,DLO Services,RMS RECRUITMENT,628.53,AGENCY STAFF COSTS - NON TEACHING
2012-10,Place,DLO Services,RMS RECRUITMENT,532.06,AGENCY STAFF COSTS - NON TEACHING
2012-10,Place,DLO Services,RMS RECRUITMENT,1131.46,AGENCY STAFF COSTS - NON TEACHING
2012-10,Place,DLO Services,RMS RECRUITMENT,534.28,AGENCY STAFF COSTS - NON TEACHING
2012-10,Place,DLO Services,RMS RECRUITMENT,704.55,AGENCY STAFF COSTS - NON TEACHING
2012-10,Place,DLO Services,RMS RECRUITMENT,744.81,AGENCY STAFF COSTS - NON TEACHING
2012-10,Place,DLO Services,RMS RECRUITMENT,3014.17,AGENCY STAFF COSTS - NON TEACHING
2012-10,Place,DLO Services,RMS RECRUITMENT,539.4,AGENCY STAFF COSTS - NON TEACHING
2012-10,Place,DLO Services,RMS RECRUITMENT,508.4,AGENCY STAFF COSTS - NON TEACHING
2012-10,Place,DLO Services,RMS RECRUITMENT,744.81,AGENCY STAFF COSTS - NON TEACHING
2012-10,Place,DLO Services,RMS RECRUITMENT,1131.46,AGENCY STAFF COSTS - NON TEACHING
2012-10,Place,DLO Services,RMS RECRUITMENT,902.11,AGENCY STAFF COSTS - NON TEACHING
2012-10,Place,DLO Services,RMS RECRUITMENT,734.75,AGENCY STAFF COSTS - NON TEACHING
2012-10,Place,DLO Services,RMS RECRUITMENT,744.81,AGENCY STAFF COSTS - NON TEACHING
2012-10,Place,DLO Services,RMS RECRUITMENT,744.81,AGENCY STAFF COSTS - NON TEACHING
2012-10,Place,DLO Services,RMS RECRUITMENT,533.45,AGENCY STAFF COSTS - NON TEACHING
2012-10,Place,DLO Services,RMS RECRUITMENT,532.06,AGENCY STAFF COSTS - NON TEACHING
2012-10,Place,DLO Services,RMS RECRUITMENT,1009.96,AGENCY STAFF COSTS - NON TEACHING
2012-10,Place,DLO Services,RMS RECRUITMENT,1131.46,AGENCY STAFF COSTS - NON TEACHING
2012-10,Place,DLO Services,RMS RECRUITMENT,750.88,AGENCY STAFF COSTS - NON TEACHING
2012-10,Place,DLO Services,RMS RECRUITMENT,534.28,AGENCY STAFF COSTS - NON TEACHING
2012-10,Place,DLO Services,RMS RECRUITMENT,532.06,AGENCY STAFF COSTS - NON TEACHING
2012-10,Place,DLO Services,RMS RECRUITMENT,532.06,AGENCY STAFF COSTS - NON TEACHING
2012-10,Place,DLO Services,RMS RECRUITMENT,534.28,AGENCY STAFF COSTS - NON TEACHING
2012-10,Place,DLO Services,RMS RECRUITMENT,1131.46,AGENCY STAFF COSTS - NON TEACHING
2012-10,Place,DLO Services,RMS RECRUITMENT,642.58,AGENCY STAFF COSTS - NON TEACHING
2012-10,Place,DLO Services,RMS RECRUITMENT,532.06,AGENCY STAFF COSTS - NON TEACHING
2012-10,Place,DLO Services,S & I STRUCTURES,1210,DIRECT CHARGES - CONTRACTORS
2012-10,Place,DLO Services,SEYMOUR (CIVIL ENGINEERING CONTRACTORS),1396.77,DIRECT CHARGES - CONTRACTORS
2012-10,Place,DLO Services,SEYMOUR (CIVIL ENGINEERING CONTRACTORS),639.05,DIRECT CHARGES - CONTRACTORS
2012-10,Place,DLO Services,SHERBURN STONE CO LTD,671.74,DIRECT CHARGES - MATERIALS (DLO)
2012-10,Place,DLO Services,SHERBURN STONE CO LTD,792.9,DIRECT CHARGES - MATERIALS (DLO)
2012-10,Place,DLO Services,SHERBURN STONE CO LTD,1381.5,DIRECT CHARGES - MATERIALS (DLO)
2012-10,Place,DLO Services,SHERBURN STONE CO LTD,1081.16,DIRECT CHARGES - MATERIALS (DLO)
2012-10,Place,DLO Services,SHERBURN STONE CO LTD,889.55,DIRECT CHARGES - MATERIALS (DLO)
2012-10,Place,DLO Services,SIBCAS LTD,775,DIRECT CHARGES - MATERIALS (DLO)
2012-10,Place,DLO Services,SIEMENS FINANCIAL SERVICES LTD,1695.79,LEASING CHARGES
2012-10,Place,DLO Services,SIGNPOST SOLUTIONS,594.67,DIRECT CHARGES - MATERIALS (DLO)
2012-10,Place,DLO Services,SMH PRODUCTS LTD,1190,EQUIPMENT
2012-10,Place,DLO Services,SOCIETE GENERALE,15059.73,LEASING CHARGES
2012-10,Place,DLO Services,STOBBS WHOLESALERS,618.26,CATERING PROVISIONS
2012-10,Place,DLO Services,STOBBS WHOLESALERS,500.16,CATERING PROVISIONS
2012-10,Place,DLO Services,STONEGRAVE AGGREGATES LTD,551.68,WASTE DISPOSAL
2012-10,Place,DLO Services,STONEGRAVE AGGREGATES LTD,862.58,DIRECT CHARGES - MATERIALS (DLO)
2012-10,Place,DLO Services,STONEGRAVE AGGREGATES LTD,1070.49,DIRECT CHARGES - MATERIALS (DLO)
2012-10,Place,DLO Services,STONEGRAVE AGGREGATES LTD,1001.01,DIRECT CHARGES - MATERIALS (DLO)
2012-10,Place,DLO Services,STONEGRAVE AGGREGATES LTD,690.55,DIRECT CHARGES - MATERIALS (DLO)
2012-10,Place,DLO Services,STONEGRAVE AGGREGATES LTD,551.99,DIRECT CHARGES - MATERIALS (DLO)
2012-10,Place,DLO Services,TARMAC LTD,38837.63,DIRECT CHARGES - CONTRACTORS
2012-10,Place,DLO Services,TARMAC LTD,18402.79,DIRECT CHARGES - CONTRACTORS
2012-10,Place,DLO Services,TEAMS ROOFING LIMITED,823.7,DIRECT CHARGES - CONTRACTORS
2012-10,Place,DLO Services,THE SYMPHONY GROUP PLC,516.53,DIRECT CHARGES - MATERIALS (DLO)
2012-10,Place,DLO Services,THE SYMPHONY GROUP PLC,562.76,DIRECT CHARGES - MATERIALS (DLO)
2012-10,Place,DLO Services,THE SYMPHONY GROUP PLC,518.07,DIRECT CHARGES - MATERIALS (DLO)
2012-10,Place,DLO Services,THE SYMPHONY GROUP PLC,670.52,DIRECT CHARGES - MATERIALS (DLO)
2012-10,Place,DLO Services,TODDS HIGHWAY MAINTENANCE LTD,740,DIRECT CHARGES - CONTRACTORS
2012-10,Place,DLO Services,TODDS HIGHWAY MAINTENANCE LTD,910,DIRECT CHARGES - CONTRACTORS
2012-10,Place,DLO Services,TODDS HIGHWAY MAINTENANCE LTD,1850,DIRECT CHARGES - CONTRACTORS
2012-10,Place,DLO Services,TODDS HIGHWAY MAINTENANCE LTD,5850,DIRECT CHARGES - CONTRACTORS
2012-10,Place,DLO Services,TODDS HIGHWAY MAINTENANCE LTD,4350,DIRECT CHARGES - CONTRACTORS
2012-10,Place,DLO Services,TONY WARD PLANT HIRE (T W DEVELOPMENTS),760,DIRECT CHARGES - CONTRACTORS
2012-10,Place,DLO Services,TONY WARD PLANT HIRE (T W DEVELOPMENTS),760,DIRECT CHARGES - CONTRACTORS
2012-10,Place,DLO Services,TONY WARD PLANT HIRE (T W DEVELOPMENTS),608,DIRECT CHARGES - CONTRACTORS
2012-10,Place,DLO Services,TONY WARD PLANT HIRE (T W DEVELOPMENTS),912,DIRECT CHARGES - CONTRACTORS
2012-10,Place,DLO Services,TONY WARD PLANT HIRE (T W DEVELOPMENTS),549.9,DIRECT CHARGES - CONTRACTORS
2012-10,Place,DLO Services,TRADESLINK ASBESTOS SERVICES LTD,2264.63,AGENCY STAFF COSTS - NON TEACHING
2012-10,Place,DLO Services,TRADESLINK ASBESTOS SERVICES LTD,588,AGENCY STAFF COSTS - NON TEACHING
2012-10,Place,DLO Services,TRADESLINK ASBESTOS SERVICES LTD,2264.63,AGENCY STAFF COSTS - NON TEACHING
2012-10,Place,DLO Services,TRADESLINK ASBESTOS SERVICES LTD,735,AGENCY STAFF COSTS - NON TEACHING
2012-10,Place,DLO Services,TRADESLINK ASBESTOS SERVICES LTD,554.63,AGENCY STAFF COSTS - NON TEACHING
2012-10,Place,DLO Services,TRADESLINK ASBESTOS SERVICES LTD,1207.8,AGENCY STAFF COSTS - NON TEACHING
2012-10,Place,DLO Services,TRADESLINK ASBESTOS SERVICES LTD,735,AGENCY STAFF COSTS - NON TEACHING
2012-10,Place,DLO Services,TRADESLINK ASBESTOS SERVICES LTD,2113.65,AGENCY STAFF COSTS - NON TEACHING
2012-10,Place,DLO Services,TRADESLINK ASBESTOS SERVICES LTD,735,AGENCY STAFF COSTS - NON TEACHING
2012-10,Place,DLO Services,TRIPLE POINT LEASE PARTNERS,17067.48,LEASING CHARGES
2012-10,Place,DLO Services,TRU-LINE (SUSPENDED CEILINGS) LTD,5712.82,DIRECT CHARGES - CONTRACTORS
2012-10,Place,DLO Services,TRU-LINE (SUSPENDED CEILINGS) LTD,988,DIRECT CHARGES - CONTRACTORS
2012-10,Place,DLO Services,TYNEDALE GARDEN SERVICES C/S,1788,Containers
2012-10,Place,DLO Services,TYNEDALE GARDEN SERVICES C/S,1060,Greenhouses
2012-10,Place,DLO Services,TYNEDALE GARDEN SERVICES C/S,1590,Greenhouses
2012-10,Place,DLO Services,TYNEDALE GARDEN SERVICES C/S,3277,HORTICULTURE SUPPLIES
2012-10,Place,DLO Services,ULTIMATE COMMUNICATION SYSTEMS,634.12,Other Supplies & Services
2012-10,Place,DLO Services,WERNICK HIRE LTD,804.56,DIRECT CHARGES - MATERIALS (DLO)
2012-10,Place,DLO Services,WESTWOOD TIMBER & FENCING,560,DIRECT CHARGES - CONTRACTORS
2012-10,Place,DLO Services,WESTWOOD TIMBER & FENCING,3070.66,DIRECT CHARGES - CONTRACTORS
2012-10,Place,DLO Services,WESTWOOD TIMBER & FENCING,7164.86,DIRECT CHARGES - CONTRACTORS
2012-10,Place,DLO Services,WOLSELEY UK LTD,695.5,DIRECT CHARGES - MATERIALS (DLO)
2012-10,Place,Environmental Services,COMMUNITY IMPACT ENTERPRISE LTD,778.7,3rd Part Apprentices
2012-10,Place,Environmental Services,COMMUNITY IMPACT ENTERPRISE LTD,952.9,3rd Part Apprentices
2012-10,Place,Environmental Services,CTRACK LTD,912.5,ICT HARDWARE SUPPORT & MAINTENANCE
2012-10,Place,Environmental Services,CTRACK LTD,912.5,ICT HARDWARE SUPPORT & MAINTENANCE
2012-10,Place,Environmental Services,DEERNESS KENNELS,712.8,COMMISSIONS & OTHER SERVICES
2012-10,Place,Environmental Services,DIFFERENTIA LTD,1020.1,CONSULTANCY FEES
2012-10,Place,Environmental Services,DIFFERENTIA LTD,4141.5,CONSULTANCY FEES
2012-10,Place,Environmental Services,DR CARTER AND PARTNERS,1732.5,MEDICAL
2012-10,Place,Environmental Services,JOHN WADE (HAULAGE) LTD,2670,WASTE DISPOSAL
2012-10,Place,Environmental Services,LANDSCAPE SOLUTIONS,3828.7,Routine Maintenance
2012-10,Place,Environmental Services,LOST ART LIMITED,7495,BUILDING REPAIRS AND MAINTENANCE
2012-10,Place,Environmental Services,MKM BUILDING SUPPLIES (HULL) LTD,1537.5,Other Supplies & Services
2012-10,Place,Environmental Services,NORDIC PIONEER LIMITED,2650.05,AGENCY STAFF COSTS - NON TEACHING
2012-10,Place,Environmental Services,NORDIC PIONEER LIMITED,529.1,AGENCY STAFF COSTS - NON TEACHING
2012-10,Place,Environmental Services,NORDIC PIONEER LIMITED,2260.7,AGENCY STAFF COSTS - NON TEACHING
2012-10,Place,Environmental Services,NORTHUMBRIAN WATER,1441.1,WATER CHARGES
2012-10,Place,Environmental Services,PEACOCK SALT,1841.25,BUILDING CLEANING
2012-10,Place,Environmental Services,PREMIER TRAFFIC MANAGEMENT,2900,Other Supplies & Services
2012-10,Place,Environmental Services,PREMIER TRAFFIC MANAGEMENT,12180,Other Supplies & Services
2012-10,Place,Environmental Services,RMS RECRUITMENT,1394.41,AGENCY STAFF COSTS - NON TEACHING
2012-10,Place,Environmental Services,RMS RECRUITMENT,1237.65,AGENCY STAFF COSTS - NON TEACHING
2012-10,Place,Environmental Services,RMS RECRUITMENT,1650.2,AGENCY STAFF COSTS - NON TEACHING
2012-10,Place,Environmental Services,RMS RECRUITMENT,1599.5,AGENCY STAFF COSTS - NON TEACHING
2012-10,Place,Environmental Services,RMS RECRUITMENT,1507.34,AGENCY STAFF COSTS - NON TEACHING
2012-10,Place,Environmental Services,RMS RECRUITMENT,1565.84,AGENCY STAFF COSTS - NON TEACHING
2012-10,Place,Environmental Services,RMS RECRUITMENT,1566.58,AGENCY STAFF COSTS - NON TEACHING
2012-10,Place,Environmental Services,RMS RECRUITMENT,1187.33,AGENCY STAFF COSTS - NON TEACHING
2012-10,Place,Environmental Services,STONEGRAVE AGGREGATES LTD,5285.78,Waste Management
2012-10,Place,Environmental Services,STONEGRAVE AGGREGATES LTD,277630.67,Waste Management
2012-10,Place,Environmental Services,TARMAC LTD,541.69,MATERIALS
2012-10,Place,Environmental Services,THE PHOENIX PARTNERSHIP,2980,EQUIPMENT R&M
2012-10,Place,Environmental Services,THE PHOENIX PARTNERSHIP,590.5,EQUIPMENT R&M
2012-10,Place,Environmental Services,THE PHOENIX PARTNERSHIP,1624.4,EQUIPMENT R&M
2012-10,Place,Environmental Services,VIGLEN LTD,545,ICT HARDWARE PURCHASE
2012-10,Place,Environmental Services,WYBONE LTD,3000,Other Supplies & Services
2012-10,Place,Highway Asset Management,MIDDLESBROUGH BOROUGH COUNCIL,1797.1,Statutory Testing
2012-10,Place,Highway Asset Management,NORTHERN POWERGRID (NORTHEAST) LTD,682.58,Routine Maintenance
2012-10,Place,Highway Asset Management,NPOWER NORTHERN FINANCE,53018.64,ELECTRICITY
2012-10,Place,Highway Asset Management,NPOWER NORTHERN FINANCE,602.93,ELECTRICITY
2012-10,Place,Highway Asset Management,NPOWER NORTHERN LTD,1298.22,ELECTRICITY
2012-10,Place,Highway Network Management,CITY OF NEWCASTLE UPON TYNE,4554.17,Routine Maintenance
2012-10,Place,Highway Network Management,MACS AUTOMATED BOLLARD SYSTEMS LTD,1236.85,CCTV MONITORING CHARGE
2012-10,Place,Highway Network Management,MACS AUTOMATED BOLLARD SYSTEMS LTD,1125,CCTV MONITORING CHARGE
2012-10,Place,Highway Network Management,MACS AUTOMATED BOLLARD SYSTEMS LTD,1880.95,CCTV MONITORING CHARGE
2012-10,Place,Highway Network Management,MACS AUTOMATED BOLLARD SYSTEMS LTD,1700,CCTV MONITORING CHARGE
2012-10,Place,Highway Network Management,NEWSQUEST (YORKSHIRE & NORTH EAST) LTD,3603.23,Traffic Management
2012-10,Place,Highway Network Management,NPOWER NORTHERN FINANCE,1320,ELECTRICITY
2012-10,Place,Highway Network Management,THE CYCLISTS TOURING CLUB,1320,EMPLOYEE TRAINING COURSE COSTS
2012-10,Place,Highway Network Management,WESTWOOD TIMBER & FENCING,605,Traffic Management
2012-10,Place,Highways Management,KEY TRAFFIC SYSTEMS LTD,1610,ICT SOFTWARE SUPPORT & MAINTENANCE
2012-10,Place,Highways Management,MICROCAD LTD,4500,EMPLOYEE TRAINING COURSE COSTS
2012-10,Place,Highways Management,RMS RECRUITMENT,653.2,AGENCY STAFF COSTS - NON TEACHING
2012-10,Place,Highways Management,RMS RECRUITMENT,604.21,AGENCY STAFF COSTS - NON TEACHING
2012-10,Place,Highways Management,RMS RECRUITMENT,620.54,AGENCY STAFF COSTS - NON TEACHING
2012-10,Place,Highways Management,RMS RECRUITMENT,604.21,AGENCY STAFF COSTS - NON TEACHING
2012-10,Place,Highways Management,RMS RECRUITMENT,604.21,AGENCY STAFF COSTS - NON TEACHING
2012-10,Place,Programme & Projects,ARRIVA NORTH EAST LIMITED,223004.53,Other Supplies & Services
2012-10,Place,Programme & Projects,ARRIVA NORTH EAST LIMITED,4413.17,Other Supplies & Services
2012-10,Place,Programme & Projects,ARRIVA NORTH EAST LIMITED,222885.17,Other Supplies & Services
2012-10,Place,Programme & Projects,ARRIVA NORTH EAST LIMITED,223763.1,Other Supplies & Services
2012-10,Place,Programme & Projects,BLUMILK,760,MARKETING & ADVERTISING
2012-10,Place,Programme & Projects,CBS OUTDOOR LTD,4915,MARKETING & ADVERTISING
2012-10,Place,Programme & Projects,CLIVE OWEN AND CO LLP,1050,Other Supplies & Services
2012-10,Place,Programme & Projects,F G M DECORATORS,615.5,Other Supplies & Services
2012-10,Place,Programme & Projects,GO GATESHEAD LTD,3070.05,Other Supplies & Services
2012-10,Place,Programme & Projects,JMP CONSULTANTS LTD,3030,CONSULTANCY FEES
2012-10,Place,Programme & Projects,JMP CONSULTANTS LTD,1490,CONSULTANCY FEES
2012-10,Place,Programme & Projects,MIDDLESBROUGH BOROUGH COUNCIL,900,PROFESSIONAL FEES & CONSULTANCY
2012-10,Place,Programme & Projects,MIKE LYNCH ADVERTISING,1412.5,MARKETING & ADVERTISING
2012-10,Place,Programme & Projects,NORTHERN RAIL LIMITED,3500,PROFESSIONAL FEES & CONSULTANCY
2012-10,Place,Programme & Projects,REVOLUTION,10100,PROFESSIONAL FEES & CONSULTANCY
2012-10,Place,Programme & Projects,VIGLEN LTD,939,ICT HARDWARE PURCHASE
2012-10,Place,Regulatory Services,GEMS (SW) LIMITED,1250,PROFESSIONAL FEES & CONSULTANCY
2012-10,Place,Regulatory Services,IMPERIAL CIVIL ENFORCEMENT SOLUTIONS LTD,3000,EMPLOYEE TRAINING COURSE COSTS
2012-10,Place,Regulatory Services,LIBERTY SERVICES,1630,STATIONERY
2012-10,Place,Regulatory Services,METRIC GROUP LIMITED,2273.04,EQUIPMENT R&M
2012-10,Place,Regulatory Services,NSL LIMITED,4105.22,SECURITY SERVICES
2012-10,Place,Regulatory Services,PARKEON,12264,EQUIPMENT
2012-10,Place,Regulatory Services,PARKEON,16066.52,EQUIPMENT R&M
2012-10,Place,Regulatory Services,PAY BY PHONE,523.19,ICT SOFTWARE SUPPORT & MAINTENANCE
2012-10,Place,Transport & Building Cleaning,ACCESS HIRE NATIONWIDE LTD,1285.71,VEHICLE HIRE
2012-10,Place,Transport & Building Cleaning,ATS EUROMASTER LTD,631.96,MATERIALS
2012-10,Place,Transport & Building Cleaning,ATS EUROMASTER LTD,561.28,MATERIALS
2012-10,Place,Transport & Building Cleaning,CDM RECRUITMENT LTD,597.92,AGENCY STAFF COSTS - NON TEACHING
2012-10,Place,Transport & Building Cleaning,CDM RECRUITMENT LTD,597.92,AGENCY STAFF COSTS - NON TEACHING
2012-10,Place,Transport & Building Cleaning,CDM RECRUITMENT LTD,597.92,AGENCY STAFF COSTS - NON TEACHING
2012-10,Place,Transport & Building Cleaning,CDM RECRUITMENT LTD,597.92,AGENCY STAFF COSTS - NON TEACHING
2012-10,Place,Transport & Building Cleaning,CHATFIELDS TYNE TEES,900,MATERIALS
2012-10,Place,Transport & Building Cleaning,CHATFIELDS TYNE TEES,1376.45,MATERIALS
2012-10,Place,Transport & Building Cleaning,CHATFIELDS TYNE TEES,900,MATERIALS
2012-10,Place,Transport & Building Cleaning,CHATFIELDS TYNE TEES,770.65,MATERIALS
2012-10,Place,Transport & Building Cleaning,DAWSONRENTALS SWEEPERS,1715,VEHICLE HIRE
2012-10,Place,Transport & Building Cleaning,DAWSONRENTALS SWEEPERS,1715,VEHICLE HIRE
2012-10,Place,Transport & Building Cleaning,DAWSONRENTALS SWEEPERS,1715,VEHICLE HIRE
2012-10,Place,Transport & Building Cleaning,DAWSONRENTALS SWEEPERS,1715,VEHICLE HIRE
2012-10,Place,Transport & Building Cleaning,DAWSONRENTALS SWEEPERS,1715,VEHICLE HIRE
2012-10,Place,Transport & Building Cleaning,DAWSONRENTALS SWEEPERS,1715,VEHICLE HIRE
2012-10,Place,Transport & Building Cleaning,FUCHS LUBRICANTS UK PLC,1747,MATERIALS
2012-10,Place,Transport & Building Cleaning,FUCHS LUBRICANTS UK PLC,1199,MATERIALS
2012-10,Place,Transport & Building Cleaning,GB OILS T/A BRETT FUELS,20122.02,VEHICLE FUEL
2012-10,Place,Transport & Building Cleaning,GB OILS T/A BRETT FUELS,5760.95,VEHICLE FUEL
2012-10,Place,Transport & Building Cleaning,GB OILS T/A BRETT FUELS,5840.15,VEHICLE FUEL
2012-10,Place,Transport & Building Cleaning,GB OILS T/A BRETT FUELS,2071.59,VEHICLE FUEL
2012-10,Place,Transport & Building Cleaning,GB OILS T/A BRETT FUELS,20456.46,VEHICLE FUEL
2012-10,Place,Transport & Building Cleaning,GREENLAY (GRASS MACHINERY) LTD,799.87,MATERIALS
2012-10,Place,Transport & Building Cleaning,INTERFLON (UK) LTD [MONARCH MAINTENANCE],550,MATERIALS
2012-10,Place,Transport & Building Cleaning,KWR (UK) LTD,1662.18,MATERIALS
2012-10,Place,Transport & Building Cleaning,NORTH EAST TRUCK & VAN LTD,518.85,EQUIPMENT
2012-10,Place,Transport & Building Cleaning,R & G ENGINEERING LTD,680,MATERIALS
2012-10,Place,Housing,BROUGH HOUSE,600,BOARD & LODGINGS FOR HOMELESS CLIENTS
2012-10,Place,Housing,BURNSIDE CARPETS,511.67,FURNITURE
2012-10,Place,Housing,BURNSIDE CARPETS,511.67,SERVICE CHARGES / ACCOMMODATION RECHARGES
2012-10,Place,Housing,CITIZENS ADVICE BUREAU,700,OTHER GOVERNMENT GRANTS
2012-10,Place,Housing,EDEN BROWN,690,AGENCY STAFF COSTS - NON TEACHING
2012-10,Place,Housing,EDEN BROWN,734.1,AGENCY STAFF COSTS - NON TEACHING
2012-10,Place,Housing,EDEN BROWN,715.75,AGENCY STAFF COSTS - NON TEACHING
2012-10,Place,Housing,EDEN BROWN,888,AGENCY STAFF COSTS - NON TEACHING
2012-10,Place,Housing,EDEN BROWN,978.8,AGENCY STAFF COSTS - NON TEACHING
2012-10,Place,Housing,HARROWGATE HILL LODGE,845.67,BOARD & LODGINGS FOR HOMELESS CLIENTS
2012-10,Place,Housing,NORTHGATE INFORMATION SOLUTIONS,1300,CATERING PAYMENTS
2012-10,Place,Housing,NORTHGATE INFORMATION SOLUTIONS,62500,ICT HARDWARE SUPPORT & MAINTENANCE
2012-10,Place,Housing,NPOWER LIMITED,571,SERVICE CHARGES / ACCOMMODATION RECHARGES
2012-10,Place,Housing,SUPPLIES TEAM,516,STATIONERY
2012-10,Place,Housing,THREE RIVERS HOUSING ASSOCIATIONS LTD,52000,VOLUNTARY ASSOCIATIONS
2012-10,Place,Housing,TWOFOLD LTD,1134.78,STATIONERY
2012-10,Place,Housing,TWOFOLD LTD,1166.5,STATIONERY
2012-10,Place,Housing Revenue Account,ALBANY OFFICE FURNITURE SOLUTIONS,1046,FURNITURE
2012-10,Place,Housing Revenue Account,ALBANY OFFICE FURNITURE SOLUTIONS,1222,EQUIPMENT
2012-10,Place,Housing Revenue Account,ALBANY OFFICE FURNITURE SOLUTIONS,852,FURNITURE
2012-10,Place,Housing Revenue Account,ARCUS CONSULTING LLP,1648,Responsive - Void E.P.C.
2012-10,Place,Housing Revenue Account,ARCUS CONSULTING LLP,726,Responsive - Void E.P.C.
2012-10,Place,Housing Revenue Account,HUNTER COWIE,550,PROFESSIONAL FEES & CONSULTANCY
2012-10,Place,Housing Revenue Account,JONTEK LTD,7540,EQUIPMENT
2012-10,Place,Housing Revenue Account,MAKEPORT 2001 LTD,592.2,FURNITURE
2012-10,Place,Housing Revenue Account,MAKEPORT 2001 LTD,592.2,FURNITURE
2012-10,Place,Housing Revenue Account,MAKEPORT 2001 LTD,592.2,FURNITURE
2012-10,Place,Housing Revenue Account,MAKEPORT 2001 LTD,2226.98,FURNITURE
2012-10,Place,Housing Revenue Account,MAKEPORT 2001 LTD,2377.9,FURNITURE
2012-10,Place,Housing Revenue Account,MAKEPORT 2001 LTD,1488.59,FURNITURE
2012-10,Place,Housing Revenue Account,MAKEPORT 2001 LTD,2562.91,FURNITURE
2012-10,Place,Housing Revenue Account,MAKEPORT 2001 LTD,2011.16,FURNITURE
2012-10,Place,Housing Revenue Account,MAKEPORT 2001 LTD,592.2,FURNITURE
2012-10,Place,Housing Revenue Account,MAKEPORT 2001 LTD,592.2,FURNITURE
2012-10,Place,Housing Revenue Account,MAKEPORT 2001 LTD,1643.07,FURNITURE
2012-10,Place,Housing Revenue Account,MAKEPORT 2001 LTD,1724.44,FURNITURE
2012-10,Place,Housing Revenue Account,MAKEPORT 2001 LTD,582,FURNITURE
2012-10,Place,Housing Revenue Account,MITIE PROPERTY SERVICES (NORTH EAST) LTD,3340,Cyclical - External Painting
2012-10,Place,Housing Revenue Account,MITIE PROPERTY SERVICES (NORTH EAST) LTD,1550,HORTICULTURE SUPPLIES
2012-10,Place,Housing Revenue Account,NORTHUMBRIAN WATER,611.98,WATER CHARGES
2012-10,Place,Housing Revenue Account,NORTHUMBRIAN WATER,1146.63,WATER CHARGES
2012-10,Place,Housing Revenue Account,NORTHUMBRIAN WATER,1039.96,WATER CHARGES
2012-10,Place,Housing Revenue Account,NPOWER NORTHERN FINANCE,1060,ELECTRICITY
2012-10,Place,Housing Revenue Account,NPOWER NORTHERN LTD,765.79,ELECTRICITY
2012-10,Place,Housing Revenue Account,NPOWER NORTHERN LTD,587.14,ELECTRICITY
2012-10,Place,Housing Revenue Account,NPOWER NORTHERN LTD,782.19,ELECTRICITY
2012-10,Place,Housing Revenue Account,POWERGEN   (ELECTRICITY ACCOUNTS),3344.75,ELECTRICITY
2012-10,Place,Housing Revenue Account,PROTEN SERVICES,510,Responsive Repairs (General)
2012-10,Place,Housing Revenue Account,PROTEN SERVICES,2528,Responsive Repairs (General)
2012-10,Place,Housing Revenue Account,RIDER INDUSTRIAL & SPECIALIST CLEANING,2980,Responsive Repairs (General)
2012-10,Place,Housing Revenue Account,RIDER INDUSTRIAL & SPECIALIST CLEANING,529,Responsive Repairs (General)
2012-10,Place,Housing Revenue Account,SCHOTT REMOVALS TRANSPORT LTD,602.93,REMOVAL COSTS - CLIENT MOVES
2012-10,Place,Housing Revenue Account,SITEXORBIS LTD,2645.05,Responsive-Empty Hse Security
2012-10,Place,Housing Revenue Account,SITEXORBIS LTD,5971.59,Responsive-Empty Hse Security
2012-10,Place,Housing Revenue Account,TYNETEC LTD,3572.6,EQUIPMENT
2012-10,Place,Housing Revenue Account,TYNETEC LTD,2880,EQUIPMENT
2012-10,Place,Housing Revenue Account,Y & S CONSTRUCTION,2322.5,Responsive Repairs (General)
2012-10,People,Adults Social Care,ABACUS CARE,751.91,Residential
2012-10,People,Adults Social Care,ABACUS CARE,1708.9,Residential
2012-10,People,Adults Social Care,ADULT PLACEMENT SERVICES T/A AVALON,6116.32,Adult Placement Schemes
2012-10,People,Adults Social Care,ADULT PLACEMENT SERVICES T/A AVALON,1360,Adult Placement Schemes
2012-10,People,Adults Social Care,ADULT PLACEMENT SERVICES T/A AVALON,6116.32,Adult Placement Schemes
2012-10,People,Adults Social Care,ADULT PLACEMENT SERVICES T/A AVALON,7476.32,Adult Placement Schemes
2012-10,People,Adults Social Care,AGE UK DARLINGTON,5000,PRIVATE CONTRACTORS
2012-10,People,Adults Social Care,ARGOS BUSINESS SOLUTIONS,562.31,FURNITURE
2012-10,People,Adults Social Care,BARNARDOS,7265.2,CHILDCARE COSTS
2012-10,People,Adults Social Care,BLUECARE,769.5,AGENCY STAFF COSTS - NON TEACHING
2012-10,People,Adults Social Care,CARE UK,9053.5,Residential
2012-10,People,Adults Social Care,CLERVAUX TRUST LTD,2720,Residential
2012-10,People,Adults Social Care,DARLINGTON ASSOCIATION ON DISABILITY LTD,17500,PRIVATE CONTRACTORS
2012-10,People,Adults Social Care,DARLINGTON ASSOCIATION ON DISABILITY LTD,13795.84,PRIVATE CONTRACTORS
2012-10,People,Adults Social Care,DARLINGTON ASSOCIATION ON DISABILITY LTD,720,Childcare
2012-10,People,Adults Social Care,DARLINGTON ASSOCIATION ON DISABILITY LTD,600,Childcare
2012-10,People,Adults Social Care,DARLINGTON ASSOCIATION ON DISABILITY LTD,600,Childcare
2012-10,People,Adults Social Care,DARLINGTON ASSOCIATION ON DISABILITY LTD,600,Childcare
2012-10,People,Adults Social Care,DARLINGTON ASSOCIATION ON DISABILITY LTD,540,Childcare
2012-10,People,Adults Social Care,DARLINGTON ASSOCIATION ON DISABILITY LTD,6750,PRIVATE CONTRACTORS
2012-10,People,Adults Social Care,DARLINGTON ASSOCIATION ON DISABILITY LTD,2403.71,PRIVATE CONTRACTORS
2012-10,People,Adults Social Care,DARLINGTON ASSOCIATION ON DISABILITY LTD,5274,PRIVATE CONTRACTORS
2012-10,People,Adults Social Care,DARLINGTON ASSOCIATION ON DISABILITY LTD,2245.83,PRIVATE CONTRACTORS
2012-10,People,Adults Social Care,DARLINGTON ASSOCIATION ON DISABILITY LTD,600,Childcare
2012-10,People,Adults Social Care,DARLINGTON PRIMARY CARE TRUST,1530.75,Day Care - Private Contractors
2012-10,People,Adults Social Care,DIMENSIONS (UK) LTD,3130.62,Home Care - Private Contractor
2012-10,People,Adults Social Care,DIMENSIONS (UK) LTD,3130.62,Home Care - Private Contractor
2012-10,People,Adults Social Care,DIMENSIONS (UK) LTD,3458.22,Home Care - Private Contractor
2012-10,People,Adults Social Care,DIMENSIONS (UK) LTD,1097.93,Home Care - Private Contractor
2012-10,People,Adults Social Care,DIMENSIONS (UK) LTD,950.09,Home Care - Private Contractor
2012-10,People,Adults Social Care,DIMENSIONS (UK) LTD,42009.27,Home Care - Private Contractor
2012-10,People,Adults Social Care,DIMENSIONS (UK) LTD,43941.87,Home Care - Private Contractor
2012-10,People,Adults Social Care,DIMENSIONS (UK) LTD,990.89,Home Care - Private Contractor
2012-10,People,Adults Social Care,DIMENSIONS (UK) LTD,13196.05,Home Care - Private Contractor
2012-10,People,Adults Social Care,DIMENSIONS (UK) LTD,3130.62,Home Care - Private Contractor
2012-10,People,Adults Social Care,DIMENSIONS (UK) LTD,964.01,Home Care - Private Contractor
2012-10,People,Adults Social Care,DIMENSIONS (UK) LTD,21071.95,Home Care - Private Contractor
2012-10,People,Adults Social Care,DIMENSIONS (UK) LTD,5823.18,Home Care - Private Contractor
2012-10,People,Adults Social Care,FOWLER ASSOCIATES,2467.88,PROFESSIONAL FEES & CONSULTANCY
2012-10,People,Adults Social Care,GREEN LINK (NORTH EAST),823.36,EXTERNAL COURIER SERVICE
2012-10,People,Adults Social Care,HAYS SPECIALIST SERVICES,962,AGENCY STAFF COSTS - NON TEACHING
2012-10,People,Adults Social Care,HAYS SPECIALIST SERVICES,962,AGENCY STAFF COSTS - NON TEACHING
2012-10,People,Adults Social Care,HAYS SPECIALIST SERVICES,832,AGENCY STAFF COSTS - NON TEACHING
2012-10,People,Adults Social Care,HBHC SYNERGY LIMITED,717.89,AGENCY STAFF COSTS - NON TEACHING
2012-10,People,Adults Social Care,HBHC SYNERGY LIMITED,527.6,AGENCY STAFF COSTS - NON TEACHING
2012-10,People,Adults Social Care,HILLARYS BLINDS LTD,1869,FURNITURE
2012-10,People,Adults Social Care,KONICA MINOLTA BUSINESS SOLUTIONS EAST LTD,533.73,PROFESSIONAL FEES & CONSULTANCY
2012-10,People,Adults Social Care,LANGLEYS SOLICITORS,2186.67,PROFESSIONAL FEES & CONSULTANCY
2012-10,People,Adults Social Care,MENTAL HEALTH MATTERS,10000,PRIVATE CONTRACTORS
2012-10,People,Adults Social Care,MISS MARGARET SWEETING,750,PROFESSIONAL FEES & CONSULTANCY
2012-10,People,Adults Social Care,MORGAN HUNT UK LIMITED,630,AGENCY STAFF COSTS - NON TEACHING
2012-10,People,Adults Social Care,MORGAN HUNT UK LIMITED,660,AGENCY STAFF COSTS - NON TEACHING
2012-10,People,Adults Social Care,MR JOSEPH O'BRIEN,975,PROFESSIONAL FEES & CONSULTANCY
2012-10,People,Adults Social Care,MS RACHEL SMITH,500,PROFESSIONAL FEES & CONSULTANCY
2012-10,People,Adults Social Care,NORTH EAST AUTISM SOCIETY,2148.08,Residential
2012-10,People,Adults Social Care,NORTH EAST AUTISM SOCIETY,2148.08,Residential
2012-10,People,Adults Social Care,NORTH EAST AUTISM SOCIETY,2148.08,Residential
2012-10,People,Adults Social Care,NORTH EAST AUTISM SOCIETY,2148.08,Residential
2012-10,People,Adults Social Care,NORTH EAST AUTISM SOCIETY,1841.2,Residential
2012-10,People,Adults Social Care,NORTH REGIONAL ASSOC FOR SENSORY SUPPORT,1505.5,PRIVATE CONTRACTORS
2012-10,People,Adults Social Care,NORTH YORKSHIRE MOBILITY & SAFETY,674.16,CLIENT HOME ADAPTATIONS - PRIVATE HOUSING
2012-10,People,Adults Social Care,NORTHGATE INFORMATION SOLUTIONS,929.2,PROFESSIONAL FEES & CONSULTANCY
2012-10,People,Adults Social Care,NORTHGATE INFORMATION SOLUTIONS,855.6,PROFESSIONAL FEES & CONSULTANCY
2012-10,People,Adults Social Care,PEARTREE PROJECTS LTD,14048.4,Residential
2012-10,People,Adults Social Care,REED SPECIALIST RECRUITMENT LTD,557.21,AGENCY STAFF COSTS - NON TEACHING
2012-10,People,Adults Social Care,REED SPECIALIST RECRUITMENT LTD,520.37,AGENCY STAFF COSTS - NON TEACHING
2012-10,People,Adults Social Care,REED SPECIALIST RECRUITMENT LTD,524.97,AGENCY STAFF COSTS - NON TEACHING
2012-10,People,Adults Social Care,REED SPECIALIST RECRUITMENT LTD,566.42,AGENCY STAFF COSTS - NON TEACHING
2012-10,People,Adults Social Care,RNIB,1163.16,VISUAL EQUIPMENT
2012-10,People,Adults Social Care,SANCTUARY PERSONNEL LTD,1005.4,AGENCY STAFF COSTS - NON TEACHING
2012-10,People,Adults Social Care,SERVOCA NURSING & CARE,2115,Home Care - Private Contractor
2012-10,People,Adults Social Care,SERVOCA NURSING & CARE,1180,Home Care - Private Contractor
2012-10,People,Adults Social Care,SERVOCA NURSING & CARE,2400,Home Care - Private Contractor
2012-10,People,Adults Social Care,SERVOCA NURSING & CARE,2105,Home Care - Private Contractor
2012-10,People,Adults Social Care,SERVOCA NURSING & CARE,630,Home Care - Private Contractor
2012-10,People,Adults Social Care,SKERNE PARK COMM ENTERPRISE ASSOC  LTD,5000,Childcare
2012-10,People,Adults Social Care,STEEL UNIQUE FABRICATIONS,682.54,CLIENT HOME ADAPTATIONS - PRIVATE HOUSING
2012-10,People,Adults Social Care,STEEL UNIQUE FABRICATIONS,610.54,CLIENT HOME ADAPTATIONS - PRIVATE HOUSING
2012-10,People,Adults Social Care,TAYLOUR MADE CARE LTD,2712.64,Home Care - Private Contractor
2012-10,People,Adults Social Care,TEAM FOSTERING NORTH EAST,573.6,Outreach
2012-10,People,Adults Social Care,TEAM FOSTERING NORTH EAST,589.64,Outreach
2012-10,People,Adults Social Care,"TEES,ESK & WEAR VALLEYS NHS TRUST",3751,Residential
2012-10,People,Adults Social Care,"TEES,ESK & WEAR VALLEYS NHS TRUST",1416.67,RENT OF FACILITIES
2012-10,People,Adults Social Care,"TEES,ESK & WEAR VALLEYS NHS TRUST",1416.67,RENT OF FACILITIES
2012-10,People,Adults Social Care,"TEES,ESK & WEAR VALLEYS NHS TRUST",3751,Residential
2012-10,People,Adults Social Care,"TEES,ESK & WEAR VALLEYS NHS TRUST",2144.29,AGENCY STAFF COSTS - NON TEACHING
2012-10,People,Adults Social Care,THREE RIVERS HOUSING ASSOCIATIONS LTD,1682.24,RENT OF FACILITIES
2012-10,People,Adults Social Care,THREE RIVERS HOUSING ASSOCIATIONS LTD,1678.88,RENT OF FACILITIES
2012-10,People,Adults Social Care,THREE RIVERS HOUSING ASSOCIATIONS LTD,7411.69,RENT OF FACILITIES
2012-10,People,Adults Social Care,THREE RIVERS HOUSING ASSOCIATIONS LTD,70000,OCCUPATIONAL THERAPY EQUIPMENT
2012-10,People,Adults Social Care,THYSSENKRUPP ENCASA LIMITED,721,OCCUPATIONAL THERAPY EQUIPMENT
2012-10,People,Adults Social Care,THYSSENKRUPP ENCASA LIMITED,1337.8,PRIVATE CONTRACTORS
2012-10,People,Adults Social Care,VOYAGE CARE,4932.64,Home Care - Private Contractor
2012-10,People,Adults Social Care,VOYAGE CARE,4932.64,Home Care - Private Contractor
2012-10,People,Adults Social Care,WOMENS ROYAL VOLUNTARY SERVICE (WRVS),5000,PRIVATE CONTRACTORS
2012-10,People,Childrens Social Care,1AB TAXIS LTD,563.54,CONTRACT HIRE
2012-10,People,Childrens Social Care,1AB TAXIS LTD,824.75,CONTRACT HIRE
2012-10,People,Childrens Social Care,1AB TAXIS LTD,1048.8,CONTRACT HIRE
2012-10,People,Childrens Social Care,1AB TAXIS LTD,1515.44,CONTRACT HIRE
2012-10,People,Childrens Social Care,1AB TAXIS LTD,806.52,CONTRACT HIRE
2012-10,People,Childrens Social Care,1AB TAXIS LTD,554.8,CONTRACT HIRE
2012-10,People,Childrens Social Care,1ABC RADIO TAXIS (COLLECTING SERVICE),646,CONTRACT HIRE
2012-10,People,Childrens Social Care,1ABC RADIO TAXIS (COLLECTING SERVICE),1269,CONTRACT HIRE
2012-10,People,Childrens Social Care,1ABC RADIO TAXIS (COLLECTING SERVICE),673.4,CONTRACT HIRE
2012-10,People,Childrens Social Care,2020 DELIVERY LIMITED,8996.85,CONSULTANCY FEES
2012-10,People,Childrens Social Care,A4E CONSULT LTD,560,COURSE PURCHASE
2012-10,People,Childrens Social Care,ACTION FOR CHILDREN,31442,EXTERNAL PLACEMENTS
2012-10,People,Childrens Social Care,ACTION FOR CHILDREN,4945.8,EXTERNAL PLACEMENTS
2012-10,People,Childrens Social Care,ACTION FOR CHILDREN,5110.66,EXTERNAL PLACEMENTS
2012-10,People,Childrens Social Care,ACTIVE8 CARE LIMITED,8142.9,EXTERNAL PLACEMENTS
2012-10,People,Childrens Social Care,ACTIVE8 CARE LIMITED,5157.17,EXTERNAL PLACEMENTS
2012-10,People,Childrens Social Care,ACTIVE8 CARE LIMITED,8414.33,EXTERNAL PLACEMENTS
2012-10,People,Childrens Social Care,AK CHILDCARE LTD,11200,EXTERNAL PLACEMENTS
2012-10,People,Childrens Social Care,AK CHILDCARE LTD,11200,EXTERNAL PLACEMENTS
2012-10,People,Childrens Social Care,AK CHILDCARE LTD,11200,EXTERNAL PLACEMENTS
2012-10,People,Childrens Social Care,ANYTIME TRAVEL OF DARLINGTON,1048.8,CONTRACT HIRE
2012-10,People,Childrens Social Care,ANYTIME TRAVEL OF DARLINGTON,1295.8,CONTRACT HIRE
2012-10,People,Childrens Social Care,ATKINSON LEWIS,646.25,PROFESSIONAL FEES & CONSULTANCY
2012-10,People,Childrens Social Care,BAMBACH SADDLE SEAT (EUROPE) LTD,839,EQUIPMENT SPECIALIST CARE
2012-10,People,Childrens Social Care,BARNARDOS,2870.29,EXTERNAL PLACEMENTS
2012-10,People,Childrens Social Care,BARNARDOS,3131.1,EXTERNAL PLACEMENTS
2012-10,People,Childrens Social Care,BARNARDOS,2870.29,EXTERNAL PLACEMENTS
2012-10,People,Childrens Social Care,BARNARDOS,3053.5,EXTERNAL PLACEMENTS
2012-10,People,Childrens Social Care,BARNARDOS,4322.33,EXTERNAL PLACEMENTS
2012-10,People,Childrens Social Care,BARNARDOS,3634.5,EXTERNAL PLACEMENTS
2012-10,People,Childrens Social Care,BARNARDOS,3893.6,EXTERNAL PLACEMENTS
2012-10,People,Childrens Social Care,BARNARDOS,4140.36,EXTERNAL PLACEMENTS
2012-10,People,Childrens Social Care,BLUECARE,810,MATERIALS
2012-10,People,Childrens Social Care,BLUECARE,1012.5,MATERIALS
2012-10,People,Childrens Social Care,BROUGH HOUSE,725,MATERIALS
2012-10,People,Childrens Social Care,BURNT TREE VEHICLE RENTAL,660,Carers Vouchers
2012-10,People,Childrens Social Care,CARE AFLOAT,8266.18,INDEPENDENT PLACEMENTS
2012-10,People,Childrens Social Care,CARE AFLOAT,1907.58,INDEPENDENT PLACEMENTS
2012-10,People,Childrens Social Care,CAR-ES (UK) LTD,564.03,EXTERNAL PLACEMENTS
2012-10,People,Childrens Social Care,CITY OF SUNDERLAND,26275.99,EQUIPMENT
2012-10,People,Childrens Social Care,COLIN MORRIS,938.25,PROFESSIONAL FEES & CONSULTANCY
2012-10,People,Childrens Social Care,COMPASS ROYSTON TRAVEL LTD,1425,CONTRACT HIRE
2012-10,People,Childrens Social Care,COMPASS ROYSTON TRAVEL LTD,1994.4,CONTRACT HIRE
2012-10,People,Childrens Social Care,COMPASS ROYSTON TRAVEL LTD,1425,CONTRACT HIRE
2012-10,People,Childrens Social Care,COMPASS ROYSTON TRAVEL LTD,2470,CONTRACT HIRE
2012-10,People,Childrens Social Care,CONSTRUCTION SKILLS,795,EXAM FEES
2012-10,People,Childrens Social Care,DARLINGTON & DISTRICT YTH COMM ASS,2021.6,CONTRACT HIRE
2012-10,People,Childrens Social Care,DARLINGTON & DISTRICT YTH COMM ASS,2008.7,CONTRACT HIRE
2012-10,People,Childrens Social Care,DARLINGTON & DISTRICT YTH COMM ASS,2103.5,CONTRACT HIRE
2012-10,People,Childrens Social Care,DARLINGTON & DISTRICT YTH COMM ASS,1640,CONTRACT HIRE
2012-10,People,Childrens Social Care,DARLINGTON & DISTRICT YTH COMM ASS,2050,CONTRACT HIRE
2012-10,People,Childrens Social Care,DARLINGTON & DISTRICT YTH COMM ASS,2085.5,CONTRACT HIRE
2012-10,People,Childrens Social Care,DFW ADOPTION,2634.25,MATERIALS
2012-10,People,Childrens Social Care,DURHAM CONSTABULARY,576,Projects
2012-10,People,Childrens Social Care,DURHAM CONSTABULARY,2867.93,Projects
2012-10,People,Childrens Social Care,EASTBOURNE C OF E ACADEMY,3200,PROFESSIONAL FEES & CONSULTANCY
2012-10,People,Childrens Social Care,ENTERPRISE RENT-A-CAR,783.72,Carers Vouchers
2012-10,People,Childrens Social Care,ENTERPRISE RENT-A-CAR,568.68,Carers Vouchers
2012-10,People,Childrens Social Care,ENTERPRISE TRAVEL,1425.96,CONTRACT HIRE
2012-10,People,Childrens Social Care,ENTERPRISE TRAVEL,1620,CONTRACT HIRE
2012-10,People,Childrens Social Care,EVANS EASYSPACE LTD,1730.98,RENT OF FACILITIES
2012-10,People,Childrens Social Care,EVOLUTION,730,HOSPITALITY & ROOM HIRE
2012-10,People,Childrens Social Care,EVOLUTION CHILDREN SERVICES LIMITED,20057.13,EXTERNAL PLACEMENTS
2012-10,People,Childrens Social Care,FIVE RIVERS CHILD CARE LIMITED,19199.96,EXTERNAL PLACEMENTS
2012-10,People,Childrens Social Care,FIVE RIVERS CHILD CARE LIMITED,20142.9,EXTERNAL PLACEMENTS
2012-10,People,Childrens Social Care,FIVE RIVERS CHILD CARE LIMITED,22300.01,EXTERNAL PLACEMENTS
2012-10,People,Childrens Social Care,FIVE RIVERS CHILD CARE LIMITED,20814.33,EXTERNAL PLACEMENTS
2012-10,People,Childrens Social Care,FLEET EDUCATION SERVICES LTD,607.36,LECTURE FEES
2012-10,People,Childrens Social Care,FOSTER CARE ASSOCIATES LTD,3690,EXTERNAL PLACEMENTS
2012-10,People,Childrens Social Care,FOSTER CARE ASSOCIATES LTD,3690,EXTERNAL PLACEMENTS
2012-10,People,Childrens Social Care,FOSTER CARE ASSOCIATES LTD,3480,EXTERNAL PLACEMENTS
2012-10,People,Childrens Social Care,FOSTER CARE ASSOCIATES LTD,4173,EXTERNAL PLACEMENTS
2012-10,People,Childrens Social Care,FOSTER CARE ASSOCIATES LTD,3690,EXTERNAL PLACEMENTS
2012-10,People,Childrens Social Care,FOSTER CARE ASSOCIATES LTD,3480,EXTERNAL PLACEMENTS
2012-10,People,Childrens Social Care,FOSTER CARE ASSOCIATES LTD,3480,EXTERNAL PLACEMENTS
2012-10,People,Childrens Social Care,FOSTER CARE ASSOCIATES LTD,4239,EXTERNAL PLACEMENTS
2012-10,People,Childrens Social Care,FOSTER CARE ASSOCIATES LTD,3480,EXTERNAL PLACEMENTS
2012-10,People,Childrens Social Care,FOSTER CARE ASSOCIATES LTD,3210,EXTERNAL PLACEMENTS
2012-10,People,Childrens Social Care,FOSTER CARE ASSOCIATES LTD,3480,EXTERNAL PLACEMENTS
2012-10,People,Childrens Social Care,FOSTER CARE ASSOCIATES LTD,599.84,EXTERNAL PLACEMENTS
2012-10,People,Childrens Social Care,FOSTER CARE ASSOCIATES LTD,1589,EXTERNAL PLACEMENTS
2012-10,People,Childrens Social Care,FOSTER CARE ASSOCIATES LTD,4239,EXTERNAL PLACEMENTS
2012-10,People,Childrens Social Care,FOSTER CARE ASSOCIATES LTD,3690,EXTERNAL PLACEMENTS
2012-10,People,Childrens Social Care,FOSTER CARES LTD,918,EXTERNAL PLACEMENTS
2012-10,People,Childrens Social Care,FOSTER CARES LTD,918,EXTERNAL PLACEMENTS
2012-10,People,Childrens Social Care,FOSTER CARES LTD,825,EXTERNAL PLACEMENTS
2012-10,People,Childrens Social Care,FOSTER CARES LTD,825,EXTERNAL PLACEMENTS
2012-10,People,Childrens Social Care,FOSTER CARES LTD,825,EXTERNAL PLACEMENTS
2012-10,People,Childrens Social Care,FOSTER CARES LTD,825,EXTERNAL PLACEMENTS
2012-10,People,Childrens Social Care,FOSTER CARES LTD,825,EXTERNAL PLACEMENTS
2012-10,People,Childrens Social Care,FOSTER CARES LTD,825,EXTERNAL PLACEMENTS
2012-10,People,Childrens Social Care,FOSTER CARES LTD,825,EXTERNAL PLACEMENTS
2012-10,People,Childrens Social Care,FOSTER CARES LTD,825,EXTERNAL PLACEMENTS
2012-10,People,Childrens Social Care,FOSTER CARES LTD,825,EXTERNAL PLACEMENTS
2012-10,People,Childrens Social Care,FOSTER CARES LTD,825,EXTERNAL PLACEMENTS
2012-10,People,Childrens Social Care,FOSTER CARES LTD,918,EXTERNAL PLACEMENTS
2012-10,People,Childrens Social Care,FOSTER CARES LTD,918,EXTERNAL PLACEMENTS
2012-10,People,Childrens Social Care,FOSTERING OUTCOMES LIMITED,640,EXTERNAL PLACEMENTS
2012-10,People,Childrens Social Care,FOSTERING OUTCOMES LIMITED,3472.62,EXTERNAL PLACEMENTS
2012-10,People,Childrens Social Care,FOSTERING OUTCOMES LIMITED,3472.62,EXTERNAL PLACEMENTS
2012-10,People,Childrens Social Care,FOSTERING PEOPLE LIMITED,3503,EXTERNAL PLACEMENTS
2012-10,People,Childrens Social Care,FOSTERING PEOPLE LIMITED,3188.66,EXTERNAL PLACEMENTS
2012-10,People,Childrens Social Care,FOSTERING SOLUTIONS LTD,3554.46,EXTERNAL PLACEMENTS
2012-10,People,Childrens Social Care,FOSTERING SOLUTIONS LTD,4223.13,EXTERNAL PLACEMENTS
2012-10,People,Childrens Social Care,FOSTERING SOLUTIONS LTD,3376.74,EXTERNAL PLACEMENTS
2012-10,People,Childrens Social Care,FUTURES FOR CHILDREN LTD,5356.8,EXTERNAL PLACEMENTS
2012-10,People,Childrens Social Care,FUTURES FOR CHILDREN LTD,5535.36,EXTERNAL PLACEMENTS
2012-10,People,Childrens Social Care,FUTURES FOR CHILDREN LTD,5535.36,EXTERNAL PLACEMENTS
2012-10,People,Childrens Social Care,GARNETTS LTD,3120,CONTRACT HIRE
2012-10,People,Childrens Social Care,GARNETTS LTD,3120,CONTRACT HIRE
2012-10,People,Childrens Social Care,GARNETTS LTD,3040,CONTRACT HIRE
2012-10,People,Childrens Social Care,GARNETTS LTD,2760,CONTRACT HIRE
2012-10,People,Childrens Social Care,GARNETTS LTD,3097,CONTRACT HIRE
2012-10,People,Childrens Social Care,GARNETTS LTD,2622,CONTRACT HIRE
2012-10,People,Childrens Social Care,GARNETTS LTD,2869,CONTRACT HIRE
2012-10,People,Childrens Social Care,GARNETTS LTD,2964,CONTRACT HIRE
2012-10,People,Childrens Social Care,GARNETTS LTD,2622,CONTRACT HIRE
2012-10,People,Childrens Social Care,GARNETTS LTD,3020,CONTRACT HIRE
2012-10,People,Childrens Social Care,GARNETTS LTD,2964,CONTRACT HIRE
2012-10,People,Childrens Social Care,GARNETTS LTD,2888,CONTRACT HIRE
2012-10,People,Childrens Social Care,GATESHEAD MBC,8758.66,EQUIPMENT
2012-10,People,Childrens Social Care,GD SOLUTIONS NORTH EAST LIMITED,830,PROFESSIONAL FEES & CONSULTANCY
2012-10,People,Childrens Social Care,GREYHOUND IT LTD,1500,Contributions/Donations
2012-10,People,Childrens Social Care,GRIERSONS COACHES,1862,CONTRACT HIRE
2012-10,People,Childrens Social Care,GRIERSONS COACHES,1786,CONTRACT HIRE
2012-10,People,Childrens Social Care,GRIERSONS COACHES,1748,CONTRACT HIRE
2012-10,People,Childrens Social Care,HARDRIDING HOUSE,9742.85,EXTERNAL PLACEMENTS
2012-10,People,Childrens Social Care,HARTLEPOOL BOROUGH COUNCIL,770.37,EXTERNAL PLACEMENTS
2012-10,People,Childrens Social Care,HARTLEPOOL BOROUGH COUNCIL,1049.95,EXTERNAL PLACEMENTS
2012-10,People,Childrens Social Care,HARTLEPOOL BOROUGH COUNCIL,501.66,EXTERNAL PLACEMENTS
2012-10,People,Childrens Social Care,HARTLEPOOL BOROUGH COUNCIL,1273.42,EXTERNAL PLACEMENTS
2012-10,People,Childrens Social Care,I & S OLIVER,1036,AGENCY STAFF COSTS - NON TEACHING
2012-10,People,Childrens Social Care,I & S OLIVER,1036,MATERIALS
2012-10,People,Childrens Social Care,I & S OLIVER,1036,MATERIALS
2012-10,People,Childrens Social Care,I & S OLIVER,1036,AGENCY STAFF COSTS - NON TEACHING
2012-10,People,Childrens Social Care,I & S OLIVER,1036,MATERIALS
2012-10,People,Childrens Social Care,INVESTEC ASSET FINANCE PLC,1378,EQUIPMENT
2012-10,People,Childrens Social Care,J & C COACHES LTD,2491.28,CONTRACT HIRE
2012-10,People,Childrens Social Care,J & C COACHES LTD,2460.5,CONTRACT HIRE
2012-10,People,Childrens Social Care,J & C COACHES LTD,2327.5,CONTRACT HIRE
2012-10,People,Childrens Social Care,J & C COACHES LTD,2460.5,CONTRACT HIRE
2012-10,People,Childrens Social Care,J & C COACHES LTD,2840.5,CONTRACT HIRE
2012-10,People,Childrens Social Care,J & C COACHES LTD,1893.54,CONTRACT HIRE
2012-10,People,Childrens Social Care,J & C COACHES LTD,1893.54,CONTRACT HIRE
2012-10,People,Childrens Social Care,J & C COACHES LTD,1893.54,CONTRACT HIRE
2012-10,People,Childrens Social Care,JEFF ANDERSON COACHES LIMITED,1788.66,CONTRACT HIRE
2012-10,People,Childrens Social Care,JEFF ANDERSON COACHES LIMITED,1614.24,CONTRACT HIRE
2012-10,People,Childrens Social Care,KAFEVEND GROUP LIMITED,672.55,FOOD & DRINK COSTS
2012-10,People,Childrens Social Care,KONICA MINOLTA BUSINESS SOLUTIONS EAST LTD,1307.49,EQUIPMENT
2012-10,People,Childrens Social Care,LEARNING POOL LIMITED,712,PROFESSIONAL FEES & CONSULTANCY
2012-10,People,Childrens Social Care,LITTLE LINGFIELDS,784.58,CHILDCARE COSTS
2012-10,People,Childrens Social Care,MICHAELS TRAVEL,576,CONTRACT HIRE
2012-10,People,Childrens Social Care,MICHAELS TRAVEL,576,CONTRACT HIRE
2012-10,People,Childrens Social Care,NATIONAL YOUTH ADVOCACY SERVICE,2762.7,ADVOCACY
2012-10,People,Childrens Social Care,NCFE,800,EXAM FEES
2012-10,People,Childrens Social Care,NECA SERVICES LTD,9500,RENT OF FACILITIES
2012-10,People,Childrens Social Care,NES SERVICES LTD,500,SECURITY SERVICES
2012-10,People,Childrens Social Care,NEWSQUEST (YORKSHIRE & NORTH EAST) LTD,625,MARKETING & ADVERTISING
2012-10,People,Childrens Social Care,NORTH EAST EXECUTIVE LTD,544,CONTRACT HIRE
2012-10,People,Childrens Social Care,NORTHUMBRIAN WATER,912.23,WATER CHARGES
2012-10,People,Childrens Social Care,OCR  (CAMBRIDGE & BIRMINGHAM),582.8,EXAM FEES
2012-10,People,Childrens Social Care,ORCHARD CARE NORTH EAST LTD,4264.29,EXTERNAL PLACEMENTS
2012-10,People,Childrens Social Care,ORCHARD CARE NORTH EAST LTD,4433,EXTERNAL PLACEMENTS
2012-10,People,Childrens Social Care,ORCHARD CARE NORTH EAST LTD,2878.57,EXTERNAL PLACEMENTS
2012-10,People,Childrens Social Care,ORCHARD CARE NORTH EAST LTD,2925,EXTERNAL PLACEMENTS
2012-10,People,Childrens Social Care,ORCHARD CARE NORTH EAST LTD,2785.71,EXTERNAL PLACEMENTS
2012-10,People,Childrens Social Care,ORCHARD CARE NORTH EAST LTD,2878.57,EXTERNAL PLACEMENTS
2012-10,People,Childrens Social Care,OVERLANDER MINI COACHES,2356,CONTRACT HIRE
2012-10,People,Childrens Social Care,PATTISON COACH HIRE,1873.4,CONTRACT HIRE
2012-10,People,Childrens Social Care,PATTISON COACH HIRE,760,CONTRACT HIRE
2012-10,People,Childrens Social Care,PATTISON COACH HIRE,760,CONTRACT HIRE
2012-10,People,Childrens Social Care,PEARTREE PROJECTS LTD,14048.4,EXTERNAL PLACEMENTS
2012-10,People,Childrens Social Care,QUALITY TIME CARE LIMITED,10285.8,EXTERNAL PLACEMENTS
2012-10,People,Childrens Social Care,QUALITY TIME CARE LIMITED,10628.66,EXTERNAL PLACEMENTS
2012-10,People,Childrens Social Care,REACH OUT CARE LIMITED NO 2 A/C,3159,EXTERNAL PLACEMENTS
2012-10,People,Childrens Social Care,REACH OUT CARE LIMITED NO 2 A/C,2426.66,EXTERNAL PLACEMENTS
2012-10,People,Childrens Social Care,REACH OUT CARE LIMITED NO 2 A/C,1658.39,TRANSPORT
2012-10,People,Childrens Social Care,REACH OUT CARE LIMITED NO 2 A/C,3081,EXTERNAL PLACEMENTS
2012-10,People,Childrens Social Care,REACH OUT CARE LIMITED NO 2 A/C,3081,EXTERNAL PLACEMENTS
2012-10,People,Childrens Social Care,REACH OUT CARE LIMITED NO 2 A/C,2730,EXTERNAL PLACEMENTS
2012-10,People,Childrens Social Care,REACH OUT CARE LIMITED NO 2 A/C,2419.08,EXTERNAL PLACEMENTS
2012-10,People,Childrens Social Care,REACH OUT CARE LIMITED NO 2 A/C,3081,EXTERNAL PLACEMENTS
2012-10,People,Childrens Social Care,REACH OUT CARE LIMITED NO 2 A/C,2730,EXTERNAL PLACEMENTS
2012-10,People,Childrens Social Care,REACH OUT CARE LIMITED NO 2 A/C,2730,EXTERNAL PLACEMENTS
2012-10,People,Childrens Social Care,REACH OUT CARE LIMITED NO 2 A/C,3033.33,EXTERNAL PLACEMENTS
2012-10,People,Childrens Social Care,REACH OUT CARE LIMITED NO 2 A/C,2419.08,EXTERNAL PLACEMENTS
2012-10,People,Childrens Social Care,REACH OUT CARE LIMITED NO 2 A/C,2199.17,EXTERNAL PLACEMENTS
2012-10,People,Childrens Social Care,REACH OUT CARE LIMITED NO 2 A/C,2419.08,EXTERNAL PLACEMENTS
2012-10,People,Childrens Social Care,REACH OUT CARE LIMITED NO 2 A/C,2730,EXTERNAL PLACEMENTS
2012-10,People,Childrens Social Care,REACH OUT CARE LIMITED NO 2 A/C,5980.26,TRANSPORT
2012-10,People,Childrens Social Care,REACH OUT CARE LIMITED NO 2 A/C,5064.27,TRANSPORT
2012-10,People,Childrens Social Care,RECONSTRUCT LTD,2320,EMPLOYEE TRAINING COURSE COSTS
2012-10,People,Childrens Social Care,RED HALL COMMUNITY ASSOCIATION,994.5,HOSPITALITY & ROOM HIRE
2012-10,People,Childrens Social Care,RIG SOCIAL CARE RECRUIT LTD,557.8,AGENCY STAFF COSTS - NON TEACHING
2012-10,People,Childrens Social Care,RIG SOCIAL CARE RECRUIT LTD,540,AGENCY STAFF COSTS - NON TEACHING
2012-10,People,Childrens Social Care,RIG SOCIAL CARE RECRUIT LTD,555,AGENCY STAFF COSTS - NON TEACHING
2012-10,People,Childrens Social Care,RIG SOCIAL CARE RECRUIT LTD,573.4,AGENCY STAFF COSTS - NON TEACHING
2012-10,People,Childrens Social Care,RIGHT TRAX LTD,4900,COURSE PURCHASE
2012-10,People,Childrens Social Care,ROCSOLID,2015.13,MATERIALS
2012-10,People,Childrens Social Care,ROCSOLID,2015.13,MATERIALS
2012-10,People,Childrens Social Care,ROCSOLID,2015.13,MATERIALS
2012-10,People,Childrens Social Care,ROCSOLID,779.86,MATERIALS
2012-10,People,Childrens Social Care,ROCSOLID,2015.13,MATERIALS
2012-10,People,Childrens Social Care,ROCSOLID,2015.13,MATERIALS
2012-10,People,Childrens Social Care,ROCSOLID,1678.6,MATERIALS
2012-10,People,Childrens Social Care,ROCSOLID,1688.68,MATERIALS
2012-10,People,Childrens Social Care,ROCSOLID,1688.67,MATERIALS
2012-10,People,Childrens Social Care,ROSEBERRY SPECIALIST CARE CENTRES,20249.6,EXTERNAL PLACEMENTS
2012-10,People,Childrens Social Care,ROSEBERRY SPECIALIST CARE CENTRES,6696,EXTERNAL PLACEMENTS
2012-10,People,Childrens Social Care,ROSEBERRY SPECIALIST CARE CENTRES,16631.88,EXTERNAL PLACEMENTS
2012-10,People,Childrens Social Care,ROSEBERRY SPECIALIST CARE CENTRES,16631.88,EXTERNAL PLACEMENTS
2012-10,People,Childrens Social Care,S & R CARS LTD,1000,CONTRACT HIRE
2012-10,People,Childrens Social Care,S & R CARS LTD,868,CONTRACT HIRE
2012-10,People,Childrens Social Care,S & R CARS LTD,1064,CONTRACT HIRE
2012-10,People,Childrens Social Care,S & R CARS LTD,1980,CONTRACT HIRE
2012-10,People,Childrens Social Care,S & R CARS LTD,1200,CONTRACT HIRE
2012-10,People,Childrens Social Care,S & R CARS LTD,693.12,CONTRACT HIRE
2012-10,People,Childrens Social Care,S & R CARS LTD,989.4,CONTRACT HIRE
2012-10,People,Childrens Social Care,S & R CARS LTD,589,CONTRACT HIRE
2012-10,People,Childrens Social Care,S SOUTHERN CONSULTANCY LIMITED,999,MATERIALS
2012-10,People,Childrens Social Care,S SOUTHERN CONSULTANCY LIMITED,1198.8,MATERIALS
2012-10,People,Childrens Social Care,SANCTUARY HOUSING ASSOCIATION,608.1,MATERIALS
2012-10,People,Childrens Social Care,SANCTUARY SUPPORTED LIVING,605.25,ACCOMODATION COSTS (CLIENT)
2012-10,People,Childrens Social Care,SCHOOL OF ROCK & POP,750,Other Supplies & Services
2012-10,People,Childrens Social Care,SENTRAL CONSULTANTS,2400,CONSULTANCY FEES
2012-10,People,Childrens Social Care,SENTRAL CONSULTANTS,4215.75,CONSULTANCY FEES
2012-10,People,Childrens Social Care,SHIRE LEASING PLC,1065,LEASING CHARGES
2012-10,People,Childrens Social Care,SKERNE PARK COMM ENTERPRISE ASSOC  LTD,644,CHILDCARE COSTS
2012-10,People,Childrens Social Care,SKERNE PARK COMM ENTERPRISE ASSOC  LTD,2152.5,CHILDCARE COSTS
2012-10,People,Childrens Social Care,SKERNE PARK COMM ENTERPRISE ASSOC  LTD,575,CHILDCARE COSTS
2012-10,People,Childrens Social Care,ST CUTHBERTS CARE,10285.71,EXTERNAL PLACEMENTS
2012-10,People,Childrens Social Care,ST CUTHBERTS CARE,25500,EXTERNAL PLACEMENTS
2012-10,People,Childrens Social Care,ST CUTHBERTS CARE,78857.14,EXTERNAL PLACEMENTS
2012-10,People,Childrens Social Care,ST JOHN AMBULANCE,600,EMPLOYEE TRAINING COURSE COSTS
2012-10,People,Childrens Social Care,SWIIS FOSTER CARE LTD,857,EXTERNAL PLACEMENTS
2012-10,People,Childrens Social Care,SWIIS FOSTER CARE LTD,814,EXTERNAL PLACEMENTS
2012-10,People,Childrens Social Care,SWIIS FOSTER CARE LTD,702,EXTERNAL PLACEMENTS
2012-10,People,Childrens Social Care,SWIIS FOSTER CARE LTD,868,EXTERNAL PLACEMENTS
2012-10,People,Childrens Social Care,SWIIS FOSTER CARE LTD,949.75,EXTERNAL PLACEMENTS
2012-10,People,Childrens Social Care,SWIIS FOSTER CARE LTD,857,EXTERNAL PLACEMENTS
2012-10,People,Childrens Social Care,SWIIS FOSTER CARE LTD,771.3,EXTERNAL PLACEMENTS
2012-10,People,Childrens Social Care,SWIIS FOSTER CARE LTD,895,EXTERNAL PLACEMENTS
2012-10,People,Childrens Social Care,SWIIS FOSTER CARE LTD,930.5,EXTERNAL PLACEMENTS
2012-10,People,Childrens Social Care,SWIIS FOSTER CARE LTD,814.15,EXTERNAL PLACEMENTS
2012-10,People,Childrens Social Care,SWIIS FOSTER CARE LTD,780,EXTERNAL PLACEMENTS
2012-10,People,Childrens Social Care,SWIIS FOSTER CARE LTD,702,EXTERNAL PLACEMENTS
2012-10,People,Childrens Social Care,SWIIS FOSTER CARE LTD,930.5,EXTERNAL PLACEMENTS
2012-10,People,Childrens Social Care,SWIIS FOSTER CARE LTD,857,EXTERNAL PLACEMENTS
2012-10,People,Childrens Social Care,SWIIS FOSTER CARE LTD,857,EXTERNAL PLACEMENTS
2012-10,People,Childrens Social Care,SWIIS FOSTER CARE LTD,868,EXTERNAL PLACEMENTS
2012-10,People,Childrens Social Care,SWIIS FOSTER CARE LTD,814.15,EXTERNAL PLACEMENTS
2012-10,People,Childrens Social Care,SWIIS FOSTER CARE LTD,895,EXTERNAL PLACEMENTS
2012-10,People,Childrens Social Care,SWIIS FOSTER CARE LTD,949.75,EXTERNAL PLACEMENTS
2012-10,People,Childrens Social Care,SWIIS FOSTER CARE LTD,814,EXTERNAL PLACEMENTS
2012-10,People,Childrens Social Care,SWIIS FOSTER CARE LTD,771.3,EXTERNAL PLACEMENTS
2012-10,People,Childrens Social Care,SWIIS FOSTER CARE LTD,771.3,EXTERNAL PLACEMENTS
2012-10,People,Childrens Social Care,SWIIS FOSTER CARE LTD,895,EXTERNAL PLACEMENTS
2012-10,People,Childrens Social Care,SWIIS FOSTER CARE LTD,857,EXTERNAL PLACEMENTS
2012-10,People,Childrens Social Care,SWIIS FOSTER CARE LTD,702,EXTERNAL PLACEMENTS
2012-10,People,Childrens Social Care,SWIIS FOSTER CARE LTD,857,EXTERNAL PLACEMENTS
2012-10,People,Childrens Social Care,SWIIS FOSTER CARE LTD,930.5,EXTERNAL PLACEMENTS
2012-10,People,Childrens Social Care,SWIIS FOSTER CARE LTD,949.75,EXTERNAL PLACEMENTS
2012-10,People,Childrens Social Care,SWIIS FOSTER CARE LTD,814.15,EXTERNAL PLACEMENTS
2012-10,People,Childrens Social Care,SWIIS FOSTER CARE LTD,868,EXTERNAL PLACEMENTS
2012-10,People,Childrens Social Care,SWIIS FOSTER CARE LTD,814,EXTERNAL PLACEMENTS
2012-10,People,Childrens Social Care,SWIIS FOSTER CARE LTD,780,EXTERNAL PLACEMENTS
2012-10,People,Childrens Social Care,SWIIS FOSTER CARE LTD,895,EXTERNAL PLACEMENTS
2012-10,People,Childrens Social Care,SWIIS FOSTER CARE LTD,930.5,EXTERNAL PLACEMENTS
2012-10,People,Childrens Social Care,SWIIS FOSTER CARE LTD,949.75,EXTERNAL PLACEMENTS
2012-10,People,Childrens Social Care,SWIIS FOSTER CARE LTD,702,EXTERNAL PLACEMENTS
2012-10,People,Childrens Social Care,SWIIS FOSTER CARE LTD,857,EXTERNAL PLACEMENTS
2012-10,People,Childrens Social Care,SWIIS FOSTER CARE LTD,771.3,EXTERNAL PLACEMENTS
2012-10,People,Childrens Social Care,SWIIS FOSTER CARE LTD,868,EXTERNAL PLACEMENTS
2012-10,People,Childrens Social Care,SWIIS FOSTER CARE LTD,814.15,EXTERNAL PLACEMENTS
2012-10,People,Childrens Social Care,SWIIS FOSTER CARE LTD,814,EXTERNAL PLACEMENTS
2012-10,People,Childrens Social Care,SWIIS FOSTER CARE LTD,857,EXTERNAL PLACEMENTS
2012-10,People,Childrens Social Care,SWIIS FOSTER CARE LTD,702,EXTERNAL PLACEMENTS
2012-10,People,Childrens Social Care,SWIIS FOSTER CARE LTD,814,EXTERNAL PLACEMENTS
2012-10,People,Childrens Social Care,SWIIS FOSTER CARE LTD,949.75,EXTERNAL PLACEMENTS
2012-10,People,Childrens Social Care,SWIIS FOSTER CARE LTD,949.75,EXTERNAL PLACEMENTS
2012-10,People,Childrens Social Care,SWIIS FOSTER CARE LTD,868,EXTERNAL PLACEMENTS
2012-10,People,Childrens Social Care,SWIIS FOSTER CARE LTD,814.15,EXTERNAL PLACEMENTS
2012-10,People,Childrens Social Care,SWIIS FOSTER CARE LTD,930.5,EXTERNAL PLACEMENTS
2012-10,People,Childrens Social Care,SWIIS FOSTER CARE LTD,930.5,EXTERNAL PLACEMENTS
2012-10,People,Childrens Social Care,SWIIS FOSTER CARE LTD,868,EXTERNAL PLACEMENTS
2012-10,People,Childrens Social Care,SWIIS FOSTER CARE LTD,857,EXTERNAL PLACEMENTS
2012-10,People,Childrens Social Care,SWIIS FOSTER CARE LTD,771.3,EXTERNAL PLACEMENTS
2012-10,People,Childrens Social Care,SWIIS FOSTER CARE LTD,930.5,EXTERNAL PLACEMENTS
2012-10,People,Childrens Social Care,SWIIS FOSTER CARE LTD,814,EXTERNAL PLACEMENTS
2012-10,People,Childrens Social Care,SWIIS FOSTER CARE LTD,702,EXTERNAL PLACEMENTS
2012-10,People,Childrens Social Care,SWIIS FOSTER CARE LTD,949.75,EXTERNAL PLACEMENTS
2012-10,People,Childrens Social Care,SWIIS FOSTER CARE LTD,895,EXTERNAL PLACEMENTS
2012-10,People,Childrens Social Care,SWIIS FOSTER CARE LTD,814.15,EXTERNAL PLACEMENTS
2012-10,People,Childrens Social Care,SWIIS FOSTER CARE LTD,857,EXTERNAL PLACEMENTS
2012-10,People,Childrens Social Care,SWIIS FOSTER CARE LTD,868,EXTERNAL PLACEMENTS
2012-10,People,Childrens Social Care,SWIIS FOSTER CARE LTD,857,EXTERNAL PLACEMENTS
2012-10,People,Childrens Social Care,SWIIS FOSTER CARE LTD,780,EXTERNAL PLACEMENTS
2012-10,People,Childrens Social Care,SWIIS FOSTER CARE LTD,780,EXTERNAL PLACEMENTS
2012-10,People,Childrens Social Care,SWIIS FOSTER CARE LTD,780,EXTERNAL PLACEMENTS
2012-10,People,Childrens Social Care,TEACHING PERSONNEL LTD,790,AGENCY EDUCATION SUPPORT STAFF
2012-10,People,Childrens Social Care,"TEES,ESK & WEAR VALLEYS NHS TRUST",11418.48,Contributions/Donations
2012-10,People,Childrens Social Care,"TEES,ESK & WEAR VALLEYS NHS TRUST",10598,Contributions/Donations
2012-10,People,Childrens Social Care,THE SOCIAL RESOURCE CENTRE LIMITED,10436.36,CLIENT TRAVEL COSTS
2012-10,People,Childrens Social Care,THE SOCIAL RESOURCE CENTRE LIMITED,5581.23,CLIENT TRAVEL COSTS
2012-10,People,Childrens Social Care,UNITED TAXIS LTD,846.44,CONTRACT HIRE
2012-10,People,Childrens Social Care,UNITED TAXIS LTD,748,CONTRACT HIRE
2012-10,People,Childrens Social Care,UNITED TAXIS LTD,726,CONTRACT HIRE
2012-10,People,Childrens Social Care,UNITED TAXIS LTD,780,CONTRACT HIRE
2012-10,People,Childrens Social Care,UNITED TAXIS LTD,866.92,CONTRACT HIRE
2012-10,People,Childrens Social Care,UNITED TAXIS LTD,1322.4,CONTRACT HIRE
2012-10,People,Childrens Social Care,UNITED TAXIS LTD,688.94,CONTRACT HIRE
2012-10,People,Childrens Social Care,UNITED TAXIS LTD,601.16,CONTRACT HIRE
2012-10,People,Childrens Social Care,UNITED TAXIS LTD,672.59,CONTRACT HIRE
2012-10,People,Childrens Social Care,VIRGIN MEDIA BUSINESS LIMITED,4374,MATERIALS
2012-10,People,Childrens Social Care,WALTER YEOMAN,805.22,CONTRACT HIRE
2012-10,People,Childrens Social Care,Y & S CONSTRUCTION,7979.7,Routine Maintenance
2012-10,People,Childrens Social Care,YOUNG FOUNDATION LTD,3171.43,EXTERNAL PLACEMENTS
2012-10,People,Childrens Social Care,YOUNG FOUNDATION LTD,3107.14,EXTERNAL PLACEMENTS
2012-10,People,Childrens Social Care,YOUNG FOUNDATION LTD,3642.86,EXTERNAL PLACEMENTS
2012-10,People,Childrens Social Care,YOUNG FOUNDATION LTD,3642.86,EXTERNAL PLACEMENTS
2012-10,People,Childrens Social Care,YOUNG FOUNDATION LTD,3107.14,EXTERNAL PLACEMENTS
2012-10,People,Childrens Social Care,YOUNG FOUNDATION LTD,3764.29,EXTERNAL PLACEMENTS
2012-10,People,Childrens Social Care,YOUNG FOUNDATION LTD,3210.71,EXTERNAL PLACEMENTS
2012-10,People,Childrens Social Care,YOUNG FOUNDATION LTD,3210.71,EXTERNAL PLACEMENTS
2012-10,People,Childrens Social Care,YOUNG FOUNDATION LTD,3764.29,EXTERNAL PLACEMENTS
2012-10,People,Childrens Social Care,YOUNG FOUNDATION LTD,3277.14,EXTERNAL PLACEMENTS
2012-10,People,Childrens Social Care,YOUNG FOUNDATION LTD,3107.14,EXTERNAL PLACEMENTS
2012-10,People,Childrens Social Care,YOUNG FOUNDATION LTD,3210.71,EXTERNAL PLACEMENTS
2012-10,People,Development & Commissioning,700 CLUB,21116.44,PRIVATE CONTRACTORS
2012-10,People,Development & Commissioning,ANCHOR TRUST,908.57,PRIVATE CONTRACTORS
2012-10,People,Development & Commissioning,ANITA SIMPSON,951.42,EMPLOYEE TRAINING COURSE COSTS
2012-10,People,Development & Commissioning,BISHOP SPORTS & LEISURE LTD,702.02,MATERIALS
2012-10,People,Development & Commissioning,CARERS FEDERATION LIMITED,21372.11,Other Supplies & Services
2012-10,People,Development & Commissioning,CITIZENS ADVICE BUREAU,2013.75,CONSULTANCY FEES
2012-10,People,Development & Commissioning,COUNTY DURHAM PRIMARY CARE TRUST,71312,Contributions/Donations
2012-10,People,Development & Commissioning,CREATIVE SUPPORT LIMITED,23329.24,PRIVATE CONTRACTORS
2012-10,People,Development & Commissioning,DARLINGTON PRIMARY CARE TRUST,71312,Contributions/Donations
2012-10,People,Development & Commissioning,DARLINGTON YMCA FOYER,13876.2,PRIVATE CONTRACTORS
2012-10,People,Development & Commissioning,DISC,8964.52,PRIVATE CONTRACTORS
2012-10,People,Development & Commissioning,DURHAM CONSTABULARY,2576,OTHER LOCAL AUTHORITIES
2012-10,People,Development & Commissioning,DURHAM CONSTABULARY,1939.2,Contributions/Donations
2012-10,People,Development & Commissioning,ENDEAVOUR HOUSING ASSOCIATION,1635.56,PRIVATE CONTRACTORS
2012-10,People,Development & Commissioning,HANOVER HOUSING ASSOCIATION,1114.94,PRIVATE CONTRACTORS
2012-10,People,Development & Commissioning,IIZUKA SOFTWARE TECHNOLOGIES LTD,800,ICT SOFTWARE SUPPORT & MAINTENANCE
2012-10,People,Development & Commissioning,INSIGHT DIRECT (UK) LTD,1234.63,ICT HARDWARE PURCHASE
2012-10,People,Development & Commissioning,KEYRING LIVING SUPPORT NETWORK,2581.12,PRIVATE CONTRACTORS
2012-10,People,Development & Commissioning,MAGGIE HOPE,1800,EMPLOYEE TRAINING COURSE COSTS
2012-10,People,Development & Commissioning,NECA SERVICES LTD,20292.25,RENT OF FACILITIES
2012-10,People,Development & Commissioning,RICHMOND FELLOWSHIP,9555,PRIVATE CONTRACTORS
2012-10,People,Development & Commissioning,SAFEGUARDING TRAINING SOLUTIIONS,525,EMPLOYEE TRAINING COURSE COSTS
2012-10,People,Development & Commissioning,SANCTUARY SUPPORTED LIVING,10516.04,PRIVATE CONTRACTORS
2012-10,People,Development & Commissioning,SOUNDINGBOARD,4550,PROFESSIONAL FEES & CONSULTANCY
2012-10,People,Development & Commissioning,ST JOHN AMBULANCE,1360,EMPLOYEE TRAINING COURSE COSTS
2012-10,People,Development & Commissioning,ST TERESAS HOSPICE,500,EMPLOYEE TRAINING COURSE COSTS
2012-10,People,Development & Commissioning,STONHAM HOUSING ASSOCIATION,6480,PRIVATE CONTRACTORS
2012-10,People,Development & Commissioning,TEES VALLEY HOUSING LTD,11042.2,PRIVATE CONTRACTORS
2012-10,People,Development & Commissioning,TEES VALLEY YMCA LIMITED,7500,PRIVATE CONTRACTORS
2012-10,People,Development & Commissioning,TEES VALLEY YMCA LIMITED,3250,PROFESSIONAL FEES & CONSULTANCY
2012-10,People,Development & Commissioning,THREE RIVERS HOUSING ASSOCIATIONS LTD,2307.68,PRIVATE CONTRACTORS
2012-10,Balance Sheet,Balance Sheet,CLEAR  CHANNEL UK LTD,761.25,GENERAL DEBITS
2012-10,Balance Sheet,Balance Sheet,DARLINGTON SCHOOL OF MATHEMATICS & SCIENCE,1395,GENERAL DEBITS
2012-10,Balance Sheet,Balance Sheet,DIFFERENTIA LTD,828.3,ADJ PURCHASES VAT
2012-10,Balance Sheet,Balance Sheet,HALFORDS,8275,GENERAL DEBITS
2012-10,Balance Sheet,Balance Sheet,KIDDIVOUCHERS LTD,13492.6,GENERAL DEBITS
2012-10,Balance Sheet,Balance Sheet,MACS AUTOMATED BOLLARD SYSTEMS LTD,6074.76,GENERAL DEBITS
2012-10,Balance Sheet,Balance Sheet,SECTOR TREASURY SERVICES LTD,16750,BROKERAGE - LONG TERM LOANS
2012-10,Balance Sheet,Balance Sheet,THE EDUCATION VILLAGE ACADEMY TRUST,575,GENERAL DEBITS
2012-10,Balance Sheet,Balance Sheet,VIGLEN LTD,4160,GENERAL DEBITS
2012-10,Balance Sheet,Balance Sheet,ZURICH INSURANCE COMPANY,9398.64,GENERAL DEBITS
2012-10,Balance Sheet,Balance Sheet,ZURICH INSURANCE COMPANY,750,GENERAL DEBITS
2012-10,Bidra,Bidra,DISTINCT DARLINGTON LIMITED,92327.94,OTHER ESTABLISHMENTS
2012-10,Bidra,Bidra,DISTINCT DARLINGTON LIMITED,9698.41,OTHER ESTABLISHMENTS
2012-10,Capital,Capital,BARRETT ENVIRONMENTAL,590,CONSULTANTS - OTHER
2012-10,Capital,Capital,BARRIER ENERGY LTD,1173,OTHER CONTRACTOR PAYMENTS
2012-10,Capital,Capital,BILLINGHURST GEORGE & PARTNERS,5869.5,CONSULTANTS - OTHER
2012-10,Capital,Capital,BILLINGHURST GEORGE & PARTNERS,4200,CONSULTANTS - OTHER
2012-10,Capital,Capital,BRAMBLEDOWN LANDSCAPES,23227.88,PAYMENTS MAIN CONTRACTOR - NON DLO
2012-10,Capital,Capital,DARLINGTON SCAFFOLDING LTD,1650,OTHER CONTRACTOR PAYMENTS
2012-10,Capital,Capital,DICKINSON DEES LAW FIRM,1200,VALUATION & ESTATES FEES
2012-10,Capital,Capital,DURHAM COUNTY COUNCIL,37857.72,PAYMENTS MAIN CONTRACTOR - NON DLO
2012-10,Capital,Capital,ECON ENGINEERING LTD,39000,FURNITURE EQUIPMENT
2012-10,Capital,Capital,ESH CONSTRUCTION LIMITED,262344.44,PAYMENTS MAIN CONTRACTOR - NON DLO
2012-10,Capital,Capital,MOUCHEL LIMITED,2030,PAYMENTS MAIN CONTRACTOR - NON DLO
2012-10,Capital,Capital,NORTHERN POWERGRID (NORTHEAST) LTD,24868.13,ELECTRICAL
2012-10,Capital,Capital,SCHOTT REMOVALS TRANSPORT LTD,3223.2,REMOVALS
2012-10,Capital,Capital,STEVE WELLS ASSOCIATES LTD,1800,CONSULTANTS - OTHER
2012-10,Capital,Capital,SYMOLOGY LTD,1720,CONSULTANTS - OTHER
2012-10,Capital,Capital,THREE RIVERS HOUSING ASSOCIATIONS LTD,1242.3,FEES - OTHER
2012-10,Capital,Capital,THREE RIVERS HOUSING ASSOCIATIONS LTD,576.6,OTHER INCIDENTAL CAPITAL COSTS
2012-10,Capital,Capital,URS INFRASTRUCTURE & ENVIRONMENT UK LTD,1200,CONSULTANTS - OTHER
2012-10,Capital,Capital,URS SCOTT WILSON LTD,7493,CONSULTANTS - OTHER
2012-10,Capital,Capital,WERNICK HIRE LTD,942.85,PAYMENTS MAIN CONTRACTOR - NON DLO
2012-10,Capital,Capital,WERNICK HIRE LTD,974.29,PAYMENTS MAIN CONTRACTOR - NON DLO
2012-10,Capital,Capital,WYG ENGINEERING LTD,1817,CONSULTANTS - OTHER
