Body,Body Name,Transaction Date,Transaction number,Supplier Name,Net Amount,Merchant Category,Merchant Category Group,Expense Area,Expense Type,Expense Code
http://statistics.data.gov.uk/doc/local-authority-district/00CY,The Borough of Calderdale,2015-11-24,56097,ACCACAREERS.COM,300.00,Civic/Social/Fraternal Assc,Leisure Activities,Communities & Service Support-Recreation & Support,Expenses,06011610
http://statistics.data.gov.uk/doc/local-authority-district/00CY,The Borough of Calderdale,2015-10-29,55322,ANCESTRY.CO.UK,10.95,Continuity/Subscription Mercht,Mail Order / Direct Selling,Communities & Service Support-Customer Services and Communications,Miscellaneous Expenses,10204800
http://statistics.data.gov.uk/doc/local-authority-district/00CY,The Borough of Calderdale,2015-09-29,54459,ANCESTRY.CO.UK,10.95,Continuity/Subscription Mercht,Mail Order / Direct Selling,Communities & Service Support-Customer Services and Communications,Miscellaneous Expenses,10204800
http://statistics.data.gov.uk/doc/local-authority-district/00CY,The Borough of Calderdale,2015-08-30,53594,ANCESTRY.CO.UK,10.95,Continuity/Subscription Mercht,Mail Order / Direct Selling,Communities & Service Support-Customer Services and Communications,Miscellaneous Expenses,10204800
http://statistics.data.gov.uk/doc/local-authority-district/00CY,The Borough of Calderdale,2015-11-03,55398,APPLE ONLINE STORE GBP,33.12,Electronics Sales,General Retail And Wholesale,"Adults, Health and Social Care-Adult Health & Social Care",Communications And Computers,88394530
http://statistics.data.gov.uk/doc/local-authority-district/00CY,The Borough of Calderdale,2015-10-28,55241,ARGOS LTD,10.28,Discount Stores,General Retail And Wholesale,Economy and Environment-Planning & Building Control,Equipment Furniture And Materials,58104020
http://statistics.data.gov.uk/doc/local-authority-district/00CY,The Borough of Calderdale,2015-11-03,55400,ARGOS LTD,15.82,Discount Stores,General Retail And Wholesale,Economy and Environment-Planning & Building Control,Equipment Furniture And Materials,58224020
http://statistics.data.gov.uk/doc/local-authority-district/00CY,The Borough of Calderdale,2015-11-23,56065,ARGOS LTD,11.65,Discount Stores,General Retail And Wholesale,Economy and Environment-Housing Services,Fixtures Fittings And Furnishings (Part Of Building),52382500
http://statistics.data.gov.uk/doc/local-authority-district/00CY,The Borough of Calderdale,2015-11-19,56001,ARGOS RETAIL GROUP,103.94,Discount Stores,General Retail And Wholesale,Children and Young People-Childrens Care Services,Miscellaneous Expenses,72324858
http://statistics.data.gov.uk/doc/local-authority-district/00CY,The Borough of Calderdale,2015-10-29,55301,ARGOS RETAIL GROUP,299.99,Discount Stores,General Retail And Wholesale,Children and Young People-Childrens Care Services,Miscellaneous Expenses,72324850
http://statistics.data.gov.uk/doc/local-authority-district/00CY,The Borough of Calderdale,2015-10-29,55302,ARGOS RETAIL GROUP,419.97,Discount Stores,General Retail And Wholesale,Children and Young People-Childrens Care Services,Miscellaneous Expenses,72324850
http://statistics.data.gov.uk/doc/local-authority-district/00CY,The Borough of Calderdale,2015-10-13,54816,ARGOS RETAIL GROUP,66.66,Discount Stores,General Retail And Wholesale,Communities & Service Support-Community Safety & Support,Water Services,04732400
http://statistics.data.gov.uk/doc/local-authority-district/00CY,The Borough of Calderdale,2015-11-24,56104,ASDA STORE,35.77,Grocery Stores,General Retail And Wholesale,Economy and Environment-Housing Services,Miscellaneous Expenses,52IQ4800
http://statistics.data.gov.uk/doc/local-authority-district/00CY,The Borough of Calderdale,2015-11-20,55977,Amazon Digital Dwnlds,3.32,Record Shops,General Retail And Wholesale,Communities & Service Support-Libraries Info & Tourism,Equipment Furniture And Materials (Cont),08154130
http://statistics.data.gov.uk/doc/local-authority-district/00CY,The Borough of Calderdale,2015-11-20,55982,Amazon Digital Dwnlds,3.32,Record Shops,General Retail And Wholesale,Communities & Service Support-Libraries Info & Tourism,Equipment Furniture And Materials (Cont),08154130
http://statistics.data.gov.uk/doc/local-authority-district/00CY,The Borough of Calderdale,2015-11-06,55533,Amazon Svcs Europe SAR,24.12,Book Stores,Books And Periodicals,Communities & Service Support-Libraries Info & Tourism,Equipment Furniture And Materials,08154017
http://statistics.data.gov.uk/doc/local-authority-district/00CY,The Borough of Calderdale,2015-11-11,55691,Amazon Svcs Europe SAR,16.56,Book Stores,Books And Periodicals,Children and Young People-Childrens Care Services,Equipment Furniture And Materials (Cont),72354106
http://statistics.data.gov.uk/doc/local-authority-district/00CY,The Borough of Calderdale,2015-11-05,55514,Amazon UK Marketplace,2.75,Misc Speciality Retail,General Retail And Wholesale,Communities & Service Support-Recreation & Support,Equipment Furniture And Materials,06114020
http://statistics.data.gov.uk/doc/local-authority-district/00CY,The Borough of Calderdale,2015-10-28,55245,Amazon UK Marketplace,12.80,Misc Speciality Retail,General Retail And Wholesale,Communities & Service Support-Libraries Info & Tourism,Equipment Furniture And Materials,08164017
http://statistics.data.gov.uk/doc/local-authority-district/00CY,The Borough of Calderdale,2015-11-02,55365,Amazon UK Marketplace,9.28,Misc Speciality Retail,General Retail And Wholesale,Communities & Service Support-Libraries Info & Tourism,Equipment Furniture And Materials,08154017
http://statistics.data.gov.uk/doc/local-authority-district/00CY,The Borough of Calderdale,2015-11-03,55404,Amazon UK Marketplace,24.62,Misc Speciality Retail,General Retail And Wholesale,Communities & Service Support-Libraries Info & Tourism,Equipment Furniture And Materials,08154017
http://statistics.data.gov.uk/doc/local-authority-district/00CY,The Borough of Calderdale,2015-11-04,55445,Amazon UK Marketplace,22.67,Book Stores,Books And Periodicals,Communities & Service Support-Libraries Info & Tourism,Equipment Furniture And Materials,08154017
http://statistics.data.gov.uk/doc/local-authority-district/00CY,The Borough of Calderdale,2015-11-06,55534,Amazon UK Marketplace,10.79,Book Stores,Books And Periodicals,Communities & Service Support-Libraries Info & Tourism,Equipment Furniture And Materials,08154017
http://statistics.data.gov.uk/doc/local-authority-district/00CY,The Borough of Calderdale,2015-11-06,55535,Amazon UK Marketplace,17.80,Misc Speciality Retail,General Retail And Wholesale,Communities & Service Support-Libraries Info & Tourism,Equipment Furniture And Materials,08154017
http://statistics.data.gov.uk/doc/local-authority-district/00CY,The Borough of Calderdale,2015-11-06,55536,Amazon UK Marketplace,12.54,Misc Speciality Retail,General Retail And Wholesale,Communities & Service Support-Libraries Info & Tourism,Equipment Furniture And Materials,08154017
http://statistics.data.gov.uk/doc/local-authority-district/00CY,The Borough of Calderdale,2015-11-07,55537,Amazon UK Marketplace,17.10,Book Stores,Books And Periodicals,Communities & Service Support-Libraries Info & Tourism,Equipment Furniture And Materials,08154017
http://statistics.data.gov.uk/doc/local-authority-district/00CY,The Borough of Calderdale,2015-11-09,55600,Amazon UK Marketplace,21.74,Misc Speciality Retail,General Retail And Wholesale,Communities & Service Support-Libraries Info & Tourism,Equipment Furniture And Materials,08154017
http://statistics.data.gov.uk/doc/local-authority-district/00CY,The Borough of Calderdale,2015-11-16,55811,Amazon UK Marketplace,24.56,Book Stores,Books And Periodicals,Communities & Service Support-Libraries Info & Tourism,Equipment Furniture And Materials,08154017
http://statistics.data.gov.uk/doc/local-authority-district/00CY,The Borough of Calderdale,2015-11-21,55979,Amazon UK Marketplace,2.81,Misc Speciality Retail,General Retail And Wholesale,Communities & Service Support-Libraries Info & Tourism,Equipment Furniture And Materials,08154017
http://statistics.data.gov.uk/doc/local-authority-district/00CY,The Borough of Calderdale,2015-11-24,56089,Amazon UK Marketplace,17.80,Misc Speciality Retail,General Retail And Wholesale,Communities & Service Support-Libraries Info & Tourism,Equipment Furniture And Materials,08154017
http://statistics.data.gov.uk/doc/local-authority-district/00CY,The Borough of Calderdale,2015-11-25,56153,Amazon UK Marketplace,73.21,Book Stores,Books And Periodicals,Communities & Service Support-Libraries Info & Tourism,Equipment Furniture And Materials,08154017
http://statistics.data.gov.uk/doc/local-authority-district/00CY,The Borough of Calderdale,2015-11-25,56154,Amazon UK Marketplace,1.70,Book Stores,Books And Periodicals,Communities & Service Support-Libraries Info & Tourism,Equipment Furniture And Materials (Cont),08154129
http://statistics.data.gov.uk/doc/local-authority-district/00CY,The Borough of Calderdale,2015-11-26,56220,Amazon UK Marketplace,26.72,Book Stores,Books And Periodicals,Communities & Service Support-Libraries Info & Tourism,Equipment Furniture And Materials,08154017
http://statistics.data.gov.uk/doc/local-authority-district/00CY,The Borough of Calderdale,2015-11-26,56223,Amazon UK Marketplace,38.14,Misc Speciality Retail,General Retail And Wholesale,Communities & Service Support-Libraries Info & Tourism,Equipment Furniture And Materials,08154017
http://statistics.data.gov.uk/doc/local-authority-district/00CY,The Borough of Calderdale,2015-11-05,55477,Amazon UK Retail,27.48,Other Direct Marketers,Mail Order / Direct Selling,Deputy Chief Executive-ICT Services,Communications And Computers,2A294530
http://statistics.data.gov.uk/doc/local-authority-district/00CY,The Borough of Calderdale,2015-11-19,55938,Amazon UK Retail,21.96,Other Direct Marketers,Mail Order / Direct Selling,Deputy Chief Executive-ICT Services,Expenses,2A291600
http://statistics.data.gov.uk/doc/local-authority-district/00CY,The Borough of Calderdale,2015-11-18,55915,Amazon UK Retail,24.14,Other Direct Marketers,Mail Order / Direct Selling,Communities & Service Support-Customer Services and Communications,Equipment Furniture And Materials (Cont),10404174
http://statistics.data.gov.uk/doc/local-authority-district/00CY,The Borough of Calderdale,2015-11-18,55916,Amazon UK Retail,24.14,Other Direct Marketers,Mail Order / Direct Selling,Communities & Service Support-Customer Services and Communications,Equipment Furniture And Materials (Cont),10404174
http://statistics.data.gov.uk/doc/local-authority-district/00CY,The Borough of Calderdale,2015-11-21,56002,Amazon UK Retail,16.65,Other Direct Marketers,Mail Order / Direct Selling,Communities & Service Support-Customer Services and Communications,Equipment Furniture And Materials (Cont),10404174
http://statistics.data.gov.uk/doc/local-authority-district/00CY,The Borough of Calderdale,2015-11-02,55369,Amazon UK Retail,24.95,Other Direct Marketers,Mail Order / Direct Selling,Communities & Service Support-Libraries Info & Tourism,Equipment Furniture And Materials,08164017
http://statistics.data.gov.uk/doc/local-authority-district/00CY,The Borough of Calderdale,2015-11-05,55489,Amazon UK Retail,13.99,Other Direct Marketers,Mail Order / Direct Selling,Communities & Service Support-Libraries Info & Tourism,Equipment Furniture And Materials,08164017
http://statistics.data.gov.uk/doc/local-authority-district/00CY,The Borough of Calderdale,2015-11-03,55405,Amazon UK Retail,18.27,Other Direct Marketers,Mail Order / Direct Selling,Communities & Service Support-Libraries Info & Tourism,Equipment Furniture And Materials,08154017
http://statistics.data.gov.uk/doc/local-authority-district/00CY,The Borough of Calderdale,2015-11-03,55406,Amazon UK Retail,18.28,Other Direct Marketers,Mail Order / Direct Selling,Communities & Service Support-Libraries Info & Tourism,Equipment Furniture And Materials,08154017
http://statistics.data.gov.uk/doc/local-authority-district/00CY,The Borough of Calderdale,2015-11-07,55538,Amazon UK Retail,34.31,Other Direct Marketers,Mail Order / Direct Selling,Communities & Service Support-Libraries Info & Tourism,Equipment Furniture And Materials,08154017
http://statistics.data.gov.uk/doc/local-authority-district/00CY,The Borough of Calderdale,2015-11-09,55601,Amazon UK Retail,4.53,Other Direct Marketers,Mail Order / Direct Selling,Communities & Service Support-Libraries Info & Tourism,Equipment Furniture And Materials,08154017
http://statistics.data.gov.uk/doc/local-authority-district/00CY,The Borough of Calderdale,2015-11-10,55637,Amazon UK Retail,15.49,Other Direct Marketers,Mail Order / Direct Selling,Communities & Service Support-Libraries Info & Tourism,Equipment Furniture And Materials,08154017
http://statistics.data.gov.uk/doc/local-authority-district/00CY,The Borough of Calderdale,2015-11-13,55767,Amazon UK Retail,16.00,Other Direct Marketers,Mail Order / Direct Selling,Communities & Service Support-Libraries Info & Tourism,Equipment Furniture And Materials,08154017
http://statistics.data.gov.uk/doc/local-authority-district/00CY,The Borough of Calderdale,2015-11-15,55768,Amazon UK Retail,10.98,Other Direct Marketers,Mail Order / Direct Selling,Communities & Service Support-Libraries Info & Tourism,Equipment Furniture And Materials,08154017
http://statistics.data.gov.uk/doc/local-authority-district/00CY,The Borough of Calderdale,2015-11-16,55812,Amazon UK Retail,20.40,Other Direct Marketers,Mail Order / Direct Selling,Communities & Service Support-Libraries Info & Tourism,Equipment Furniture And Materials,08154017
http://statistics.data.gov.uk/doc/local-authority-district/00CY,The Borough of Calderdale,2015-11-18,55897,Amazon UK Retail,20.53,Other Direct Marketers,Mail Order / Direct Selling,Communities & Service Support-Libraries Info & Tourism,Equipment Furniture And Materials,08154017
http://statistics.data.gov.uk/doc/local-authority-district/00CY,The Borough of Calderdale,2015-11-21,55980,Amazon UK Retail,10.45,Other Direct Marketers,Mail Order / Direct Selling,Communities & Service Support-Libraries Info & Tourism,Equipment Furniture And Materials,08154017
http://statistics.data.gov.uk/doc/local-authority-district/00CY,The Borough of Calderdale,2015-11-21,55981,Amazon UK Retail,61.49,Other Direct Marketers,Mail Order / Direct Selling,Communities & Service Support-Libraries Info & Tourism,Equipment Furniture And Materials,08154017
http://statistics.data.gov.uk/doc/local-authority-district/00CY,The Borough of Calderdale,2015-11-25,56151,Amazon UK Retail,9.99,Other Direct Marketers,Mail Order / Direct Selling,Communities & Service Support-Libraries Info & Tourism,Equipment Furniture And Materials,08154017
http://statistics.data.gov.uk/doc/local-authority-district/00CY,The Borough of Calderdale,2015-11-25,56152,Amazon UK Retail,15.63,Other Direct Marketers,Mail Order / Direct Selling,Communities & Service Support-Libraries Info & Tourism,Equipment Furniture And Materials,08154017
http://statistics.data.gov.uk/doc/local-authority-district/00CY,The Borough of Calderdale,2015-11-26,56221,Amazon UK Retail,5.73,Other Direct Marketers,Mail Order / Direct Selling,Communities & Service Support-Libraries Info & Tourism,Equipment Furniture And Materials,08154017
http://statistics.data.gov.uk/doc/local-authority-district/00CY,The Borough of Calderdale,2015-11-26,56222,Amazon UK Retail,5.78,Other Direct Marketers,Mail Order / Direct Selling,Communities & Service Support-Libraries Info & Tourism,Equipment Furniture And Materials,08154017
http://statistics.data.gov.uk/doc/local-authority-district/00CY,The Borough of Calderdale,2015-11-11,55681,Amazon UK Retail,36.97,Other Direct Marketers,Mail Order / Direct Selling,Economy and Environment-Planning & Building Control,Equipment Furniture And Materials,58224020
http://statistics.data.gov.uk/doc/local-authority-district/00CY,The Borough of Calderdale,2015-11-13,55778,Amazon UK Retail,7.66,Other Direct Marketers,Mail Order / Direct Selling,Children and Young People-Childrens Care Services,Printing Stationery And General Office Expenses,72314300
http://statistics.data.gov.uk/doc/local-authority-district/00CY,The Borough of Calderdale,2015-11-17,55871,Amazon UK Retail,12.41,Other Direct Marketers,Mail Order / Direct Selling,Children and Young People-Childrens Care Services,Equipment Furniture And Materials,72314005
http://statistics.data.gov.uk/doc/local-authority-district/00CY,The Borough of Calderdale,2015-11-08,55553,Amazon UK Retail,39.47,Other Direct Marketers,Mail Order / Direct Selling,Communities & Service Support-Customer Services and Communications,Printing Stationery And General Office Expenses,10204300
http://statistics.data.gov.uk/doc/local-authority-district/00CY,The Borough of Calderdale,2015-11-23,56066,B & Q PLC,25.00,Lumber/Build. Supply Stores,Building Materials,Economy and Environment-Housing Services,Equipment Furniture And Materials,52384040
http://statistics.data.gov.uk/doc/local-authority-district/00CY,The Borough of Calderdale,2015-11-11,55714,B&M RETAIL LTD,1.99,Discount Stores,General Retail And Wholesale,Communities & Service Support-Recreation & Support,Equipment Furniture And Materials,06114020
http://statistics.data.gov.uk/doc/local-authority-district/00CY,The Borough of Calderdale,2015-11-26,56262,BANSON TOOL HIRE LTD,29.55,Hardware Equipment/Supplies,Miscellaneous Industrial/Commercial Supplies,Communities & Service Support-Recreation & Support,Equipment Furniture And Materials,06104020
http://statistics.data.gov.uk/doc/local-authority-district/00CY,The Borough of Calderdale,2015-11-10,55666,BIRCHENCLIFFE GARD,39.23,Lawn/Garden Supply/Nursery,Estate And Garden Services,Communities & Service Support-Recreation & Support,Equipment Furniture And Materials (Cont),06114110
http://statistics.data.gov.uk/doc/local-authority-district/00CY,The Borough of Calderdale,2015-11-03,55439,BRADFORD REGISTER,19.00,Gov't Serv - Default,Statutory Bodies,Children and Young People-Childrens Care Services,Services,72324435
http://statistics.data.gov.uk/doc/local-authority-district/00CY,The Borough of Calderdale,2015-11-04,55473,CALDER VALLEY AGRICULTURA,64.60,Hardware Stores,General Retail And Wholesale,Communities & Service Support-Safer Cleaner Greener,Equipment Furniture And Materials,90304055
http://statistics.data.gov.uk/doc/local-authority-district/00CY,The Borough of Calderdale,2015-11-20,56040,CALDER VALLEY AGRICULTURA,27.80,Hardware Stores,General Retail And Wholesale,Communities & Service Support-Safer Cleaner Greener,Equipment Furniture And Materials,90304055
http://statistics.data.gov.uk/doc/local-authority-district/00CY,The Borough of Calderdale,2015-11-25,56176,CALDERDALE MBC,30.00,Gov't Serv - Default,Statutory Bodies,Economy and Environment-Housing Services,Equipment Furniture And Materials,52IQ4010
http://statistics.data.gov.uk/doc/local-authority-district/00CY,The Borough of Calderdale,2015-04-13,49616,CIEH,99.00,Member Organizations - Def,Clubs/Associations/Organisations,Economy and Environment-Housing Services,Expenses,52301601
http://statistics.data.gov.uk/doc/local-authority-district/00CY,The Borough of Calderdale,2015-11-17,55872,CITB,25.00,Colleges/Univ/Jc/Profession,Training And Educational,Economy and Environment-Regeneration,Miscellaneous Expenses,164T4832
http://statistics.data.gov.uk/doc/local-authority-district/00CY,The Borough of Calderdale,2015-10-29,55290,CO-OP GROUP 190379,9.61,Grocery Stores,General Retail And Wholesale,Children and Young People-Childrens Care Services,Miscellaneous Expenses,72704821
http://statistics.data.gov.uk/doc/local-authority-district/00CY,The Borough of Calderdale,2015-11-05,55512,CO-OP GROUP 190379,6.97,Grocery Stores,General Retail And Wholesale,Children and Young People-Childrens Care Services,Miscellaneous Expenses,72704821
http://statistics.data.gov.uk/doc/local-authority-district/00CY,The Borough of Calderdale,2015-11-03,55419,COCKROFT TIMBER LTD,349.34,Lumber/Build. Supply Stores,Building Materials,Economy and Environment-Housing Services,Equipment Furniture And Materials,52164022
http://statistics.data.gov.uk/doc/local-authority-district/00CY,The Borough of Calderdale,2015-11-03,55420,COCKROFT TIMBER LTD,187.67,Lumber/Build. Supply Stores,Building Materials,Economy and Environment-Housing Services,Equipment Furniture And Materials,52164022
http://statistics.data.gov.uk/doc/local-authority-district/00CY,The Borough of Calderdale,2015-11-17,55869,COMBINED COURT,170.00,Fines,Statutory Bodies,Children and Young People-Childrens Care Services,Services,72414408
http://statistics.data.gov.uk/doc/local-authority-district/00CY,The Borough of Calderdale,2015-11-17,55870,COMBINED COURT,170.00,Fines,Statutory Bodies,Children and Young People-Childrens Care Services,Services,72414408
http://statistics.data.gov.uk/doc/local-authority-district/00CY,The Borough of Calderdale,2015-11-13,55790,CRUSADER LTD,182.50,Computer Program/Sys Design,Computer Equipment & Services,Children and Young People-Childrens Care Services,Miscellaneous Expenses,72504800
http://statistics.data.gov.uk/doc/local-authority-district/00CY,The Borough of Calderdale,2015-11-24,56115,CRUSADER LTD,75.00,Computer Program/Sys Design,Computer Equipment & Services,Children and Young People-Childrens Care Services,Miscellaneous Expenses,72504800
http://statistics.data.gov.uk/doc/local-authority-district/00CY,The Borough of Calderdale,2015-09-24,54301,CURRYS,44.99,Electronics Sales,General Retail And Wholesale,Communities & Service Support-Customer Services and Communications,Expenses,10241601
http://statistics.data.gov.uk/doc/local-authority-district/00CY,The Borough of Calderdale,2015-11-19,55971,CURRYS ONLINE,29.99,Electronics Sales,General Retail And Wholesale,Children and Young People-Childrens Care Services,Miscellaneous Expenses,72324850
http://statistics.data.gov.uk/doc/local-authority-district/00CY,The Borough of Calderdale,2015-11-19,55972,CURRYS ONLINE,34.99,Electronics Sales,General Retail And Wholesale,Children and Young People-Childrens Care Services,Miscellaneous Expenses,72324850
http://statistics.data.gov.uk/doc/local-authority-district/00CY,The Borough of Calderdale,2015-11-15,55793,FACEBOOK 2W86V8WST2,20.05,Advertising Services,Print And Advertising,Communities & Service Support-Customer Services and Communications,Miscellaneous Expenses,10404825
http://statistics.data.gov.uk/doc/local-authority-district/00CY,The Borough of Calderdale,2015-11-19,55956,FACEBOOK 3DYZG82TT2,40.02,Advertising Services,Print And Advertising,Communities & Service Support-Customer Services and Communications,Miscellaneous Expenses,10404825
http://statistics.data.gov.uk/doc/local-authority-district/00CY,The Borough of Calderdale,2015-10-31,55337,FACEBOOK 9ADEJ8ADH2,50.00,Advertising Services,Print And Advertising,Communities & Service Support-Customer Services and Communications,Miscellaneous Expenses,10404816
http://statistics.data.gov.uk/doc/local-authority-district/00CY,The Borough of Calderdale,2015-10-31,55336,FACEBOOK FQBFW8N4L2,105.24,Advertising Services,Print And Advertising,Communities & Service Support-Customer Services and Communications,Miscellaneous Expenses,10404832
http://statistics.data.gov.uk/doc/local-authority-district/00CY,The Borough of Calderdale,2015-10-30,55335,FACEBOOK WXERN8JCH2,600.27,Advertising Services,Print And Advertising,Communities & Service Support-Customer Services and Communications,Miscellaneous Expenses,10404816
http://statistics.data.gov.uk/doc/local-authority-district/00CY,The Borough of Calderdale,2015-11-05,55525,GARDNER CARPETS,92.00,Floor Covering Stores,General Retail And Wholesale,Children and Young People-Childrens Care Services,Miscellaneous Expenses,72324858
http://statistics.data.gov.uk/doc/local-authority-district/00CY,The Borough of Calderdale,2015-11-03,55396,GRAND CENTRAL RAIL,41.70,Passenger Railways,Travel,Deputy Chief Executive-ICT Services,Expenses,2A291600
http://statistics.data.gov.uk/doc/local-authority-district/00CY,The Borough of Calderdale,2015-11-25,56149,GRAND CENTRAL RAIL,28.50,Passenger Railways,Travel,Deputy Chief Executive-ICT Services,Expenses,2A291600
http://statistics.data.gov.uk/doc/local-authority-district/00CY,The Borough of Calderdale,2015-11-25,56192,HAGS-SMP LIMITED,25.52,Business Services - Default,Miscellaneous Industrial/Commercial Supplies,Communities & Service Support-Safer Cleaner Greener,Equipment Furniture And Materials,90304055
http://statistics.data.gov.uk/doc/local-authority-district/00CY,The Borough of Calderdale,2015-11-11,55684,HALIFAX STN TO,15.20,Passenger Railways,Travel,Communities & Service Support-Libraries Info & Tourism,Expenses,08011600
http://statistics.data.gov.uk/doc/local-authority-district/00CY,The Borough of Calderdale,2015-11-17,55874,HALIFAX STN TO,129.00,Passenger Railways,Travel,Communities & Service Support-Customer Services and Communications,Expenses,10244600
http://statistics.data.gov.uk/doc/local-authority-district/00CY,The Borough of Calderdale,2015-09-23,54260,HALIFAX STN TO,11.60,Passenger Railways,Travel,Communities & Service Support-Customer Services and Communications,Expenses,10244600
http://statistics.data.gov.uk/doc/local-authority-district/00CY,The Borough of Calderdale,2015-11-18,55960,HOL INN BIRM CITY,44.05,Hotels/Motels/Resorts,Hotels And Accommodation,Communities & Service Support-Customer Services and Communications,Expenses,10241601
http://statistics.data.gov.uk/doc/local-authority-district/00CY,The Borough of Calderdale,2015-11-19,55961,HOL INN BIRM CITY,3.50,Hotels/Motels/Resorts,Hotels And Accommodation,Communities & Service Support-Customer Services and Communications,Expenses,10241601
http://statistics.data.gov.uk/doc/local-authority-district/00CY,The Borough of Calderdale,2015-11-12,55752,LASER ADVENTURES,13.90,Member Clubs/Sport/Rec/Golf,Leisure Activities,Children and Young People-Childrens Care Services,Miscellaneous Expenses,72704821
http://statistics.data.gov.uk/doc/local-authority-district/00CY,The Borough of Calderdale,2015-11-05,55506,LASTRA-HOTEL.COM,57.50,Hotels/Motels/Resorts,Hotels And Accommodation,Children and Young People-Childrens Care Services,Expenses,72364600
http://statistics.data.gov.uk/doc/local-authority-district/00CY,The Borough of Calderdale,2015-11-01,55338,LINKEDIN-2256032744,10.08,Continuity/Subscription Mercht,Mail Order / Direct Selling,Communities & Service Support-Customer Services and Communications,Miscellaneous Expenses,10404816
http://statistics.data.gov.uk/doc/local-authority-district/00CY,The Borough of Calderdale,2015-11-19,55949,LOVE2SHOP.CO.UK,60.00,Civic/Social/Fraternal Assc,Leisure Activities,Children and Young People-Childrens Care Services,Expenses,72414633
http://statistics.data.gov.uk/doc/local-authority-district/00CY,The Borough of Calderdale,2015-06-15,51301,LUL TICKET MACHINE,4.80,Passenger Railways,Travel,Deputy Chief Executive-Human Resources,Expenses,86014602
http://statistics.data.gov.uk/doc/local-authority-district/00CY,The Borough of Calderdale,2015-10-29,55286,MAILCHIMP,159.00,Business Services - Default,Miscellaneous Industrial/Commercial Supplies,Communities & Service Support-Customer Services and Communications,Miscellaneous Expenses,10404821
http://statistics.data.gov.uk/doc/local-authority-district/00CY,The Borough of Calderdale,2015-11-23,56046,MARKS & SPENCER,30.00,Grocery Stores,General Retail And Wholesale,Economy and Environment-Planning & Building Control,Miscellaneous Expenses,58714804
http://statistics.data.gov.uk/doc/local-authority-district/00CY,The Borough of Calderdale,2015-11-16,55846,MARTINS MILL PACKAGING,48.00,Stationery Stores,Office Stationery Equipment And Supplies,Communities & Service Support-Museums & Arts,Equipment Furniture And Materials (Cont),12684173
http://statistics.data.gov.uk/doc/local-authority-district/00CY,The Borough of Calderdale,2015-10-20,55035,MARY'S FLORIST,29.99,Florists,Estate And Garden Services,Communities & Service Support-Customer Services and Communications,Expenses,10241601
http://statistics.data.gov.uk/doc/local-authority-district/00CY,The Borough of Calderdale,2015-11-13,55779,MERCURE AYR HOTEL,151.46,Hotels/Motels/Resorts,Hotels And Accommodation,Children and Young People-Childrens Care Services,Miscellaneous Expenses,72324855
http://statistics.data.gov.uk/doc/local-authority-district/00CY,The Borough of Calderdale,2015-11-10,55675,NAVIGATION SUPPLY CO L,16.50,Lumber/Build. Supply Stores,Building Materials,Communities & Service Support-Safer Cleaner Greener,Equipment Furniture And Materials,90304055
http://statistics.data.gov.uk/doc/local-authority-district/00CY,The Borough of Calderdale,2015-10-28,55243,NORTHERN RAIL WEBSALES,38.60,Passenger Railways,Travel,Communities & Service Support-Recreation & Support,Expenses,06014600
http://statistics.data.gov.uk/doc/local-authority-district/00CY,The Borough of Calderdale,2015-11-25,56157,NORTHERN RAIL WEBSALES,179.50,Passenger Railways,Travel,Communities & Service Support-Recreation & Support,Expenses,06014600
http://statistics.data.gov.uk/doc/local-authority-district/00CY,The Borough of Calderdale,2015-10-26,55186,NORTHERN RAIL WEBSALES,30.90,Passenger Railways,Travel,Communities & Service Support-Recreation & Support,Expenses,06014600
http://statistics.data.gov.uk/doc/local-authority-district/00CY,The Borough of Calderdale,2015-10-30,55380,NORTHERN RAIL WEBSALES,6.00,Passenger Railways,Travel,Economy and Environment-Housing Services,Expenses,52304600
http://statistics.data.gov.uk/doc/local-authority-district/00CY,The Borough of Calderdale,2015-11-06,55585,ODDJOBS DIY,22.99,Hardware Stores,General Retail And Wholesale,Communities & Service Support-Recreation & Support,Equipment Furniture And Materials,06114020
http://statistics.data.gov.uk/doc/local-authority-district/00CY,The Borough of Calderdale,2015-11-06,55567,OYSTER AUTOTOPUP,20.00,Passenger Railways,Travel,Economy and Environment-Housing Services,Miscellaneous Expenses,52194843
http://statistics.data.gov.uk/doc/local-authority-district/00CY,The Borough of Calderdale,2015-11-26,56250,OYSTER AUTOTOPUP,20.00,Passenger Railways,Travel,Economy and Environment-Housing Services,Miscellaneous Expenses,52194843
http://statistics.data.gov.uk/doc/local-authority-district/00CY,The Borough of Calderdale,2015-10-28,55264,PAYPAL *DIGITALTECH,12.47,Camera & Photo Supply Store,General Retail And Wholesale,Children and Young People-Childrens Care Services,Miscellaneous Expenses,72324856
http://statistics.data.gov.uk/doc/local-authority-district/00CY,The Borough of Calderdale,2015-11-20,55978,PAYPAL *HOOLECORPLT,299.95,Colleges/Univ/Jc/Profession,Training And Educational,Communities & Service Support-Libraries Info & Tourism,Equipment Furniture And Materials,08154017
http://statistics.data.gov.uk/doc/local-authority-district/00CY,The Borough of Calderdale,2015-11-26,56244,POST OFFICE COUNTER,6.45,Postage Stamps,Mail And Courier Services,Communities & Service Support-Customer Services and Communications,Communications And Computers,10204500
http://statistics.data.gov.uk/doc/local-authority-district/00CY,The Borough of Calderdale,2015-10-27,55210,POST OFFICE COUNTER,175.50,Postage Stamps,Mail And Courier Services,Communities & Service Support-Community Safety & Support,Communications And Computers,04734500
http://statistics.data.gov.uk/doc/local-authority-district/00CY,The Borough of Calderdale,2015-10-20,55037,POUNDLAND LTD 1348,18.20,Discount Stores,General Retail And Wholesale,Communities & Service Support-Customer Services and Communications,Expenses,10241601
http://statistics.data.gov.uk/doc/local-authority-district/00CY,The Borough of Calderdale,2015-11-26,56264,POUNDSTRETCHER 0757,3.30,Drapery & Upholstery Stores,General Retail And Wholesale,Communities & Service Support-Museums & Arts,Equipment Furniture And Materials (Cont),12704179
http://statistics.data.gov.uk/doc/local-authority-district/00CY,The Borough of Calderdale,2015-11-13,55792,PREMIER INN 44529775,57.08,Premier Travel Inns,Hotels And Accommodation,Children and Young People-Childrens Care Services,Miscellaneous Expenses,72364850
http://statistics.data.gov.uk/doc/local-authority-district/00CY,The Borough of Calderdale,2015-10-09,54712,RAMADA ENCORE BOURNEMOUTH,185.00,Hotels/Motels/Resorts,Hotels And Accommodation,Communities & Service Support-Recreation & Support,Expenses,06014600
http://statistics.data.gov.uk/doc/local-authority-district/00CY,The Borough of Calderdale,2015-11-12,55758,REGISTRAR OF BIRTHS DE,15.00,Gov't Serv - Default,Statutory Bodies,Children and Young People-Childrens Care Services,Services,72304435
http://statistics.data.gov.uk/doc/local-authority-district/00CY,The Borough of Calderdale,2015-11-06,55586,SCREWFIX,24.92,Lumber/Build. Supply Stores,Building Materials,Communities & Service Support-Recreation & Support,Equipment Furniture And Materials,06114020
http://statistics.data.gov.uk/doc/local-authority-district/00CY,The Borough of Calderdale,2015-11-06,55552,SCREWFIX DIRECT LT,41.62,Lumber/Build. Supply Stores,Building Materials,Economy and Environment-Housing Services,Equipment Furniture And Materials,52164022
http://statistics.data.gov.uk/doc/local-authority-district/00CY,The Borough of Calderdale,2015-11-11,55692,STUARTS HARDWARE,20.66,Hardware Stores,General Retail And Wholesale,Economy and Environment-Housing Services,Equipment Furniture And Materials,52164020
http://statistics.data.gov.uk/doc/local-authority-district/00CY,The Borough of Calderdale,2015-11-11,55735,SURVEYMONKEY.COM,43.33,Electronic Commerce/Info. Servi,Miscellaneous,Communities & Service Support-Customer Services and Communications,Miscellaneous Expenses,10404841
http://statistics.data.gov.uk/doc/local-authority-district/00CY,The Borough of Calderdale,2015-11-04,55474,TAG TOOL HIRE LTD,39.17,Equip/Furn Rent/Lease Serv,Miscellaneous Industrial/Commercial Supplies,Communities & Service Support-Safer Cleaner Greener,Catering Clothing And Uniforms,90304250
http://statistics.data.gov.uk/doc/local-authority-district/00CY,The Borough of Calderdale,2015-10-15,54899,TESCO STORE 2617,3.99,Grocery Stores,General Retail And Wholesale,Communities & Service Support-Customer Services and Communications,Miscellaneous Expenses,10204801
http://statistics.data.gov.uk/doc/local-authority-district/00CY,The Borough of Calderdale,2015-09-11,53907,TESCO STORES 2622,10.25,Grocery Stores,General Retail And Wholesale,Deputy Chief Executive-Human Resources,Equipment Furniture And Materials,86014004
http://statistics.data.gov.uk/doc/local-authority-district/00CY,The Borough of Calderdale,2015-10-16,54952,THE FRESHBOX,150.00,Misc Food Stores - Default,Catering And Catering Supplies,Communities & Service Support-Customer Services and Communications,Expenses,10241601
http://statistics.data.gov.uk/doc/local-authority-district/00CY,The Borough of Calderdale,2015-11-23,56116,THE IMPERIAL HOTELS LONDO,138.33,Hotels/Motels/Resorts,Hotels And Accommodation,Communities & Service Support-Museums & Arts,Expenses,12514600
http://statistics.data.gov.uk/doc/local-authority-district/00CY,The Borough of Calderdale,2015-11-02,55378,THE LANDLORDS ASSO,99.00,Member Organizations - Def,Clubs/Associations/Organisations,Economy and Environment-Environmental Services,Expenses,E2151600
http://statistics.data.gov.uk/doc/local-authority-district/00CY,The Borough of Calderdale,2015-11-02,55379,THE LANDLORDS ASSO,99.00,Member Organizations - Def,Clubs/Associations/Organisations,Economy and Environment-Environmental Services,Expenses,E2151600
http://statistics.data.gov.uk/doc/local-authority-district/00CY,The Borough of Calderdale,2015-11-13,55804,THE POST OFFICE,171.00,Postage Stamps,Mail And Courier Services,Communities & Service Support-Recreation & Support,Communications And Computers,06114500
http://statistics.data.gov.uk/doc/local-authority-district/00CY,The Borough of Calderdale,2015-11-18,55932,THE RANGE,13.78,Department Stores,General Retail And Wholesale,Communities & Service Support-Recreation & Support,Equipment Furniture And Materials,06114020
http://statistics.data.gov.uk/doc/local-authority-district/00CY,The Borough of Calderdale,2015-11-26,56263,THE RANGE,34.15,Department Stores,General Retail And Wholesale,Communities & Service Support-Museums & Arts,Equipment Furniture And Materials (Cont),12704179
http://statistics.data.gov.uk/doc/local-authority-district/00CY,The Borough of Calderdale,2015-11-24,56142,THE RANGE,4.99,Department Stores,General Retail And Wholesale,Communities & Service Support-Safer Cleaner Greener,Equipment Furniture And Materials,90304055
http://statistics.data.gov.uk/doc/local-authority-district/00CY,The Borough of Calderdale,2015-11-05,55478,THE READING AGENCY,81.00,Typesetting/Plate Making Etc,Print And Advertising,Communities & Service Support-Libraries Info & Tourism,Equipment Furniture And Materials (Cont),08034125
http://statistics.data.gov.uk/doc/local-authority-district/00CY,The Borough of Calderdale,2015-11-12,55753,TICKETSOURCE LTD,73.00,Theatrical Producers,Leisure Activities,Children and Young People-Childrens Care Services,Miscellaneous Expenses,72704821
http://statistics.data.gov.uk/doc/local-authority-district/00CY,The Borough of Calderdale,2015-11-24,56130,TICKETSOURCE LTD,73.00,Theatrical Producers,Leisure Activities,Children and Young People-Childrens Care Services,Miscellaneous Expenses,72704821
http://statistics.data.gov.uk/doc/local-authority-district/00CY,The Borough of Calderdale,2015-11-02,55362,TRAINLINE,29.63,Passenger Railways,Travel,Deputy Chief Executive-ICT Services,Expenses,2A291600
http://statistics.data.gov.uk/doc/local-authority-district/00CY,The Borough of Calderdale,2015-11-03,55397,TRAINLINE,25.65,Passenger Railways,Travel,Deputy Chief Executive-ICT Services,Expenses,2A291600
http://statistics.data.gov.uk/doc/local-authority-district/00CY,The Borough of Calderdale,2015-11-20,55973,TRAINLINE,74.97,Passenger Railways,Travel,Deputy Chief Executive-ICT Services,Expenses,2A291600
http://statistics.data.gov.uk/doc/local-authority-district/00CY,The Borough of Calderdale,2015-11-20,55974,TRAINLINE,45.19,Passenger Railways,Travel,Deputy Chief Executive-ICT Services,Expenses,2A291600
http://statistics.data.gov.uk/doc/local-authority-district/00CY,The Borough of Calderdale,2015-11-11,55680,TRAINLINE,13.62,Passenger Railways,Travel,Economy and Environment-Planning & Building Control,Public Transport,58213300
http://statistics.data.gov.uk/doc/local-authority-district/00CY,The Borough of Calderdale,2015-11-04,55443,TRAINLINE,69.05,Passenger Railways,Travel,Economy and Environment-Regeneration,Grants And Subscriptions,16024730
http://statistics.data.gov.uk/doc/local-authority-district/00CY,The Borough of Calderdale,2015-11-24,56117,TRAINLINE,94.35,Passenger Railways,Travel,Communities & Service Support-Museums & Arts,Expenses,12514600
http://statistics.data.gov.uk/doc/local-authority-district/00CY,The Borough of Calderdale,2015-11-24,56118,TRAINLINE,66.25,Passenger Railways,Travel,Communities & Service Support-Museums & Arts,Expenses,12514600
http://statistics.data.gov.uk/doc/local-authority-district/00CY,The Borough of Calderdale,2015-11-18,55924,TRAINLINE,73.95,Passenger Railways,Travel,Children and Young People-Childrens Care Services,Miscellaneous Expenses,72364850
http://statistics.data.gov.uk/doc/local-authority-district/00CY,The Borough of Calderdale,2015-11-03,55423,TRAINLINE,14.43,Passenger Railways,Travel,Communities & Service Support-Customer Services and Communications,Expenses,10204600
http://statistics.data.gov.uk/doc/local-authority-district/00CY,The Borough of Calderdale,2015-09-29,54404,TRAINLINE,137.29,Passenger Railways,Travel,Communities & Service Support-Community Services - Community Engagemt & Cohesion,Expenses,40264600
http://statistics.data.gov.uk/doc/local-authority-district/00CY,The Borough of Calderdale,2015-10-26,55185,TRAVELODGE WEBSITE,39.17,Travelodge,Hotels And Accommodation,Communities & Service Support-Recreation & Support,Expenses,06014600
http://statistics.data.gov.uk/doc/local-authority-district/00CY,The Borough of Calderdale,2015-11-03,55395,TRAVELODGE WEBSITE,43.33,Travelodge,Hotels And Accommodation,Deputy Chief Executive-ICT Services,Expenses,2A291600
http://statistics.data.gov.uk/doc/local-authority-district/00CY,The Borough of Calderdale,2015-11-17,55882,TRAVELODGE WEBSITE,119.95,Travelodge,Hotels And Accommodation,Communities & Service Support-Customer Services and Communications,Expenses,10244600
http://statistics.data.gov.uk/doc/local-authority-district/00CY,The Borough of Calderdale,2015-10-29,55300,TRAVELODGE WEBSITE,57.52,Travelodge,Hotels And Accommodation,Children and Young People-Childrens Care Services,Services,72324415
http://statistics.data.gov.uk/doc/local-authority-district/00CY,The Borough of Calderdale,2015-03-31,49268,TRAVELODGE WEBSITE,43.87,Travelodge,Hotels And Accommodation,Economy and Environment-Housing Services,Expenses,52301600
http://statistics.data.gov.uk/doc/local-authority-district/00CY,The Borough of Calderdale,2015-11-24,56155,TV LICENSING,145.50,Mgmt/Consult/Public Rel Ser,Professional Services,Children and Young People-Schools and Children's Services - Non-School,Miscellaneous Expenses,683H4826
http://statistics.data.gov.uk/doc/local-authority-district/00CY,The Borough of Calderdale,2015-10-26,55184,VICTORIA THEATRE,7.50,Theatrical Producers,Leisure Activities,Communities & Service Support-Recreation & Support,Miscellaneous Expenses,06014800
http://statistics.data.gov.uk/doc/local-authority-district/00CY,The Borough of Calderdale,2015-04-14,49617,VIRGINTRAINS.CO.UK,35.00,Passenger Railways,Travel,Economy and Environment-Housing Services,Direct Transport Costs,52003099
http://statistics.data.gov.uk/doc/local-authority-district/00CY,The Borough of Calderdale,2015-11-26,56258,WH SMITH,17.98,News Dealers/Newsstands,Books And Periodicals,Communities & Service Support-Customer Services and Communications,Expenses,10241601
http://statistics.data.gov.uk/doc/local-authority-district/00CY,The Borough of Calderdale,2015-10-16,54953,WH SMITH,18.97,News Dealers/Newsstands,Books And Periodicals,Communities & Service Support-Customer Services and Communications,Expenses,10241601
http://statistics.data.gov.uk/doc/local-authority-district/00CY,The Borough of Calderdale,2015-10-20,55036,WH SMITH,3.99,News Dealers/Newsstands,Books And Periodicals,Communities & Service Support-Customer Services and Communications,Expenses,10241601
http://statistics.data.gov.uk/doc/local-authority-district/00CY,The Borough of Calderdale,2015-11-25,56186,WILKO RETAIL LIMIT,5.45,Household Appliance Stores,General Retail And Wholesale,Communities & Service Support-Recreation & Support,Equipment Furniture And Materials,06114020
http://statistics.data.gov.uk/doc/local-authority-district/00CY,The Borough of Calderdale,2015-09-30,54436,WILKO RETAIL LIMIT,15.95,Household Appliance Stores,General Retail And Wholesale,Communities & Service Support-Sport & Leisure Management DSO,Equipment Furniture And Materials,92514020
http://statistics.data.gov.uk/doc/local-authority-district/00CY,The Borough of Calderdale,2015-07-16,52251,WILKO RETAIL LIMIT,4.17,Household Appliance Stores,General Retail And Wholesale,Communities & Service Support-Sport & Leisure Management DSO,Equipment Furniture And Materials,92514020
http://statistics.data.gov.uk/doc/local-authority-district/00CY,The Borough of Calderdale,2015-11-03,55422,WP-STAMPS DIRECT L,21.44,Stationery Stores,Office Stationery Equipment And Supplies,Communities & Service Support-Customer Services and Communications,Printing Stationery And General Office Expenses,10204300
http://statistics.data.gov.uk/doc/local-authority-district/00CY,The Borough of Calderdale,2015-08-28,53709,WWW.ARCO.CO.UK,44.89,Industrial Supplies - Def,Miscellaneous Industrial/Commercial Supplies,Communities & Service Support-Customer Services and Communications,Expenses,10241601
http://statistics.data.gov.uk/doc/local-authority-district/00CY,The Borough of Calderdale,2015-11-11,55690,WWW.ROYALMAIL.COM,349.00,Postage Stamps,Mail And Courier Services,Children and Young People-Childrens Care Services,Communications And Computers,72314500
http://statistics.data.gov.uk/doc/local-authority-district/00CY,The Borough of Calderdale,2015-10-28,55244,WWW.UKPOS.COM,44.75,Stationery Stores,Office Stationery Equipment And Supplies,Communities & Service Support-Libraries Info & Tourism,Equipment Furniture And Materials,08164020
http://statistics.data.gov.uk/doc/local-authority-district/00CY,The Borough of Calderdale,2015-11-10,55673,WWW.UKPOS.COM,70.14,Stationery Stores,Office Stationery Equipment And Supplies,Communities & Service Support-Museums & Arts,Printing Stationery And General Office Expenses,12684374
