Payment Date,Amount,Organisational Unit,Benificiary Name,Company Number,Charity Number
2018-04-12,201.75,Economy and Environment (obsolete)-Housing Services,A ONE TOOL & FIXING LT,,
2018-04-19,55.30,Economy and Environment (obsolete)-Housing Services,A ONE TOOL & FIXING LT,,
2018-04-18,52.37,Children and Young People (obsolete)-Childrens Care Services,AAKASH CAGTERING BRADF,,
2018-04-12,98.50,Communities & Service Support (obsolete)-Museums & Arts,ABSOLUTEPRODUCT.CO,,
2018-04-08,16.67,Children and Young People (obsolete)-Childrens Care Services,ADRENALINE INTERNA,,
2018-05-02,47.97,"Adults, Health and Social Care (obsolete)-Adult Health & Social Care",AGE CO IADVISORS,,
2018-03-28,25.37,Children and Young People (obsolete)-Childrens Care Services,AINLEY TOP,,
2018-04-14,29.76,Children and Young People (obsolete)-Childrens Care Services,ALDI 15 779,,
2018-04-11,40.97,Children and Young People (obsolete)-Childrens Care Services,ALDI 15 779,,
2018-04-13,14.23,Children and Young People (obsolete)-Schools and Children's Services - Non-School,ALDI 60 779,,
2018-04-22,24.68,Children and Young People (obsolete)-Schools and Children's Services - Non-School,ALDI 60 779,,
2018-03-28,71.30,Children and Young People (obsolete)-Childrens Care Services,ALTHAMS TRAVEL HEAD OF,,
2018-04-04,50.90,Children and Young People (obsolete)-Childrens Care Services,ALTHAMS TRAVEL HEAD OF,,
2018-04-04,30.20,Children and Young People (obsolete)-Childrens Care Services,ALTHAMS TRAVEL HEAD OF,,
2018-04-11,280.80,Children and Young People (obsolete)-Childrens Care Services,ALTHAMS TRAVEL HEAD OF,,
2018-04-11,72.60,Children and Young People (obsolete)-Childrens Care Services,ALTHAMS TRAVEL HEAD OF,,
2018-04-11,71.80,Children and Young People (obsolete)-Childrens Care Services,ALTHAMS TRAVEL HEAD OF,,
2018-04-23,190.50,Children and Young People (obsolete)-Childrens Care Services,ALTHAMS TRAVEL HEAD OF,,
2018-04-23,126.70,Children and Young People (obsolete)-Childrens Care Services,ALTHAMS TRAVEL HEAD OF,,
2018-04-23,71.80,Children and Young People (obsolete)-Childrens Care Services,ALTHAMS TRAVEL HEAD OF,,
2018-04-05,85.00,Children and Young People (obsolete)-Childrens Care Services,ALTON TOWERS,,
2018-04-09,96.66,Children and Young People (obsolete)-Childrens Care Services,ALTON TOWERS,,
2018-04-09,9.80,Children and Young People (obsolete)-Childrens Care Services,ALTON TOWERS WICKER MA,,
2018-03-29,28.95,Communities & Service Support (obsolete)-Libraries Info & Tourism,AMAZON EU AMAZON.CO.UK,,
2018-03-28,20.36,Communities & Service Support (obsolete)-Libraries Info & Tourism,AMAZON EU AMAZON.CO.UK,,
2018-04-20,10.56,Communities & Service Support (obsolete)-Libraries Info & Tourism,AMAZON EU AMAZON.CO.UK,,
2018-04-24,61.67,Children and Young People (obsolete)-Childrens Care Services,AMAZON EU AMAZON.CO.UK,,
2018-04-02,8.32,Communities & Service Support (obsolete)-Libraries Info & Tourism,AMAZON EU AMAZON.CO.UK,,
2018-04-02,8.32,Communities & Service Support (obsolete)-Libraries Info & Tourism,AMAZON EU AMAZON.CO.UK,,
2018-04-10,18.36,Communities & Service Support (obsolete)-Libraries Info & Tourism,AMAZON EU AMAZON.CO.UK,,
2018-04-24,26.08,Communities & Service Support (obsolete)-Libraries Info & Tourism,AMAZON EU AMAZON.CO.UK,,
2018-03-30,59.11,"Adults, Health and Social Care (obsolete)-Adult Health & Social Care",AMAZON EU AMAZON.CO.UK,,
2018-04-26,36.87,"Adults, Health and Social Care (obsolete)-Adult Health & Social Care",AMAZON EU AMAZON.CO.UK,,
2018-04-06,6.59,Communities & Service Support (obsolete)-Libraries Info & Tourism,AMAZON SVCS EU-UK AMAZON.,,
2018-04-09,3.80,Communities & Service Support (obsolete)-Libraries Info & Tourism,AMAZON SVCS EU-UK AMAZON.,,
2018-04-09,6.50,Communities & Service Support (obsolete)-Libraries Info & Tourism,AMAZON SVCS EU-UK AMAZON.,,
2018-04-10,2.81,Communities & Service Support (obsolete)-Libraries Info & Tourism,AMAZON SVCS EU-UK AMAZON.,,
2018-04-06,8.32,Communities & Service Support (obsolete)-Sport & Leisure Management DSO,AMAZON SVCS EU-UK AMAZON.,,
2018-04-13,14.16,Children and Young People (obsolete)-Children and Young People's Serv - Central Depts.,AMAZON SVCS EU-UK AMAZON.,,
2018-04-15,22.49,Children and Young People (obsolete)-Children and Young People's Serv - Central Depts.,AMAZON SVCS EU-UK AMAZON.,,
2018-04-22,28.24,Communities & Service Support (obsolete)-Museums & Arts,AMAZON SVCS EU-UK AMAZON.,,
2018-04-17,9.56,Communities & Service Support (obsolete)-Libraries Info & Tourism,AMAZON SVCS EU-UK AMAZON.,,
2018-04-18,3.18,Communities & Service Support (obsolete)-Libraries Info & Tourism,AMAZON SVCS EU-UK AMAZON.,,
2018-03-29,99.95,Children and Young People (obsolete)-Childrens Services Unit,AMAZON SVCS EU-UK AMAZON.,,
2018-04-08,151.55,Children and Young People (obsolete)-Schools and Children's Services - Non-School,AMAZON SVCS EU-UK AMAZON.,,
2018-04-08,151.58,Children and Young People (obsolete)-Schools and Children's Services - Non-School,AMAZON SVCS EU-UK AMAZON.,,
2018-04-08,21.68,Children and Young People (obsolete)-Schools and Children's Services - Non-School,AMAZON SVCS EU-UK AMAZON.,,
2018-04-08,35.90,Children and Young People (obsolete)-Schools and Children's Services - Non-School,AMAZON SVCS EU-UK AMAZON.,,
2018-04-09,501.42,Children and Young People (obsolete)-Schools and Children's Services - Non-School,AMAZON SVCS EU-UK AMAZON.,,
2018-04-09,529.83,Children and Young People (obsolete)-Schools and Children's Services - Non-School,AMAZON SVCS EU-UK AMAZON.,,
2018-04-06,8.13,Children and Young People (obsolete)-Schools and Children's Services - Non-School,AMAZON SVCS EU-UK AMAZON.,,
2018-04-23,14.66,Children and Young People (obsolete)-Schools and Children's Services - Non-School,AMAZON SVCS EU-UK AMAZON.,,
2018-04-11,3.44,"Adults, Health and Social Care (obsolete)-Adult Health & Social Care",AMAZON SVCS EU-UK AMAZON.,,
2018-04-11,9.15,"Adults, Health and Social Care (obsolete)-Adult Health & Social Care",AMAZON SVCS EU-UK AMAZON.,,
2018-04-17,16.98,Children and Young People (obsolete)-Children and Young People's Serv - Central Depts.,AMAZON SVCS EU-UK AMAZON.,,
2018-04-20,29.99,Children and Young People (obsolete)-Children and Young People's Serv - Central Depts.,AMAZON SVCS EU-UK AMAZON.,,
2018-03-30,52.29,"Adults, Health and Social Care (obsolete)-Adult Health & Social Care",AMAZON SVCS EU-UK AMAZON.,,
2018-03-30,55.80,"Adults, Health and Social Care (obsolete)-Adult Health & Social Care",AMAZON SVCS EU-UK AMAZON.,,
2018-03-30,9.29,"Adults, Health and Social Care (obsolete)-Adult Health & Social Care",AMAZON SVCS EU-UK AMAZON.,,
2018-03-30,16.12,"Adults, Health and Social Care (obsolete)-Adult Health & Social Care",AMAZON SVCS EU-UK AMAZON.,,
2018-03-30,16.12,"Adults, Health and Social Care (obsolete)-Adult Health & Social Care",AMAZON SVCS EU-UK AMAZON.,,
2018-03-30,16.12,"Adults, Health and Social Care (obsolete)-Adult Health & Social Care",AMAZON SVCS EU-UK AMAZON.,,
2018-03-30,16.12,"Adults, Health and Social Care (obsolete)-Adult Health & Social Care",AMAZON SVCS EU-UK AMAZON.,,
2018-03-30,16.12,"Adults, Health and Social Care (obsolete)-Adult Health & Social Care",AMAZON SVCS EU-UK AMAZON.,,
2018-03-30,16.12,"Adults, Health and Social Care (obsolete)-Adult Health & Social Care",AMAZON SVCS EU-UK AMAZON.,,
2018-04-03,7.22,"Adults, Health and Social Care (obsolete)-Adult Health & Social Care",AMAZON SVCS EU-UK AMAZON.,,
2018-04-03,7.22,"Adults, Health and Social Care (obsolete)-Adult Health & Social Care",AMAZON SVCS EU-UK AMAZON.,,
2018-04-02,65.54,"Adults, Health and Social Care (obsolete)-Adult Health & Social Care",AMAZON SVCS EU-UK AMAZON.,,
2018-04-02,16.04,"Adults, Health and Social Care (obsolete)-Adult Health & Social Care",AMAZON SVCS EU-UK AMAZON.,,
2018-04-03,21.05,"Adults, Health and Social Care (obsolete)-Adult Health & Social Care",AMAZON SVCS EU-UK AMAZON.,,
2018-04-03,7.22,"Adults, Health and Social Care (obsolete)-Adult Health & Social Care",AMAZON SVCS EU-UK AMAZON.,,
2018-04-03,7.22,"Adults, Health and Social Care (obsolete)-Adult Health & Social Care",AMAZON SVCS EU-UK AMAZON.,,
2018-04-03,21.57,"Adults, Health and Social Care (obsolete)-Adult Health & Social Care",AMAZON SVCS EU-UK AMAZON.,,
2018-04-03,21.57,"Adults, Health and Social Care (obsolete)-Adult Health & Social Care",AMAZON SVCS EU-UK AMAZON.,,
2018-04-03,21.57,"Adults, Health and Social Care (obsolete)-Adult Health & Social Care",AMAZON SVCS EU-UK AMAZON.,,
2018-04-04,63.30,"Adults, Health and Social Care (obsolete)-Adult Health & Social Care",AMAZON SVCS EU-UK AMAZON.,,
2018-04-09,152.37,"Adults, Health and Social Care (obsolete)-Adult Health & Social Care",AMAZON SVCS EU-UK AMAZON.,,
2018-04-21,15.98,Children and Young People (obsolete)-Childrens Care Services,AMAZON SVCS EU-UK AMAZON.,,
2018-04-07,35.35,Children and Young People (obsolete)-Childrens Care Services,AMFBOWLING.CO.UK,,
2018-04-16,91.66,Children and Young People (obsolete)-Schools and Children's Services - Non-School,AMZ*Amazon.co.uk,,
2018-04-21,15.00,Children and Young People (obsolete)-Childrens Care Services,ARCADE CLUB,,
2018-05-02,49.99,Children and Young People (obsolete)-Schools and Children's Services - Non-School,ARGOS HALIFAX INSI,,
2018-03-29,70.00,Children and Young People (obsolete)-Childrens Services Unit,ARGOS HALIFAX INSI,,
2018-03-29,250.00,Children and Young People (obsolete)-Childrens Services Unit,ARGOS HALIFAX INSI,,
2018-03-29,250.00,Children and Young People (obsolete)-Childrens Services Unit,ARGOS HALIFAX INSI,,
2018-04-30,2.99,Communities & Service Support (obsolete)-Sport & Leisure Management DSO,ARGOS LTD,,
2018-04-06,123.28,Children and Young People (obsolete)-Schools and Children's Services - Non-School,ARGOS LTD,,
2018-03-28,20.82,"Adults, Health and Social Care (obsolete)-Adult Health & Social Care",ARGOS LTD,,
2018-04-04,16.99,Children and Young People (obsolete)-Childrens Care Services,ARGOS LTD,,
2018-04-19,16.66,Children and Young People (obsolete)-Childrens Care Services,ARGOS LTD,,
2018-05-16,39.99,Children and Young People (obsolete)-Childrens Care Services,ARGOS RETAIL GROUP,,
2018-04-16,34.93,Children and Young People (obsolete)-Childrens Services Unit,ARGOS RETAIL GROUP,,
2018-04-03,23.99,Children and Young People (obsolete)-Schools and Children's Services - Non-School,ARGOS RETAIL GROUP,,
2018-04-16,41.98,Children and Young People (obsolete)-Childrens Care Services,ARGOS RETAIL GROUP,,
2018-04-25,1.67,Communities & Service Support (obsolete)-Safer Cleaner Greener,ASDA  STORES LTD 4280,,
2018-04-11,6.00,Children and Young People (obsolete)-Childrens Care Services,ASDA  STORES LTD 5883,,
2018-04-25,6.80,Children and Young People (obsolete)-Childrens Care Services,ASDA  STORES LTD 5883,,
2018-04-16,16.67,Children and Young People (obsolete)-Childrens Services Unit,ASDA GEORGE COM LEEDS,,
2018-04-07,1.00,Children and Young People (obsolete)-Childrens Care Services,ASDA MAX,,
2018-04-05,45.78,Children and Young People (obsolete)-Childrens Care Services,ASDA STORE,,
2018-04-25,102.12,Communities & Service Support (obsolete)-Safer Cleaner Greener,ASDA STORE,,
2018-05-08,125.00,Children and Young People (obsolete)-Childrens Care Services,ASDA STORE,,
2018-05-04,55.30,Children and Young People (obsolete)-Childrens Care Services,ASDA STORE,,
2018-05-13,5.83,Children and Young People (obsolete)-Childrens Care Services,ASDA STORE,,
2018-05-19,2.50,Children and Young People (obsolete)-Childrens Care Services,ASDA STORE,,
2018-03-29,60.54,Children and Young People (obsolete)-Childrens Care Services,ASDA STORE,,
2018-03-29,6.67,Children and Young People (obsolete)-Childrens Care Services,ASDA STORE,,
2018-04-19,4.17,Children and Young People (obsolete)-Childrens Care Services,ASDA STORE,,
2018-03-29,45.62,Children and Young People (obsolete)-Childrens Care Services,ASDA STORE,,
2018-04-13,14.17,Children and Young People (obsolete)-Childrens Care Services,ASDA STORE,,
2018-04-19,74.67,Children and Young People (obsolete)-Childrens Care Services,ASDA STORE,,
2018-04-19,5.00,Children and Young People (obsolete)-Childrens Care Services,ASDA STORE,,
2018-04-16,6.25,Children and Young People (obsolete)-Childrens Care Services,ASDA STORE,,
2018-04-19,15.38,Children and Young People (obsolete)-Childrens Care Services,ASDA STORE,,
2018-04-25,30.25,Children and Young People (obsolete)-Childrens Care Services,ASDA STORE,,
2018-04-19,78.76,Children and Young People (obsolete)-Childrens Care Services,ASDA STORE,,
2018-04-02,140.73,Children and Young People (obsolete)-Childrens Care Services,ASDA STORE,,
2018-04-02,1.67,Children and Young People (obsolete)-Childrens Care Services,ASDA STORE,,
2018-04-23,135.03,Children and Young People (obsolete)-Childrens Care Services,ASDA STORE,,
2018-04-23,23.38,Children and Young People (obsolete)-Childrens Care Services,ASDA STORE,,
2018-04-16,162.46,Children and Young People (obsolete)-Childrens Care Services,ASDA STORE,,
2018-04-19,61.05,Children and Young People (obsolete)-Childrens Care Services,ASDA STORE,,
2018-03-28,250.00,Children and Young People (obsolete)-Childrens Services Unit,ASDA STORE,,
2018-03-28,250.00,Children and Young People (obsolete)-Childrens Services Unit,ASDA STORE,,
2018-03-30,19.96,Children and Young People (obsolete)-Childrens Care Services,ASDA STORE,,
2018-04-05,18.24,Children and Young People (obsolete)-Childrens Care Services,ASDA STORE,,
2018-04-08,47.42,Children and Young People (obsolete)-Childrens Care Services,ASDA STORE,,
2018-04-22,94.85,Children and Young People (obsolete)-Childrens Care Services,ASDA STORE,,
2018-03-31,2.23,Children and Young People (obsolete)-Childrens Care Services,ASDA STORE,,
2018-04-06,41.90,Children and Young People (obsolete)-Childrens Care Services,ASDA STORE,,
2018-04-12,63.00,Children and Young People (obsolete)-Childrens Care Services,ASDA STORE,,
2018-04-15,73.31,Children and Young People (obsolete)-Childrens Care Services,ASDA STORE,,
2018-04-07,13.57,Children and Young People (obsolete)-Childrens Care Services,ASDA STORE,,
2018-04-07,10.02,Children and Young People (obsolete)-Childrens Care Services,ASDA STORE,,
2018-04-03,4.55,Children and Young People (obsolete)-Childrens Care Services,ASDA STORE,,
2018-04-07,10.47,Children and Young People (obsolete)-Childrens Care Services,ASDA STORE,,
2018-04-13,15.33,Children and Young People (obsolete)-Childrens Care Services,ASDA STORE,,
2018-04-12,94.72,Children and Young People (obsolete)-Childrens Care Services,ASDA STORE,,
2018-04-12,6.33,Children and Young People (obsolete)-Childrens Care Services,ASDA STORE,,
2018-04-24,13.50,Children and Young People (obsolete)-Childrens Care Services,ASDA STORE,,
2018-03-28,40.40,"Adults, Health and Social Care (obsolete)-Adult Health & Social Care",ASDA STORE,,
2018-04-09,5.00,Children and Young People (obsolete)-Childrens Care Services,ASDA STORE,,
2018-04-08,8.20,Children and Young People (obsolete)-Childrens Care Services,ASDA STORE,,
2018-04-09,32.10,Children and Young People (obsolete)-Childrens Care Services,ASDA STORE,,
2018-04-12,29.96,Children and Young People (obsolete)-Childrens Care Services,ASDA STORE,,
2018-03-31,24.51,Children and Young People (obsolete)-Childrens Care Services,ASDA STORES 5819,,
2018-04-04,6.12,Children and Young People (obsolete)-Childrens Care Services,ASDA SUPERSTORE,,
2018-04-20,12.50,Children and Young People (obsolete)-Childrens Care Services,ASDA SUPERSTORE,,
2018-04-04,37.89,Children and Young People (obsolete)-Childrens Care Services,AdidasGroup,,
2018-04-09,100.00,Children and Young People (obsolete)-Schools and Children's Services - Non-School,Airtime Halifax Ltd,,
2018-04-09,14.00,Children and Young People (obsolete)-Schools and Children's Services - Non-School,Airtime Halifax Ltd,,
2018-04-10,33.32,Economy and Environment (obsolete)-Housing Services,Amazon UK Marketplace,,
2018-04-19,2.58,Deputy Chief Executive (obsolete)-ICT Services,Amazon UK Marketplace,,
2018-04-17,19.90,Communities & Service Support (obsolete)-Museums & Arts,Amazon UK Marketplace,,
2018-04-18,28.24,Communities & Service Support (obsolete)-Museums & Arts,Amazon UK Marketplace,,
2018-04-24,45.81,Communities & Service Support (obsolete)-Museums & Arts,Amazon UK Marketplace,,
2018-04-04,13.84,Communities & Service Support (obsolete)-Libraries Info & Tourism,Amazon UK Marketplace,,
2018-04-09,28.10,Communities & Service Support (obsolete)-Libraries Info & Tourism,Amazon UK Marketplace,,
2018-04-10,13.90,Communities & Service Support (obsolete)-Libraries Info & Tourism,Amazon UK Marketplace,,
2018-04-18,10.49,Communities & Service Support (obsolete)-Libraries Info & Tourism,Amazon UK Marketplace,,
2018-05-02,31.98,"Adults, Health and Social Care (obsolete)-Adult Health & Social Care",Amazon UK Marketplace,,
2018-05-11,12.99,Children and Young People (obsolete)-Children and Young People's Serv - Central Depts.,Amazon UK Marketplace,,
2018-04-13,4.46,Children and Young People (obsolete)-Childrens Care Services,Amazon UK Marketplace,,
2018-04-12,13.99,Children and Young People (obsolete)-Childrens Care Services,Amazon UK Marketplace,,
2018-04-13,31.44,Children and Young People (obsolete)-Childrens Care Services,Amazon UK Marketplace,,
2018-04-13,16.88,Children and Young People (obsolete)-Childrens Care Services,Amazon UK Marketplace,,
2018-04-14,24.99,Children and Young People (obsolete)-Childrens Care Services,Amazon UK Marketplace,,
2018-04-14,3.48,Children and Young People (obsolete)-Childrens Care Services,Amazon UK Marketplace,,
2018-04-15,2.95,Children and Young People (obsolete)-Childrens Care Services,Amazon UK Marketplace,,
2018-04-16,5.75,Children and Young People (obsolete)-Childrens Care Services,Amazon UK Marketplace,,
2018-04-19,12.47,Children and Young People (obsolete)-Childrens Care Services,Amazon UK Marketplace,,
2018-04-03,23.75,"Adults, Health and Social Care (obsolete)-Adult Health & Social Care",Amazon UK Marketplace,,
2018-04-06,24.99,Children and Young People (obsolete)-Schools and Children's Services - Non-School,Amazon UK Marketplace,,
2018-04-11,19.17,Communities & Service Support (obsolete)-Libraries Info & Tourism,Amazon UK Retail,,
2018-04-12,30.34,Economy and Environment (obsolete)-Housing Services,Amazon UK Retail,,
2018-04-03,16.64,Communities & Service Support (obsolete)-Libraries Info & Tourism,Amazon UK Retail,,
2018-04-16,4.99,Communities & Service Support (obsolete)-Libraries Info & Tourism,Amazon UK Retail,,
2018-04-12,2.49,Children and Young People (obsolete)-Childrens Care Services,B & M RETAIL,,
2018-04-13,2.99,Children and Young People (obsolete)-Childrens Care Services,B & M RETAIL,,
2018-04-15,8.52,Children and Young People (obsolete)-Childrens Care Services,B & Q 1360,,
2018-04-03,64.18,Economy and Environment (obsolete)-Housing Services,B & Q 1371,,
2018-04-17,28.87,Economy and Environment (obsolete)-Housing Services,B & Q 1371,,
2018-04-18,66.67,Economy and Environment (obsolete)-Housing Services,B & Q 1371,,
2018-05-02,41.04,Communities & Service Support (obsolete)-Sport & Leisure Management DSO,B & Q 1371,,
2018-05-01,87.45,"Adults, Health and Social Care (obsolete)-Adult Health & Social Care",B & Q 1371,,
2018-05-03,33.36,"Adults, Health and Social Care (obsolete)-Adult Health & Social Care",B & Q 1371,,
2018-04-16,14.14,"Adults, Health and Social Care (obsolete)-Adult Health & Social Care",B & Q 1371,,
2018-04-20,13.96,"Adults, Health and Social Care (obsolete)-Adult Health & Social Care",B & Q 1371,,
2018-04-26,10.10,"Adults, Health and Social Care (obsolete)-Adult Health & Social Care",B & Q 1371,,
2018-04-10,33.82,Children and Young People (obsolete)-Childrens Care Services,B & Q 1371,,
2018-04-16,7.62,Children and Young People (obsolete)-Childrens Care Services,B & Q 1371,,
2018-04-25,14.75,Children and Young People (obsolete)-Childrens Care Services,B & Q 1371,,
2018-04-04,32.50,Children and Young People (obsolete)-Childrens Care Services,B & Q 1371,,
2018-04-03,15.92,Children and Young People (obsolete)-Childrens Care Services,B & Q 1371,,
2018-03-28,48.43,Children and Young People (obsolete)-Childrens Care Services,B & Q 1371,,
2018-03-28,20.00,Children and Young People (obsolete)-Childrens Care Services,B & Q 1371,,
2018-04-11,15.64,Communities & Service Support (obsolete)-Community Services - Community Engagemt & Cohesion,B&M RETAIL LTD,,
2018-03-30,2.81,Children and Young People (obsolete)-Childrens Care Services,B&M RETAIL LTD,,
2018-03-20,6.67,Communities & Service Support (obsolete)-Sport & Leisure Management DSO,B&M RETAIL LTD,,
2018-04-26,13.32,Children and Young People (obsolete)-Childrens Care Services,B&M RETAIL LTD,,
2018-05-10,5.82,Children and Young People (obsolete)-Childrens Care Services,B&M RETAIL LTD,,
2018-04-16,10.83,Children and Young People (obsolete)-Childrens Care Services,B&M RETAIL LTD,,
2018-04-19,4.16,Children and Young People (obsolete)-Childrens Care Services,B&M RETAIL LTD,,
2018-03-28,44.57,Children and Young People (obsolete)-Childrens Care Services,B&M RETAIL LTD,,
2018-04-12,6.23,Children and Young People (obsolete)-Childrens Care Services,B&M RETAIL LTD,,
2018-03-28,14.53,Children and Young People (obsolete)-Schools and Children's Services - Non-School,B&M RETAIL LTD,,
2018-04-18,12.45,Children and Young People (obsolete)-Childrens Care Services,B&M RETAIL LTD,,
2018-04-20,40.88,Children and Young People (obsolete)-Childrens Care Services,B&M RETAIL LTD,,
2018-04-20,37.47,"Adults, Health and Social Care (obsolete)-Adult Health & Social Care",B&M RETAIL LTD,,
2018-05-11,15.67,Children and Young People (obsolete)-Childrens Care Services,BANNY'S LTD,,
2018-04-17,8.87,Children and Young People (obsolete)-Childrens Care Services,BANNY'S LTD,,
2018-04-10,28.71,Children and Young People (obsolete)-Childrens Care Services,BANNY'S LTD,,
2018-04-12,10.00,Communities & Service Support (obsolete)-Safer Cleaner Greener,BAPP INDUSTRIAL SU,,
2018-04-09,16.17,Children and Young People (obsolete)-Childrens Care Services,BARNSLEY PREMIER L,,
2018-05-01,10.00,Children and Young People (obsolete)-Childrens Care Services,BARRYS CASH AND CARRY LTD,,
2018-04-09,56.99,Children and Young People (obsolete)-Childrens Care Services,BF AVIATION LIMITED,,
2018-04-09,415.96,Children and Young People (obsolete)-Childrens Care Services,BF AVIATION LIMITED,,
2018-04-05,20.13,Children and Young People (obsolete)-Childrens Care Services,BIRCH N/E BK,,
2018-04-04,9.39,Children and Young People (obsolete)-Childrens Care Services,BIRCH S/W WH SMITHS,,
2018-01-25,92.46,Children and Young People (obsolete)-Childrens Care Services,BLACKWELL S,,
2018-04-17,3.00,Children and Young People (obsolete)-Schools and Children's Services - Non-School,BOLSTER MOOR FARM SHOP,,
2018-04-04,20.00,Children and Young People (obsolete)-Childrens Care Services,BRADFORD MET COUNCIL,,
2018-04-25,20.00,Children and Young People (obsolete)-Childrens Care Services,BRADFORD MET COUNCIL,,
2018-04-22,58.07,Children and Young People (obsolete)-Childrens Care Services,BREWERS FAYRE 40521550,,
2018-05-11,57.49,Children and Young People (obsolete)-Childrens Care Services,BT BILL PAYMENT 2,,
2018-04-04,49.99,Children and Young People (obsolete)-Childrens Care Services,BT BILL PAYMENT 2,,
2018-04-12,37.50,Communities & Service Support (obsolete)-Safer Cleaner Greener,CALDER VALLEY AGRICULTURA,,
2018-04-18,884.01,Deputy Chief Executive (obsolete)-ICT Services,CAPITA BUS SVS-MOTO,,
2018-04-18,82500.00,Deputy Chief Executive (obsolete)-ICT Services,CAPITA BUS SVS-MOTO,,
2018-04-18,5123.66,Deputy Chief Executive (obsolete)-ICT Services,CAPITA BUS SVS-MOTO,,
2018-03-28,125.00,Children and Young People (obsolete)-Childrens Services Unit,CARPETRIGHT 792,,
2018-04-21,51.00,Children and Young People (obsolete)-Childrens Care Services,CEX,,
2018-04-17,9.90,"Adults, Health and Social Care (obsolete)-Adult Health & Social Care",CHARLES WATSON (ITONMO,,
2018-04-18,23.10,"Adults, Health and Social Care (obsolete)-Adult Health & Social Care",CHARLES WATSON (ITONMO,,
2018-02-01,289.00,Deputy Chief Executive (obsolete)-Human Resources,CIEH,,
2018-04-16,100.00,Communities & Service Support (obsolete)-Community Safety & Support,CITY OF YORK COUNCIL,,
2018-04-16,30.00,Communities & Service Support (obsolete)-Community Safety & Support,CITY OF YORK COUNCIL,,
2018-04-16,100.00,Communities & Service Support (obsolete)-Community Safety & Support,CITY OF YORK COUNCIL,,
2018-04-23,15.00,Children and Young People (obsolete)-Childrens Care Services,CMBC MOTO,,
2018-03-28,90.39,Deputy Chief Executive (obsolete)-ICT Services,CMS,,
2018-03-29,249.30,Economy and Environment (obsolete)-Housing Services,COCKROFT TIMBER LTD,,
2018-04-14,2.00,Children and Young People (obsolete)-Childrens Care Services,COFFEE CULTURE CATERING,,
2018-04-14,2.50,Children and Young People (obsolete)-Childrens Care Services,COFFEE CULTURE CATERING,,
2018-04-05,8.40,Children and Young People (obsolete)-Childrens Care Services,COFFEE CULTURE CATERING,,
2018-04-03,155.00,Children and Young People (obsolete)-Childrens Care Services,COMBINED COURT,,
2018-04-06,2055.00,Children and Young People (obsolete)-Childrens Care Services,COMBINED COURT,,
2018-04-09,455.00,Children and Young People (obsolete)-Childrens Care Services,COMBINED COURT,,
2018-04-12,455.00,Children and Young People (obsolete)-Childrens Care Services,COMBINED COURT,,
2018-04-12,155.00,Children and Young People (obsolete)-Childrens Care Services,COMBINED COURT,,
2018-04-19,155.00,Children and Young People (obsolete)-Childrens Care Services,COMBINED COURT,,
2018-04-24,5.55,Children and Young People (obsolete)-Childrens Care Services,COSTA @ TESCO 43036255,,
2018-04-04,4.26,Children and Young People (obsolete)-Childrens Care Services,COSTA COFFEE,,
2018-04-13,4.99,Children and Young People (obsolete)-Childrens Care Services,COSTA COFFEE,,
2018-04-20,3.70,Children and Young People (obsolete)-Childrens Care Services,COSTA COFFEE,,
2018-04-10,16.60,Children and Young People (obsolete)-Childrens Care Services,CTS IRONMONGERY LTD,,
2018-04-03,91.66,Communities & Service Support (obsolete)-Sport & Leisure Management DSO,CURRYS ONLINE,,
2018-04-20,80.00,Children and Young People (obsolete)-Childrens Care Services,DIAMONDS GYMNASTICS CL,,
2018-04-20,162.98,Children and Young People (obsolete)-Childrens Care Services,DIRECTLINE FLIGHTS,,
2018-04-09,27.06,Children and Young People (obsolete)-Schools and Children's Services - Non-School,DOMINOS PIZZA,,
2018-04-04,35.55,"Adults, Health and Social Care (obsolete)-Adult Health & Social Care",DULUX DECORATOR CENTRE,,
2018-04-20,43.78,"Adults, Health and Social Care (obsolete)-Adult Health & Social Care",DULUX DECORATOR CENTRE,,
2018-04-25,33.08,"Adults, Health and Social Care (obsolete)-Adult Health & Social Care",DULUX DECORATOR CENTRE,,
2018-04-25,120.08,Communities & Service Support (obsolete)-Safer Cleaner Greener,DUNELM LTD,,
2018-04-25,45.04,Communities & Service Support (obsolete)-Safer Cleaner Greener,DUNELM LTD,,
2018-04-25,20.00,Communities & Service Support (obsolete)-Safer Cleaner Greener,DUNELM LTD,,
2018-04-25,15.00,Communities & Service Support (obsolete)-Safer Cleaner Greener,DUNELM LTD,,
2018-04-26,57.52,Communities & Service Support (obsolete)-Safer Cleaner Greener,DUNELM LTD,,
2018-04-06,9.99,Children and Young People (obsolete)-Schools and Children's Services - Non-School,E H BOOTH & CO,,
2018-04-13,5.40,Children and Young People (obsolete)-Childrens Care Services,EASTERN PRIDE SUPERMAR,,
2018-04-23,5.98,Children and Young People (obsolete)-Childrens Care Services,EASTERN PRIDE SUPERMAR,,
2018-03-30,4.50,Children and Young People (obsolete)-Childrens Care Services,EAT PENNINES,,
2018-04-26,99.00,Chief Executive's Office (obsolete)-Public Health,EB *NATIONAL SUBSTANCE,,
2018-05-16,22.37,Economy and Environment (obsolete)-Housing Services,ECOFFEE CUP,,
2018-04-23,20.00,Children and Young People (obsolete)-Schools and Children's Services - Non-School,EE TOP UP VESTA,,
2018-04-10,24.50,Children and Young People (obsolete)-Childrens Care Services,ELECTRIC BOWL,,
2018-04-10,18.00,Children and Young People (obsolete)-Childrens Care Services,ELECTRIC BOWL,,
2018-04-10,5.50,Children and Young People (obsolete)-Childrens Care Services,ELECTRIC BOWL,,
2018-04-10,4.05,Children and Young People (obsolete)-Childrens Care Services,ELECTRIC BOWL,,
2018-04-10,4.00,Children and Young People (obsolete)-Childrens Care Services,ELECTRIC BOWL,,
2018-04-15,5.40,Children and Young People (obsolete)-Childrens Care Services,ELECTRIC BOWL,,
2018-04-15,9.00,Children and Young People (obsolete)-Childrens Care Services,ELECTRIC BOWL,,
2018-04-04,4.19,Communities & Service Support (obsolete)-Libraries Info & Tourism,ESSO HALIFAX SSTN,,
2018-04-07,0.82,Children and Young People (obsolete)-Childrens Care Services,ESSO RING ROAD SSTN(ESSO),,
2018-04-09,1.40,Children and Young People (obsolete)-Childrens Care Services,EURO CAR PARKS,,
2018-04-16,300.00,Communities & Service Support (obsolete)-Museums & Arts,FACEBK 7TTMZENDC2,,
2018-03-31,115.77,Communities & Service Support (obsolete)-Museums & Arts,FACEBK AAKJ4FSDC2,,
2018-03-31,2.27,Communities & Service Support (obsolete)-Museums & Arts,FACEBK N99XCFNHF2,,
2018-04-01,38.07,Communities & Service Support (obsolete)-Customer Services and Communications,FACEBK PX9DCEJC72,,
2018-04-18,120.79,Deputy Chief Executive (obsolete)-Executives Management,FACEBK Q8W5HENC72,,
2018-04-18,0.28,Deputy Chief Executive (obsolete)-Executives Management,FACEBK R8W5HENC72,,
2018-03-29,302.75,Communities & Service Support (obsolete)-Museums & Arts,FACEBK S2RB2FEEC2,,
2018-03-31,11.25,Communities & Service Support (obsolete)-Museums & Arts,FACEBK SQVCEF65X2,,
2018-03-28,599.75,Communities & Service Support (obsolete)-Customer Services and Communications,FACEBK X8T2WEAD72,,
2018-05-24,572.47,Deputy Chief Executive (obsolete)-Executives Management,FACEBK XCH5VGW4X2,,
2018-04-05,20.48,Children and Young People (obsolete)-Childrens Care Services,FARMFOODS,,
2018-04-09,144.98,Children and Young People (obsolete)-Childrens Care Services,FLYBE       B0CJ6S,,
2018-04-13,80.20,Children and Young People (obsolete)-Childrens Care Services,FRANK HARRISON BRIGHOUSE,,
2018-03-28,37.50,Communities & Service Support (obsolete)-Recreation & Support,FRANK KEY TOOL HIRE (H,,
2018-04-04,60.30,Children and Young People (obsolete)-Childrens Care Services,FRANKIE & BENNYS 5185,,
2018-04-09,14.28,Children and Young People (obsolete)-Childrens Care Services,FRANKIES,,
2018-04-04,16.50,Children and Young People (obsolete)-Childrens Care Services,FUNSTATION LTD,,
2018-04-04,45.75,Children and Young People (obsolete)-Childrens Care Services,GHS RETAIL LTD,,
2018-04-03,45.75,Children and Young People (obsolete)-Childrens Care Services,GHS RETAIL LTD,,
2018-04-04,45.75,Children and Young People (obsolete)-Childrens Care Services,GHS RETAIL LTD,,
2018-04-03,45.75,Children and Young People (obsolete)-Childrens Care Services,GHS RETAIL LTD,,
2018-03-29,167.60,"Adults, Health and Social Care (obsolete)-Adult Health & Social Care",GRAND CENTRAL,,
2018-04-04,6.30,Children and Young People (obsolete)-Childrens Care Services,GREGGS PLC,,
2018-04-23,9.25,"Adults, Health and Social Care (obsolete)-Adult Health & Social Care",GRO HM PASSPORT OFFICE,,
2018-04-04,4.37,Children and Young People (obsolete)-Childrens Care Services,GULLIVERS WORLD,,
2018-04-04,49.85,Children and Young People (obsolete)-Childrens Care Services,GULLIVERS WORLD,,
2018-04-04,18.71,Children and Young People (obsolete)-Childrens Care Services,GULLIVERS WORLD,,
2018-04-04,14.87,Children and Young People (obsolete)-Childrens Care Services,GULLIVERS WORLD,,
2018-03-28,100.00,Children and Young People (obsolete)-Childrens Services Unit,Greenhome,,
2018-04-22,38.01,Children and Young People (obsolete)-Childrens Care Services,HALEY HILL SSTN,,
2018-04-08,6.60,Children and Young People (obsolete)-Childrens Care Services,HALIFAX STN TO,,
2018-03-29,78.00,Children and Young People (obsolete)-Childrens Care Services,HALIFAX SWIMMING POOL,,
2018-03-28,376.00,Children and Young People (obsolete)-Schools and Children's Services - Non-School,HEALTH EDCO,,
2018-04-17,1.00,Communities & Service Support (obsolete)-Libraries Info & Tourism,HERON FOODS LTD,,
2018-03-29,46.00,Children and Young People (obsolete)-Childrens Care Services,HM PASSPORT OFFICE,,
2018-03-29,46.00,Children and Young People (obsolete)-Childrens Care Services,HM PASSPORT OFFICE,,
2018-04-14,58.50,Children and Young People (obsolete)-Childrens Care Services,HM PASSPORT OFFICE,,
2018-04-14,10.00,Children and Young People (obsolete)-Childrens Care Services,HMV RETAIL LTD,,
2018-05-11,270.00,Economy and Environment (obsolete)-Housing Services,HOLIDAY INN EXPRESS,,
2018-04-12,0.82,Children and Young People (obsolete)-Childrens Care Services,HOME BARGAINS,,
2018-04-13,2.47,Children and Young People (obsolete)-Childrens Care Services,HOME BARGAINS,,
2018-04-10,8.97,Children and Young People (obsolete)-Childrens Care Services,HOME BARGAINS,,
2018-04-13,8.63,Children and Young People (obsolete)-Childrens Care Services,HOME BARGAINS,,
2018-04-11,12.94,Children and Young People (obsolete)-Childrens Care Services,HOME BARGAINS,,
2018-04-03,32.98,Economy and Environment (obsolete)-Housing Services,HOWARTH TIMBER BRIGHOU,,
2018-04-09,20.21,Economy and Environment (obsolete)-Housing Services,HOWARTH TIMBER BRIGHOU,,
2018-04-19,9.20,Communities & Service Support (obsolete)-Community Services - Community Engagemt & Cohesion,HUDDERSFIELD SST,,
2018-04-03,95.00,Communities & Service Support (obsolete)-Community Services - Community Engagemt & Cohesion,Hotel on Booking.com,,
2018-04-18,47.92,Communities & Service Support (obsolete)-Museums & Arts,IKEA LIMITED,,
2018-05-13,12.50,Children and Young People (obsolete)-Childrens Care Services,IKEA LIMITED,,
2018-04-07,189.17,Children and Young People (obsolete)-Childrens Care Services,IKEA LIMITED,,
2018-05-17,30.05,Children and Young People (obsolete)-Childrens Care Services,JD SPORTS PLC,,
2018-04-13,20.00,Children and Young People (obsolete)-Childrens Care Services,JD SPORTS PLC,,
2018-04-13,20.05,Children and Young People (obsolete)-Childrens Care Services,JD SPORTS PLC,,
2018-04-07,11.68,Children and Young People (obsolete)-Childrens Care Services,JUMP-INC,,
2018-04-09,26.00,Children and Young People (obsolete)-Childrens Care Services,JUMP-INC,,
2018-04-12,135.60,Children and Young People (obsolete)-Childrens Care Services,Jump Nation,,
2018-04-16,12.45,Children and Young People (obsolete)-Childrens Care Services,Jump Nation,,
2018-04-19,42.30,Children and Young People (obsolete)-Childrens Care Services,Just Eat,,
2018-04-06,4.17,Children and Young People (obsolete)-Childrens Care Services,KEIGHLEY SSTN,,
2018-04-06,12.79,Children and Young People (obsolete)-Childrens Care Services,KFC - KEIGHLEY,,
2018-04-12,10.30,Children and Young People (obsolete)-Childrens Care Services,KFC - KEIGHLEY,,
2018-04-13,7.21,Children and Young People (obsolete)-Childrens Care Services,KFC HALIFAX DT,,
2018-04-16,8.60,Children and Young People (obsolete)-Childrens Care Services,KFC HALIFAX DT,,
2018-04-03,9.32,Children and Young People (obsolete)-Childrens Care Services,KFC JUNCTION 27,,
2018-04-23,15.00,Children and Young People (obsolete)-Childrens Care Services,KIRKLEES COUNCIL,,
2018-04-25,30.00,Children and Young People (obsolete)-Childrens Care Services,LASER ADVENTURES LIMIT,,
2018-04-17,30.00,Children and Young People (obsolete)-Childrens Care Services,LASER ADVENTURES LIMIT,,
2018-04-23,12.00,Children and Young People (obsolete)-Childrens Care Services,LB CROYDON,,
2018-03-29,39.93,Communities & Service Support (obsolete)-Museums & Arts,LIDL UK,,
2018-04-21,2.49,Children and Young People (obsolete)-Childrens Care Services,LIDL UK SOWERBY BRIDG,,
2018-03-29,20.00,Children and Young People (obsolete)-Childrens Services Unit,LOVE2SHOP.CO.UK,,
2018-04-05,12.00,Children and Young People (obsolete)-Childrens Care Services,LUIGIS,,
2018-04-04,5.90,Children and Young People (obsolete)-Childrens Care Services,M6 TOLL,,
2018-04-23,24.00,Children and Young People (obsolete)-Childrens Care Services,MAGS ON RAMPS LIMITED,,
2018-04-28,167.97,Deputy Chief Executive (obsolete)-Executives Management,MAILCHIMP   *MONTHLY,,
2018-03-28,164.57,Communities & Service Support (obsolete)-Customer Services and Communications,MAILCHIMP   *MONTHLY,,
2018-04-20,49.99,Children and Young People (obsolete)-Childrens Care Services,MAN. AIRPORT CAR PARKS,,
2018-04-11,16.66,Children and Young People (obsolete)-Childrens Care Services,MANCHESTERPARKING.COM,,
2018-04-24,30.00,Children and Young People (obsolete)-Childrens Care Services,MARKS&SPENCER PLC,,
2018-04-23,6.25,Chief Executive's Office (obsolete)-Law & Administration Service,MARKS&SPENCER PLC SACA,,
2018-04-27,4.82,Children and Young People (obsolete)-Childrens Care Services,MARTIN MCCOLL,,
2018-04-25,125.42,Children and Young People (obsolete)-Schools and Children's Services - Non-School,MARTIN MCCOLL,,
2018-04-04,17.00,Children and Young People (obsolete)-Childrens Care Services,MATALAN,,
2018-04-19,126.00,Communities & Service Support (obsolete)-Museums & Arts,MATTORIAN FRAMING & GA,,
2018-04-20,3.67,Children and Young People (obsolete)-Childrens Care Services,MCDONALDS,,
2018-04-26,1.79,Children and Young People (obsolete)-Childrens Care Services,MCDONALDS,,
2018-04-26,1.79,Children and Young People (obsolete)-Childrens Care Services,MCDONALDS,,
2018-04-26,15.91,Children and Young People (obsolete)-Schools and Children's Services - Non-School,MCDONALDS,,
2018-05-03,22.77,Children and Young People (obsolete)-Schools and Children's Services - Non-School,MCDONALDS,,
2018-05-20,12.04,Children and Young People (obsolete)-Childrens Care Services,MCDONALDS,,
2018-04-01,5.67,Children and Young People (obsolete)-Childrens Care Services,MCDONALDS,,
2018-04-04,8.12,Children and Young People (obsolete)-Childrens Care Services,MCDONALDS,,
2018-04-05,4.30,Children and Young People (obsolete)-Childrens Care Services,MCDONALDS,,
2018-04-06,9.89,Children and Young People (obsolete)-Childrens Care Services,MCDONALDS,,
2018-04-11,3.18,Children and Young People (obsolete)-Childrens Care Services,MCDONALDS,,
2018-04-04,6.89,Children and Young People (obsolete)-Childrens Care Services,MCDONALDS,,
2018-04-12,3.38,Children and Young People (obsolete)-Childrens Care Services,MCDONALDS,,
2018-04-04,3.57,Children and Young People (obsolete)-Childrens Care Services,MCDONALDS,,
2018-04-05,6.07,Children and Young People (obsolete)-Childrens Care Services,MCDONALDS,,
2018-04-09,4.67,Children and Young People (obsolete)-Childrens Care Services,MCDONALDS,,
2018-04-10,8.80,Children and Young People (obsolete)-Childrens Care Services,MCDONALDS,,
2018-04-13,8.01,Children and Young People (obsolete)-Childrens Care Services,MCDONALDS,,
2018-04-09,18.30,Children and Young People (obsolete)-Childrens Care Services,MCDONALDS,,
2018-03-30,2.49,Children and Young People (obsolete)-Childrens Care Services,MCDONALDS,,
2018-04-14,1.57,Children and Young People (obsolete)-Childrens Care Services,MCDONALDS,,
2018-04-24,3.21,Children and Young People (obsolete)-Childrens Care Services,MCDONALDS,,
2018-04-24,7.81,Children and Young People (obsolete)-Schools and Children's Services - Non-School,MCDONALDS,,
2018-04-05,3.63,Children and Young People (obsolete)-Childrens Care Services,MCDONALDS,,
2018-04-09,9.63,Children and Young People (obsolete)-Childrens Care Services,MCDONALDS,,
2018-04-12,2.97,Children and Young People (obsolete)-Childrens Care Services,MCDONALDS,,
2018-04-12,2.89,Children and Young People (obsolete)-Childrens Care Services,MCDONALDS,,
2018-04-05,4.31,Children and Young People (obsolete)-Childrens Care Services,MCDONALDS,,
2018-04-09,10.26,Children and Young People (obsolete)-Childrens Care Services,MCDONALDS,,
2018-04-16,6.75,Children and Young People (obsolete)-Childrens Care Services,MCDONALDS,,
2018-04-17,9.39,Children and Young People (obsolete)-Childrens Care Services,MCDONALDS,,
2018-04-18,2.52,Children and Young People (obsolete)-Childrens Care Services,MCDONALDS,,
2018-04-20,7.59,Children and Young People (obsolete)-Childrens Care Services,MCDONALDS,,
2018-04-23,7.59,Children and Young People (obsolete)-Childrens Care Services,MCDONALDS,,
2018-04-06,0.82,Children and Young People (obsolete)-Childrens Care Services,MCDONALDS,,
2018-04-06,6.97,Children and Young People (obsolete)-Childrens Care Services,MCDONALDS,,
2018-04-14,5.80,Children and Young People (obsolete)-Childrens Care Services,MCDONALDS,,
2018-04-16,41.68,Children and Young People (obsolete)-Childrens Care Services,MORRISON PETROL,,
2018-03-29,43.09,Children and Young People (obsolete)-Childrens Care Services,MORRISON PETROL,,
2018-04-09,38.96,Children and Young People (obsolete)-Childrens Care Services,MORRISON PETROL,,
2018-04-14,38.74,Children and Young People (obsolete)-Childrens Care Services,MORRISON PETROL,,
2018-04-05,33.33,Children and Young People (obsolete)-Childrens Care Services,MORRISONS PETROL,,
2018-04-09,43.33,Children and Young People (obsolete)-Childrens Care Services,MORRISONS PETROL,,
2018-04-20,39.10,Children and Young People (obsolete)-Childrens Care Services,MORRISONS PETROL,,
2018-04-14,13.55,Children and Young People (obsolete)-Childrens Care Services,MR THOMAS`S,,
2018-04-05,56.60,Children and Young People (obsolete)-Childrens Care Services,MR THOMAS`S,,
2018-04-07,19.15,Children and Young People (obsolete)-Childrens Care Services,MURGATROYDS,,
2018-05-02,7.99,Children and Young People (obsolete)-Childrens Care Services,Microsoft *Xbox,,
2018-05-19,19.99,Children and Young People (obsolete)-Childrens Care Services,Microsoft *Xbox,,
2018-04-04,7.99,Children and Young People (obsolete)-Childrens Care Services,Microsoft *Xbox,,
2018-04-04,3.19,Children and Young People (obsolete)-Childrens Care Services,Microsoft *Xbox,,
2018-04-19,111.70,Deputy Chief Executive (obsolete)-ICT Services,NETWORKING-STORE,,
2018-04-10,16.27,Communities & Service Support (obsolete)-Safer Cleaner Greener,NEWBANK GARDEN CEN,,
2018-04-12,12.50,Deputy Chief Executive (obsolete)-ICT Services,NORTHERN RAIL,,
2018-04-10,10.20,Communities & Service Support (obsolete)-Community Safety & Support,NORTHERN RAIL LTD-,,
2018-04-11,156.91,Chief Executive's Office (obsolete)-Finance Service,NSPCC,,
2018-04-11,113.46,Children and Young People (obsolete)-Childrens Care Services,Opodo ID 4012593492,,
2018-03-28,8.40,Communities & Service Support (obsolete)-Museums & Arts,PARCEL2GO_UK,,
2018-03-28,6.29,Communities & Service Support (obsolete)-Museums & Arts,PARCEL2GO_UK,,
2018-04-09,50.00,Children and Young People (obsolete)-Childrens Care Services,PARENTPAY E-COM R,,
2018-05-09,62.84,"Adults, Health and Social Care (obsolete)-Adult Health & Social Care",PARFETTS CASH & CARRY,,
2018-03-28,137.32,"Adults, Health and Social Care (obsolete)-Adult Health & Social Care",PARFETTS CASH & CARRY,,
2018-04-03,3.15,"Adults, Health and Social Care (obsolete)-Adult Health & Social Care",PAYPAL *BSTHERAPY,,
2018-05-08,9.50,Children and Young People (obsolete)-Childrens Care Services,PAYPAL *DINERO99,,
2018-04-20,3.99,Children and Young People (obsolete)-Childrens Care Services,PAYPAL *GERMANSHEPA,,
2018-03-29,1.37,Children and Young People (obsolete)-Childrens Care Services,PAYPAL *ITSOLUTIONS,,
2018-04-03,210.96,Chief Executive's Office (obsolete)-Law & Administration Service,PAYPAL *MR MEMORY,,
2018-04-03,4.62,"Adults, Health and Social Care (obsolete)-Adult Health & Social Care",PAYPAL *NEWSCENTREW,,
2018-04-24,3.99,Children and Young People (obsolete)-Childrens Care Services,PAYPAL *STYLEYOURMO,,
2018-04-26,26.00,Communities & Service Support (obsolete)-Museums & Arts,PAYPAL *TEXTILESOC,,
2018-05-11,40.01,Children and Young People (obsolete)-Childrens Care Services,PELLON LANE SSTN,,
2018-04-09,12.50,Children and Young People (obsolete)-Childrens Care Services,PICSOLVE INTERNATIONAL L,,
2018-05-07,23.10,Children and Young People (obsolete)-Childrens Care Services,PIER RESTAURANT,,
2018-04-07,20.00,Children and Young People (obsolete)-Childrens Care Services,PLEASURE BEACH,,
2018-04-05,314.00,Economy and Environment (obsolete)-Housing Services,PNF BUILDERS MERCHANT LTD,,
2018-04-19,131.83,Economy and Environment (obsolete)-Housing Services,PNF BUILDERS MERCHANT LTD,,
2018-04-23,188.40,Economy and Environment (obsolete)-Housing Services,PNF BUILDERS MERCHANT LTD,,
2018-04-05,49.43,Chief Executive's Office (obsolete)-Law & Administration Service,POLYBAGS LTD,,
2018-03-29,0.84,Children and Young People (obsolete)-Childrens Care Services,POUNDLAND LTD 1348,,
2018-04-26,6.65,Children and Young People (obsolete)-Childrens Care Services,POUNDSTRETCHER 757,,
2018-04-20,11.82,Children and Young People (obsolete)-Childrens Care Services,POUNDSTRETCHER 757,,
2018-04-22,3.00,Children and Young People (obsolete)-Schools and Children's Services - Non-School,POUNDSTRETCHER 816,,
2018-04-25,72.10,Communities & Service Support (obsolete)-Community Services - Community Engagemt & Cohesion,PP*HEX HALIFAX,,
2018-05-08,199.14,"Adults, Health and Social Care (obsolete)-Adult Health & Social Care",PREMIER INN 44529775,,
2018-05-10,199.14,"Adults, Health and Social Care (obsolete)-Adult Health & Social Care",PREMIER INN 44529775,,
2018-05-10,199.14,"Adults, Health and Social Care (obsolete)-Adult Health & Social Care",PREMIER INN 44529775,,
2018-05-10,199.14,"Adults, Health and Social Care (obsolete)-Adult Health & Social Care",PREMIER INN 44529775,,
2018-05-10,199.14,"Adults, Health and Social Care (obsolete)-Adult Health & Social Care",PREMIER INN 44529775,,
2018-05-10,199.14,"Adults, Health and Social Care (obsolete)-Adult Health & Social Care",PREMIER INN 44529775,,
2018-05-10,199.14,"Adults, Health and Social Care (obsolete)-Adult Health & Social Care",PREMIER INN 44529775,,
2018-04-09,69.99,Children and Young People (obsolete)-Childrens Care Services,PREMIER INN44015935,,
2018-04-09,60.82,Children and Young People (obsolete)-Childrens Care Services,PREMIER INN44015935,,
2018-04-20,64.99,Children and Young People (obsolete)-Childrens Care Services,PREMIER INN44027550,,
2018-04-07,34.33,Children and Young People (obsolete)-Childrens Care Services,PROMENADE TEA GARDENS,,
2018-04-14,11.84,Children and Young People (obsolete)-Childrens Care Services,Pearl Supermarket,,
2018-04-22,8.50,Children and Young People (obsolete)-Childrens Care Services,Q PARK JOHN LEWIS,,
2018-04-05,200.00,Children and Young People (obsolete)-Childrens Care Services,RAMSDENS SOLICITORS LL,,
2018-04-16,125.60,Children and Young People (obsolete)-Childrens Care Services,RED AND HOT WORLD BUFF,,
2018-04-04,62.50,Economy and Environment (obsolete)-Housing Services,RICCIS TAPAS & CICCHET,,
2018-04-11,23.35,Children and Young People (obsolete)-Childrens Care Services,ROBIN HOOD INN,,
2018-05-20,3.25,Children and Young People (obsolete)-Childrens Care Services,ROSSENDALE ROAD,,
2018-04-19,24.05,Communities & Service Support (obsolete)-Safer Cleaner Greener,SAFETYSHOP,,
2018-03-28,13.50,Communities & Service Support (obsolete)-Museums & Arts,SAINSBURY'S S/MKT,,
2018-04-12,2.50,Communities & Service Support (obsolete)-Sport & Leisure Management DSO,SAINSBURY'S S/MKT,,
2018-05-10,15.30,Children and Young People (obsolete)-Childrens Care Services,SAINSBURY'S S/MKT,,
2018-04-18,60.71,Chief Executive's Office (obsolete)-Law & Administration Service,SAINSBURY'S S/MKT,,
2018-03-29,2.64,Children and Young People (obsolete)-Childrens Care Services,SAINSBURY'S S/MKT,,
2018-04-23,3.00,Children and Young People (obsolete)-Childrens Care Services,SAINSBURY'S S/MKT,,
2018-04-24,2.64,Children and Young People (obsolete)-Childrens Care Services,SAINSBURY'S S/MKT,,
2018-04-23,15.20,Chief Executive's Office (obsolete)-Law & Administration Service,SAINSBURY'S S/MKT,,
2018-04-24,9.40,Children and Young People (obsolete)-Childrens Care Services,SAINSBURYS LOCAL,,
2018-05-18,5.65,"Adults, Health and Social Care (obsolete)-Adult Health & Social Care",SAINSBURYS LOCAL,,
2018-05-27,14.40,"Adults, Health and Social Care (obsolete)-Adult Health & Social Care",SAINSBURYS LOCAL,,
2018-04-13,2.40,Communities & Service Support (obsolete)-Museums & Arts,SAINSBURYS S/MKTS,,
2018-04-15,12.50,Children and Young People (obsolete)-Schools and Children's Services - Non-School,SAINSBURYS S/MKTS,,
2018-04-09,34.85,Children and Young People (obsolete)-Childrens Care Services,SAINSBURYS S/MKTS,,
2018-04-09,3.75,Children and Young People (obsolete)-Childrens Care Services,SAINSBURYS S/MKTS,,
2018-04-07,6.00,Children and Young People (obsolete)-Childrens Care Services,SANDCASTLE WATERPARK,,
2018-04-07,6.00,Children and Young People (obsolete)-Childrens Care Services,SANDCASTLE WATERPARK,,
2018-04-07,8.33,Children and Young People (obsolete)-Childrens Care Services,SANDCASTLE WATERPARK,,
2018-03-28,163.59,Economy and Environment (obsolete)-Housing Services,SCREWFIX DIRECT LT,,
2018-04-26,94.07,Economy and Environment (obsolete)-Housing Services,SCREWFIX DIRECT LT,,
2018-04-05,33.32,"Adults, Health and Social Care (obsolete)-Adult Health & Social Care",SCREWFIX DIRECT LT,,
2018-04-09,12.49,"Adults, Health and Social Care (obsolete)-Adult Health & Social Care",SCREWFIX DIRECT LT,,
2018-04-23,5.49,Children and Young People (obsolete)-Childrens Care Services,SECRET TEA ROOMS,,
2018-02-13,110.00,Communities & Service Support (obsolete)-Community Safety & Support,SECURITY INDUSTRY,,
2018-03-30,10.00,Children and Young People (obsolete)-Childrens Care Services,SHAY CYCLES,,
2018-05-07,36.67,Children and Young People (obsolete)-Childrens Care Services,SHELL SALTERHBL678,,
2018-05-19,23.03,Children and Young People (obsolete)-Childrens Care Services,SHOE ZONE,,
2018-04-23,29.01,Communities & Service Support (obsolete)-Libraries Info & Tourism,SKR*AbeBooks 4A9MIT,,
2018-04-05,75.00,Communities & Service Support (obsolete)-Safer Cleaner Greener,SLAM PROOF LTD,,
2018-04-05,17.65,Communities & Service Support (obsolete)-Safer Cleaner Greener,SLAM PROOF LTD,,
2018-04-13,22.49,Communities & Service Support (obsolete)-Sport & Leisure Management DSO,SPORTSDIRECT.COM,,
2018-04-25,7.92,Children and Young People (obsolete)-Childrens Care Services,SPORTSDIRECT.COM,,
2018-04-25,24.99,Children and Young People (obsolete)-Childrens Care Services,SPORTSDIRECT.COM,,
2018-04-21,33.34,Children and Young People (obsolete)-Childrens Care Services,SPRINGS GARAGE,,
2018-04-10,7.92,Children and Young People (obsolete)-Childrens Care Services,STARBUCKS MIRFIELD,,
2018-05-02,52.00,Children and Young People (obsolete)-Schools and Children's Services - Non-School,STATIONERY OFFICE BOOK,,
2018-03-07,10.00,Communities & Service Support (obsolete)-Sport & Leisure Management DSO,STUARTS HARDWARE,,
2018-04-24,14.00,Children and Young People (obsolete)-Schools and Children's Services - Non-School,STUARTS HARDWARE,,
2018-05-20,280.00,Deputy Chief Executive (obsolete)-Executives Management,SURVEYMONKEY.COM,,
2018-04-09,20.96,Children and Young People (obsolete)-Childrens Care Services,SWAN & CYGNET,,
2018-04-09,1.45,Children and Young People (obsolete)-Childrens Care Services,SWAN & CYGNET,,
2018-03-29,16.67,Economy and Environment (obsolete)-Housing Services,TAYLOR MADE SAFETY LTD,,
2018-04-10,47.00,Children and Young People (obsolete)-Childrens Care Services,TEAM SPORT,,
2018-04-05,85.00,Communities & Service Support (obsolete)-Sport & Leisure Management DSO,TESCO DIRECT,,
2018-04-23,17.99,Children and Young People (obsolete)-Childrens Care Services,TESCO DIRECT,,
2018-03-30,40.00,Children and Young People (obsolete)-Childrens Care Services,TESCO PFS 4137,,
2018-05-14,2.81,Children and Young People (obsolete)-Childrens Care Services,TESCO PFS 5427,,
2018-04-01,16.00,Children and Young People (obsolete)-Childrens Care Services,TESCO PFS 5427,,
2018-04-04,33.36,Children and Young People (obsolete)-Childrens Care Services,TESCO PFS 5427,,
2018-05-03,9.59,"Adults, Health and Social Care (obsolete)-Adult Health & Social Care",TESCO STORE 2617,,
2018-05-05,43.83,"Adults, Health and Social Care (obsolete)-Adult Health & Social Care",TESCO STORE 2617,,
2018-05-15,34.24,"Adults, Health and Social Care (obsolete)-Adult Health & Social Care",TESCO STORE 2617,,
2018-04-10,19.10,"Adults, Health and Social Care (obsolete)-Adult Health & Social Care",TESCO STORE 2617,,
2018-04-16,21.95,"Adults, Health and Social Care (obsolete)-Adult Health & Social Care",TESCO STORE 2617,,
2018-04-26,20.85,"Adults, Health and Social Care (obsolete)-Adult Health & Social Care",TESCO STORE 2617,,
2018-04-09,13.80,Children and Young People (obsolete)-Childrens Care Services,TESCO STORE 2617,,
2018-04-13,23.60,Children and Young People (obsolete)-Schools and Children's Services - Non-School,TESCO STORE 2617,,
2018-04-13,21.98,Children and Young People (obsolete)-Schools and Children's Services - Non-School,TESCO STORE 2617,,
2018-04-13,18.35,Children and Young People (obsolete)-Schools and Children's Services - Non-School,TESCO STORE 2617,,
2018-04-13,10.70,Children and Young People (obsolete)-Schools and Children's Services - Non-School,TESCO STORE 2617,,
2018-04-16,14.95,Children and Young People (obsolete)-Schools and Children's Services - Non-School,TESCO STORE 2617,,
2018-04-16,8.15,Children and Young People (obsolete)-Schools and Children's Services - Non-School,TESCO STORE 2617,,
2018-04-23,31.63,Children and Young People (obsolete)-Schools and Children's Services - Non-School,TESCO STORE 2617,,
2018-04-23,28.54,Children and Young People (obsolete)-Schools and Children's Services - Non-School,TESCO STORE 2617,,
2018-04-25,8.26,Children and Young People (obsolete)-Schools and Children's Services - Non-School,TESCO STORE 2617,,
2018-03-28,30.19,Children and Young People (obsolete)-Schools and Children's Services - Non-School,TESCO STORE 2617,,
2018-03-28,18.39,Children and Young People (obsolete)-Schools and Children's Services - Non-School,TESCO STORE 2617,,
2018-04-06,29.44,"Adults, Health and Social Care (obsolete)-Adult Health & Social Care",TESCO STORE 2617,,
2018-04-25,9.00,Children and Young People (obsolete)-Schools and Children's Services - Non-School,TESCO STORE 2617,,
2018-04-13,97.14,Children and Young People (obsolete)-Childrens Care Services,TESCO STORE 2617,,
2018-04-15,28.04,Children and Young People (obsolete)-Childrens Care Services,TESCO STORE 2617,,
2018-04-16,25.29,Children and Young People (obsolete)-Childrens Care Services,TESCO STORE 2617,,
2018-04-17,10.67,Children and Young People (obsolete)-Childrens Care Services,TESCO STORE 2617,,
2018-04-21,36.42,Children and Young People (obsolete)-Childrens Care Services,TESCO STORE 2617,,
2018-04-24,57.62,Children and Young People (obsolete)-Childrens Care Services,TESCO STORE 2617,,
2018-04-12,3.30,Children and Young People (obsolete)-Childrens Care Services,TESCO STORE 2617,,
2018-04-03,6.00,Communities & Service Support (obsolete)-Museums & Arts,TESCO STORES 2204,,
2018-04-29,4.80,Children and Young People (obsolete)-Schools and Children's Services - Non-School,TESCO STORES 2204,,
2018-04-15,3.00,Children and Young People (obsolete)-Schools and Children's Services - Non-School,TESCO STORES 2204,,
2018-04-16,1.25,Communities & Service Support (obsolete)-Museums & Arts,TESCO STORES 2622,,
2018-04-23,1.67,Communities & Service Support (obsolete)-Museums & Arts,TESCO STORES 2622,,
2018-04-17,3.18,Children and Young People (obsolete)-Schools and Children's Services - Non-School,TESCO STORES 4560,,
2018-04-08,27.71,Children and Young People (obsolete)-Childrens Care Services,TESCO STORES 5121,,
2018-05-13,16.85,Children and Young People (obsolete)-Childrens Care Services,TESCO STORES 5121,,
2018-04-24,19.18,Children and Young People (obsolete)-Schools and Children's Services - Non-School,TESCO STORES 5121,,
2018-04-24,10.15,Children and Young People (obsolete)-Schools and Children's Services - Non-School,TESCO STORES 5121,,
2018-04-20,3.33,Children and Young People (obsolete)-Childrens Care Services,TESCO STORES 5132,,
2018-04-26,3.50,Children and Young People (obsolete)-Childrens Care Services,TESCO STORES 6286,,
2018-05-02,6.29,Children and Young People (obsolete)-Childrens Care Services,TESCO STORES 6737,,
2018-05-15,1.75,Children and Young People (obsolete)-Childrens Care Services,TESCO STORES 6737,,
2018-05-13,5.03,Children and Young People (obsolete)-Childrens Care Services,TESCO STORES 6737,,
2018-05-03,1.38,Children and Young People (obsolete)-Childrens Care Services,TESCO STORES 6737,,
2018-05-01,7.10,Children and Young People (obsolete)-Childrens Care Services,TESCO STORES 6737,,
2018-04-10,3.10,Children and Young People (obsolete)-Childrens Care Services,TESCO STORES 6737,,
2018-04-09,15.60,Children and Young People (obsolete)-Childrens Care Services,TESCO STORES 6737,,
2018-03-31,3.99,Children and Young People (obsolete)-Childrens Care Services,TESCO STORES 6737,,
2018-04-14,5.66,Children and Young People (obsolete)-Childrens Care Services,TESCO STORES 6737,,
2018-04-26,6.02,Children and Young People (obsolete)-Childrens Care Services,TESCO STORES 6737,,
2018-04-19,4.37,Children and Young People (obsolete)-Childrens Care Services,TESCO STORES 6737,,
2018-04-20,2.18,Children and Young People (obsolete)-Childrens Care Services,TESCO STORES 6737,,
2018-04-09,2.50,Children and Young People (obsolete)-Childrens Care Services,TESCO STORES-2187,,
2018-05-14,35.72,"Adults, Health and Social Care (obsolete)-Adult Health & Social Care",TESCO-STORES 2617,,
2018-04-03,44.75,Children and Young People (obsolete)-Childrens Care Services,TESCO-STORES 2617,,
2018-04-06,24.15,Children and Young People (obsolete)-Childrens Care Services,TESCO-STORES 2617,,
2018-04-23,11.24,Children and Young People (obsolete)-Schools and Children's Services - Non-School,TESCO-STORES 2617,,
2018-04-20,35.12,Children and Young People (obsolete)-Childrens Care Services,TESCO-STORES 2617,,
2018-03-28,5.98,Children and Young People (obsolete)-Childrens Care Services,TESCO-STORES 2617,,
2018-04-19,5.83,Children and Young People (obsolete)-Childrens Care Services,TESCO-STORES 2617,,
2018-04-16,11.20,Children and Young People (obsolete)-Childrens Care Services,TESCO-STORES 2617,,
2018-04-05,3.61,Children and Young People (obsolete)-Childrens Care Services,TESCO-STORES 6737,,
2018-04-07,9.35,Children and Young People (obsolete)-Childrens Care Services,TESCO-STORES 6737,,
2018-04-11,16.10,Children and Young People (obsolete)-Childrens Care Services,TESCO-STORES 6737,,
2018-04-19,3.33,Children and Young People (obsolete)-Childrens Care Services,TESCO-STORES 6737,,
2018-04-01,13.17,Children and Young People (obsolete)-Childrens Care Services,TESCO-STORES 6737,,
2018-04-15,3.00,Children and Young People (obsolete)-Childrens Care Services,TESCO-STORES 6737,,
2018-04-11,27.25,Children and Young People (obsolete)-Childrens Care Services,TFL VISITOR SHOP,,
2018-03-28,80.00,Children and Young People (obsolete)-Childrens Services Unit,THE BED SHOP,,
2018-05-17,3.60,Children and Young People (obsolete)-Schools and Children's Services - Non-School,THE CAKE MAKER SHOP,,
2018-04-26,40.49,Children and Young People (obsolete)-Schools and Children's Services - Non-School,THE CAKE MAKER SHOP,,
2018-04-26,6.34,Children and Young People (obsolete)-Schools and Children's Services - Non-School,THE CAKE MAKER SHOP,,
2018-03-28,2.43,Children and Young People (obsolete)-Schools and Children's Services - Non-School,THE CAKE MAKER SHOP,,
2018-04-23,110.00,Children and Young People (obsolete)-Childrens Care Services,THE EDUCATIONAL GUIDAN,,
2018-05-15,428.49,Children and Young People (obsolete)-Childrens Care Services,THE GREAT ESCAPE LEEDS,,
2018-05-04,280.00,Children and Young People (obsolete)-Childrens Care Services,THE MILLOM BED SHOP,,
2018-04-07,36.10,Children and Young People (obsolete)-Childrens Care Services,THE OLD STABLES AT TOW,,
2018-02-06,220.00,Communities & Service Support (obsolete)-Community Safety & Support,THE POST OFFICE,,
2018-04-18,11.00,Communities & Service Support (obsolete)-Museums & Arts,THE POST OFFICE,,
2018-03-28,6.50,Children and Young People (obsolete)-Schools and Children's Services - Non-School,THE POST OFFICE,,
2018-04-05,3.45,Children and Young People (obsolete)-Schools and Children's Services - Non-School,THE POST OFFICE,,
2018-04-20,6.50,Children and Young People (obsolete)-Schools and Children's Services - Non-School,THE POST OFFICE,,
2018-04-18,9.16,Communities & Service Support (obsolete)-Museums & Arts,THE RANGE,,
2018-04-18,13.32,Communities & Service Support (obsolete)-Museums & Arts,THE RANGE,,
2018-04-11,42.27,Children and Young People (obsolete)-Schools and Children's Services - Non-School,THE RANGE,,
2018-04-19,13.32,Children and Young People (obsolete)-Childrens Care Services,THE RANGE,,
2018-04-22,12.48,Children and Young People (obsolete)-Childrens Care Services,THE RANGE,,
2018-04-16,10.02,Children and Young People (obsolete)-Childrens Care Services,THE RANGE,,
2018-04-11,2.07,Children and Young People (obsolete)-Childrens Care Services,THE RANGE,,
2018-04-24,17.48,"Adults, Health and Social Care (obsolete)-Adult Health & Social Care",THE RANGE,,
2018-04-26,53.32,"Adults, Health and Social Care (obsolete)-Adult Health & Social Care",THE RANGE,,
2018-04-03,50.30,Children and Young People (obsolete)-Childrens Care Services,THE RANGE,,
2018-04-16,8.32,Children and Young People (obsolete)-Childrens Care Services,THE RANGE,,
2018-04-25,6.75,Children and Young People (obsolete)-Childrens Care Services,THE RANGE,,
2018-04-21,23.05,Children and Young People (obsolete)-Childrens Care Services,THE SECRET CAFE,,
2018-04-05,7.00,Children and Young People (obsolete)-Schools and Children's Services - Non-School,THE WORKS,,
2018-02-09,27.00,Communities & Service Support (obsolete)-Community Safety & Support,TIMPSON LTD,,
2018-04-20,16.00,Economy and Environment (obsolete)-Housing Services,TIMPSON LTD,,
2018-04-03,0.75,Communities & Service Support (obsolete)-Community Safety & Support,TODMORDEN NEWS CENTR LTD,,
2018-04-15,1.04,Communities & Service Support (obsolete)-Community Safety & Support,TODMORDEN NEWS CENTR LTD,,
2018-04-06,15.00,Communities & Service Support (obsolete)-Community Safety & Support,TODMORDEN STN TO,,
2018-04-09,45.00,Communities & Service Support (obsolete)-Community Safety & Support,TODMORDEN STN TO,,
2018-04-09,104.00,Communities & Service Support (obsolete)-Community Safety & Support,TODMORDEN STN TO,,
2018-04-09,67.40,Communities & Service Support (obsolete)-Community Safety & Support,TODMORDEN STN TO,,
2018-04-10,18.60,Communities & Service Support (obsolete)-Community Safety & Support,TODMORDEN STN TO,,
2018-04-15,37.50,Children and Young People (obsolete)-Childrens Care Services,TOTAL NINJA,,
2018-04-13,20.00,Communities & Service Support (obsolete)-Recreation & Support,TP HALIFAX,,
2018-04-20,65.00,Children and Young People (obsolete)-Childrens Care Services,TRAINING.SELFHARM.CO.U,,
2018-04-06,68.00,Communities & Service Support (obsolete)-Community Services - Community Engagemt & Cohesion,TRAINLINE,,
2018-02-28,11.85,Children and Young People (obsolete)-Childrens Care Services,TRAINLINE,,
2018-01-30,138.30,Children and Young People (obsolete)-Childrens Care Services,TRAINLINE,,
2018-02-26,30.75,Children and Young People (obsolete)-Childrens Care Services,TRAINLINE,,
2018-04-19,17.54,Chief Executive's Office (obsolete)-Finance Service,TRAINLINE,,
2018-04-20,10.71,Chief Executive's Office (obsolete)-Finance Service,TRAINLINE,,
2018-05-03,32.87,"Adults, Health and Social Care (obsolete)-Adult Health & Social Care",TRAINLINE,,
2018-05-22,115.50,Children and Young People (obsolete)-Children and Young People's Serv - Central Depts.,TRAINLINE,,
2018-04-02,13.60,Children and Young People (obsolete)-Childrens Care Services,TRAINLINE,,
2018-04-02,13.60,Children and Young People (obsolete)-Childrens Care Services,TRAINLINE,,
2018-04-06,125.50,Children and Young People (obsolete)-Childrens Care Services,TRAINLINE,,
2018-04-04,158.95,Children and Young People (obsolete)-Childrens Care Services,TRAINLINE,,
2018-04-18,16.05,Children and Young People (obsolete)-Childrens Care Services,TRAINLINE,,
2018-04-16,15.35,Chief Executive's Office (obsolete)-Public Health,TRAINLINE,,
2018-04-17,236.67,Children and Young People (obsolete)-Childrens Care Services,TRAVELODGE GB0000,,
2018-04-06,68.54,Children and Young People (obsolete)-Childrens Care Services,TRAVELODGE GB0000,,
2018-04-06,295.83,Children and Young People (obsolete)-Childrens Care Services,TRAVELODGE GB0000,,
2018-04-17,152.50,Children and Young People (obsolete)-Childrens Care Services,TRAVELODGE GB0000,,
2018-04-04,150.50,Children and Young People (obsolete)-Schools and Children's Services - Non-School,TVLICENSING.CO.UK,,
2018-04-09,20.00,Children and Young People (obsolete)-Childrens Care Services,UK SUPERBOWL,,
2018-04-09,37.51,Children and Young People (obsolete)-Childrens Care Services,UNDERCLIFFE & REINWOOD SE,,
2018-04-10,13.00,Children and Young People (obsolete)-Childrens Care Services,VALENTINES OF HEBDEN B,,
2018-04-18,19.50,Communities & Service Support (obsolete)-Safer Cleaner Greener,VILLAGE CLEANERS,,
2018-04-11,60.00,Children and Young People (obsolete)-Schools and Children's Services - Non-School,VR IMMERSION LTD,,
2018-03-28,7.82,Children and Young People (obsolete)-Childrens Care Services,VUE BSL LTD,,
2018-04-13,9.98,Children and Young People (obsolete)-Childrens Care Services,VUE BSL LTD,,
2018-04-04,11.72,Children and Young People (obsolete)-Childrens Care Services,VUE BSL LTD,,
2018-04-09,9.04,Children and Young People (obsolete)-Childrens Care Services,W M MORRISON,,
2018-05-17,17.24,"Adults, Health and Social Care (obsolete)-Adult Health & Social Care",W M MORRISON PLC,,
2018-05-15,12.54,Children and Young People (obsolete)-Childrens Care Services,W M MORRISON PLC,,
2018-05-17,3.47,Children and Young People (obsolete)-Childrens Care Services,W M MORRISON PLC,,
2018-04-04,12.14,"Adults, Health and Social Care (obsolete)-Adult Health & Social Care",W M MORRISON PLC,,
2018-04-18,3.60,Children and Young People (obsolete)-Childrens Care Services,W M MORRISON PLC,,
2018-03-29,0.83,Children and Young People (obsolete)-Childrens Care Services,W M MORRISON PLC,,
2018-04-16,8.17,Children and Young People (obsolete)-Childrens Care Services,W M MORRISON PLC,,
2018-04-05,16.26,Children and Young People (obsolete)-Childrens Care Services,W M MORRISON PLC,,
2018-04-05,9.05,Children and Young People (obsolete)-Childrens Care Services,W M MORRISON PLC,,
2018-04-08,21.24,Children and Young People (obsolete)-Childrens Care Services,W M MORRISON PLC,,
2018-04-11,15.52,Children and Young People (obsolete)-Childrens Care Services,W M MORRISON PLC,,
2018-04-10,29.67,Children and Young People (obsolete)-Childrens Care Services,W M MORRISON PLC,,
2018-04-10,20.00,Children and Young People (obsolete)-Childrens Care Services,W M MORRISON PLC,,
2018-04-10,2.18,Children and Young People (obsolete)-Childrens Care Services,W M MORRISON PLC,,
2018-04-10,2.80,Children and Young People (obsolete)-Childrens Care Services,W M MORRISON PLC,,
2018-04-10,2.67,Children and Young People (obsolete)-Childrens Care Services,W M MORRISON PLC,,
2018-04-25,19.33,Children and Young People (obsolete)-Childrens Care Services,W M MORRISON PLC,,
2018-03-31,36.54,Children and Young People (obsolete)-Childrens Care Services,W M MORRISON PLC,,
2018-04-09,73.60,Children and Young People (obsolete)-Childrens Care Services,W M MORRISON PLC,,
2018-04-24,4.40,Children and Young People (obsolete)-Schools and Children's Services - Non-School,W M MORRISON PLC,,
2018-03-30,11.41,Children and Young People (obsolete)-Childrens Care Services,W M MORRISON PLC,,
2018-04-21,23.98,Children and Young People (obsolete)-Childrens Care Services,W M MORRISON PLC,,
2018-04-21,3.33,Children and Young People (obsolete)-Childrens Care Services,W M MORRISON PLC,,
2018-04-23,105.11,Children and Young People (obsolete)-Childrens Care Services,W M MORRISON PLC,,
2018-04-23,1.00,Children and Young People (obsolete)-Childrens Care Services,W M MORRISON PLC,,
2018-04-03,2.96,Children and Young People (obsolete)-Childrens Care Services,W M MORRISON PLC,,
2018-04-03,14.17,Children and Young People (obsolete)-Childrens Care Services,W M MORRISON PLC,,
2018-04-03,87.74,Children and Young People (obsolete)-Childrens Care Services,W M MORRISON PLC,,
2018-05-10,7.49,Children and Young People (obsolete)-Childrens Care Services,WH SMITH,,
2018-04-16,4.49,Children and Young People (obsolete)-Childrens Care Services,WH SMITH,,
2018-04-18,47.32,Children and Young People (obsolete)-Childrens Care Services,WHITELEYS' ACADEMY,,
2018-04-06,4.57,Communities & Service Support (obsolete)-Sport & Leisure Management DSO,WICKES,,
2018-04-05,64.27,Economy and Environment (obsolete)-Housing Services,WICKES,,
2018-04-04,8.33,Communities & Service Support (obsolete)-Museums & Arts,WILKO RETAIL LIMIT,,
2018-04-06,8.00,Communities & Service Support (obsolete)-Museums & Arts,WILKO RETAIL LIMIT,,
2018-04-11,4.17,Communities & Service Support (obsolete)-Museums & Arts,WILKO RETAIL LIMIT,,
2018-04-28,14.30,Children and Young People (obsolete)-Schools and Children's Services - Non-School,WILKO RETAIL LIMIT,,
2018-05-12,11.70,Children and Young People (obsolete)-Schools and Children's Services - Non-School,WILKO RETAIL LIMIT,,
2018-05-19,2.00,Children and Young People (obsolete)-Schools and Children's Services - Non-School,WILKO RETAIL LIMIT,,
2018-04-14,4.00,Children and Young People (obsolete)-Schools and Children's Services - Non-School,WILKO RETAIL LIMIT,,
2018-04-13,3.12,"Adults, Health and Social Care (obsolete)-Adult Health & Social Care",WILKO RETAIL LIMIT,,
2018-04-23,3.00,Children and Young People (obsolete)-Schools and Children's Services - Non-School,WILKO RETAIL LIMIT,,
2018-04-20,1.50,Children and Young People (obsolete)-Childrens Care Services,WILKO RETAIL LIMIT,,
2018-04-06,127.98,Children and Young People (obsolete)-Childrens Care Services,WWW.ARGOS.CO.UK,,
2018-04-23,306.94,Children and Young People (obsolete)-Childrens Care Services,WWW.ARGOS.CO.UK,,
2018-04-23,49.99,Children and Young People (obsolete)-Childrens Care Services,WWW.ARGOS.CO.UK,,
2018-04-17,79.99,Children and Young People (obsolete)-Schools and Children's Services - Non-School,WWW.ARGOS.CO.UK,,
2018-03-14,61.64,Children and Young People (obsolete)-Childrens Care Services,WWW.BLACKWELL.CO.UK,,
2018-02-19,99.00,Deputy Chief Executive (obsolete)-Human Resources,WWW.CIPS.ORG,,
2018-04-04,252.87,Economy and Environment (obsolete)-Housing Services,WWW.DIRECTOFFICESUPPY.,,
2018-04-20,1525.00,Economy and Environment (obsolete)-Housing Services,WWW.DONTPANICPROJEC LT,,
2018-04-08,39.79,Communities & Service Support (obsolete)-Sport & Leisure Management DSO,WWW.FITNESS-SUPERSTORE.C,,
2018-02-15,185.72,Deputy Chief Executive (obsolete)-Human Resources,WWW.LTTVENDING.CO.UK,,
2018-03-28,162.28,"Adults, Health and Social Care (obsolete)-Adult Health & Social Care",WWW.NISBETS.COM,,
2018-04-23,30.00,Children and Young People (obsolete)-Childrens Care Services,WWW.NORTHYORKS.GOV.UK,,
2018-04-11,43.50,Communities & Service Support (obsolete)-Sport & Leisure Management DSO,WWW.QUALSAFE.COM,,
2018-04-07,98.50,Children and Young People (obsolete)-Childrens Care Services,WWW.SANDCASTLE-WATERPA,,
2018-04-06,319.60,Communities & Service Support (obsolete)-Sport & Leisure Management DSO,WWW.THEBARCODEWAREHOUS,,
2018-04-18,78.08,Communities & Service Support (obsolete)-Libraries Info & Tourism,WWW.UKPOS.COM,,
2018-04-18,64.44,Communities & Service Support (obsolete)-Libraries Info & Tourism,WWW.UKPOS.COM,,
2018-04-04,17.08,Children and Young People (obsolete)-Childrens Care Services,YORKSHIRE WILDLIFE PAR,,
