Payment Date,Amount,Organisational Unit,Beneficiary Name,Company Number,Charity Number
2019-01-17,43898.46,CABINET OFFICE,EDENRED CHILDCARE VOUCHERS,,
2019-01-18,80000.00,CABINET OFFICE,MYCSP LTD,,
2019-01-18,400000.00,CABINET OFFICE,MYCSP LTD,,
2019-01-21,125219.00,CABINET OFFICE,OVERBURY PLC,,
2019-01-21,626095.00,CABINET OFFICE,OVERBURY PLC,,
2019-01-21,25335.39,CABINET OFFICE,FACEBOOK IRELAND LIMITED,,
2019-01-21,47864.38,CABINET OFFICE,FACEBOOK IRELAND LIMITED,,
2019-01-28,165276.90,CABINET OFFICE,3SG OMD,,
2019-01-24,100000.00,CABINET OFFICE,DEPARTMENT FOR WORK & PENSIONS,,
2019-01-24,437500.00,CABINET OFFICE,HMRC,,
2019-01-28,44297.06,CABINET OFFICE,DWP,,
2019-01-02,234075.00,CABINET OFFICE,ERNST & YOUNG LLP,,
2019-01-04,33087.50,CABINET OFFICE,XANSIUM CONSULTING LTD,,
2019-01-07,36535.79,CABINET OFFICE,MYCSP LTD,,
2019-01-07,28282.40,CABINET OFFICE,MYCSP LTD,,
2019-01-07,62578.45,CABINET OFFICE,TELEFONICA UK LTD,,
2019-01-07,200309.35,CABINET OFFICE,TELEFONICA UK LTD,,
2019-01-07,40061.87,CABINET OFFICE,TELEFONICA UK LTD,,
2019-01-07,27322.00,CABINET OFFICE,TMP UK LTD,,
2019-01-07,25045.00,CABINET OFFICE,SECURITY WATCHDOG,,
2019-01-08,44297.00,CABINET OFFICE,GOVERNMENT PROPERTY AGENCY GPA,,
2019-01-08,647051.85,CABINET OFFICE,GOVERNMENT PROPERTY AGENCY GPA,,
2019-01-08,663081.54,CABINET OFFICE,GOVERNMENT PROPERTY AGENCY GPA,,
2019-01-08,41641.20,CABINET OFFICE,CLARITY TRAVEL MANAGEMENT,,
2019-01-08,52913.20,CABINET OFFICE,CLARITY TRAVEL MANAGEMENT,,
2019-01-08,194033.57,CABINET OFFICE,PA CONSULTING SERVICES LTD,,
2019-01-08,33333.80,CABINET OFFICE,SHARED SERVICES CONNECTED LTD,,
2019-01-09,27287.50,CABINET OFFICE,HCM SOLUTIONS LTD,,
2019-01-09,75785.00,CABINET OFFICE,CSL KPMG LLP,,
2019-01-10,297148.75,CABINET OFFICE,PWC,,
2019-01-10,59429.75,CABINET OFFICE,PWC,,
2019-01-10,28496.00,CABINET OFFICE,PRICEWATERHOUSE COOPERS,,
2019-01-10,27810.01,CABINET OFFICE,HM TREASURY,,
2019-01-10,35000.00,CABINET OFFICE,AXIS12 LTD,,
2019-01-10,27374.00,CABINET OFFICE,DISCLOSURE & BARRING SERVICE,,
2019-01-10,32663.05,CABINET OFFICE,KORN FERRY UK LTD,,
2019-01-10,25915.40,CABINET OFFICE,KORN FERRY UK LTD,,
2019-01-10,28448.60,CABINET OFFICE,INTERSERVE FACILITIES MANAGEMENT LTD,,
2019-01-10,89320.00,CABINET OFFICE,THE BEHAVIOURAL INSIGHTS TEAM,,
2019-01-10,89320.00,CABINET OFFICE,THE BEHAVIOURAL INSIGHTS TEAM,,
2019-01-10,55663.85,CABINET OFFICE,XMA LTD,,
2019-01-10,43021.50,CABINET OFFICE,LINKEDIN IRELAND,,
2019-01-10,30541.00,CABINET OFFICE,LIVE GROUP LTD,,
2019-01-11,46680.00,CABINET OFFICE,OLEEO PLC,,
2019-01-11,34239.70,CABINET OFFICE,RIGHT MANAGEMENT LTD,,
2019-01-11,68668.45,CABINET OFFICE,RIGHT MANAGEMENT LTD,,
2019-01-11,196315.32,CABINET OFFICE,LEVEL 3,,
2019-01-11,34194.45,CABINET OFFICE,LEVEL 3,,
2019-01-11,175109.16,CABINET OFFICE,SHARED SERVICES CONNECTED LTD,,
2019-01-11,185783.95,CABINET OFFICE,SHARED SERVICES CONNECTED LTD,,
2019-01-11,35021.83,CABINET OFFICE,SHARED SERVICES CONNECTED LTD,,
2019-01-11,37156.79,CABINET OFFICE,SHARED SERVICES CONNECTED LTD,,
2019-01-11,25417.02,CABINET OFFICE,CORPORATE DOCUMENT SERVICES LTD,,
2019-01-11,25666.08,CABINET OFFICE,KAINOS SOFTWARE LTD,,
2019-01-14,40375.00,CABINET OFFICE,CLCKWRK LTD,,
2019-01-14,105678.52,CABINET OFFICE,SECURITY SERVICES GROUP,,
2019-01-14,152000.00,CABINET OFFICE,SECURITY SERVICES GROUP,,
2019-01-14,30400.00,CABINET OFFICE,SECURITY SERVICES GROUP,,
2019-01-14,60062.10,CABINET OFFICE,SECURITY SERVICES GROUP,,
2019-01-15,63319.44,CABINET OFFICE,SHARED SERVICES CONNECTED LTD,,
2019-01-15,2364695.50,CABINET OFFICE,MYCSP LTD,,
2019-01-15,158333.33,CABINET OFFICE,MYCSP LTD,,
2019-01-15,68664.59,CABINET OFFICE,BRITISH TELECOMMUNICATIONS PLC,,
2019-01-16,191403.63,CABINET OFFICE,PRICEWATERHOUSE COOPERS,,
2019-01-16,38280.73,CABINET OFFICE,PRICEWATERHOUSE COOPERS,,
2019-01-17,86624.00,CABINET OFFICE,WORKDAY LTD,,
2019-01-17,61350.00,CABINET OFFICE,SPECIALIST COMPUTER CENTRE NON EDI,,
2019-01-17,195796.81,CABINET OFFICE,SPECIALIST COMPUTER CENTRE NON EDI,,
2019-01-17,230854.92,CABINET OFFICE,SPECIALIST COMPUTER CENTRE NON EDI,,
2019-01-17,35153.60,CABINET OFFICE,TMP UK LTD,,
2019-01-17,28075.00,CABINET OFFICE,DXW,,
2019-01-17,28000.00,CABINET OFFICE,DXW,,
2019-01-17,29885.64,CABINET OFFICE,SHARED SERVICES CONNECTED LTD,,
2019-01-17,380000.00,CABINET OFFICE,FCO SERVICES,,
2019-01-17,76000.00,CABINET OFFICE,FCO SERVICES,,
2019-01-17,91500.00,CABINET OFFICE,KPMG,,
2019-01-17,91500.00,CABINET OFFICE,KPMG,,
2019-01-17,91500.00,CABINET OFFICE,KPMG,,
2019-01-17,91500.00,CABINET OFFICE,KPMG,,
2019-01-18,89558.01,CABINET OFFICE,SHARED SERVICES CONNECTED LTD,,
2019-01-18,30197.00,CABINET OFFICE,LOCAL DEMOCRACY & BOUNDARY COMMISSION FOR WALES,,
2019-01-18,46680.00,CABINET OFFICE,OLEEO PLC,,
2019-01-18,42826.00,CABINET OFFICE,OLEEO PLC,,
2019-01-21,26113.88,CABINET OFFICE,INTERSERVE FACILITIES MANAGEMENT LTD,,
2019-01-21,89320.00,CABINET OFFICE,THE BEHAVIOURAL INSIGHTS TEAM,,
2019-01-21,189240.00,CABINET OFFICE,SYNECTICS SOLUTIONS LTD,,
2019-01-21,45249.10,CABINET OFFICE,UKCLOUD LTD,,
2019-01-21,45946.78,CABINET OFFICE,UKCLOUD LTD,,
2019-01-21,26814.47,CABINET OFFICE,BRITISH TELECOMMUNICATIONS PLC,,
2019-01-22,113900.00,CABINET OFFICE,CUBIKS LTD,,
2019-01-22,54560.00,CABINET OFFICE,KORN FERRY UK LTD,,
2019-01-22,43731.93,CABINET OFFICE,CARRENZA LTD,,
2019-01-22,62250.00,CABINET OFFICE,NOMINET UK,,
2019-01-22,28750.86,CABINET OFFICE,SHARED SERVICES CONNECTED LTD,,
2019-01-22,66700.00,CABINET OFFICE,DELOITTE MCS LTD,,
2019-01-22,158825.00,CABINET OFFICE,DELOITTE MCS LTD,,
2019-01-23,249465.27,CABINET OFFICE,CAPGEMINI UK PLC,,
2019-01-23,36608.84,CABINET OFFICE,INTERSERVE FACILITIES MANAGEMENT LTD,,
2019-01-23,59645.38,CABINET OFFICE,INTERSERVE FACILITIES MANAGEMENT LTD,,
2019-01-23,26000.00,CABINET OFFICE,INTERSERVE FACILITIES MANAGEMENT LTD,,
2019-01-23,46590.00,CABINET OFFICE,2020 DELIVERY LTD,,
2019-01-23,90136.00,CABINET OFFICE,2020 DELIVERY LTD,,
2019-01-23,94254.00,CABINET OFFICE,2020 DELIVERY LTD,,
2019-01-23,105110.00,CABINET OFFICE,2020 DELIVERY LTD,,
2019-01-23,37057.43,CABINET OFFICE,ADAPT SERVICES LTD,,
2019-01-23,41333.54,CABINET OFFICE,ADAPT SERVICES LTD,,
2019-01-23,49723.74,CABINET OFFICE,ADAPT SERVICES LTD,,
2019-01-23,55275.96,CABINET OFFICE,MONTAGU EVANS LLP,,
2019-01-23,30000.00,CABINET OFFICE,ODGERS BERNDTSON,,
2019-01-23,27345.00,CABINET OFFICE,TMP UK LTD,,
2019-01-23,34500.00,CABINET OFFICE,TMP UK LTD,,
2019-01-24,29044.30,CABINET OFFICE,APOGEE CORPORATION LTD,,
2019-01-24,30000.00,CABINET OFFICE,ODGERS BERNDTSON,,
2019-01-24,40000.00,CABINET OFFICE,ODGERS BERNDTSON,,
2019-01-24,150000.00,CABINET OFFICE,ENGINE PARTNERS UK LLP,,
2019-01-24,27930.00,CABINET OFFICE,XMA LTD,,
2019-01-24,65814.00,CABINET OFFICE,XMA LTD,,
2019-01-24,91765.29,CABINET OFFICE,XMA LTD,,
2019-01-24,37023.66,CABINET OFFICE,ADAPT SERVICES LTD,,
2019-01-25,28155.15,CABINET OFFICE,4 NET,,
2019-01-25,28155.15,CABINET OFFICE,4 NET,,
2019-01-25,61350.00,CABINET OFFICE,SPECIALIST COMPUTER CENTRE NON EDI,,
2019-01-25,49145.55,CABINET OFFICE,CAPGEMINI UK PLC,,
2019-01-25,48233.59,CABINET OFFICE,CAPITA RESOURCING LTD,,
2019-01-25,104500.00,CABINET OFFICE,SHARED SERVICES CONNECTED LTD,,
2019-01-25,30158.94,CABINET OFFICE,TELEFONICA UK LTD,,
2019-01-25,46171.44,CABINET OFFICE,MANNING GOTTLIEB OMD,,
2019-01-25,46805.48,CABINET OFFICE,MANNING GOTTLIEB OMD,,
2019-01-25,320419.01,CABINET OFFICE,MANNING GOTTLIEB OMD,,
2019-01-25,99739.63,CABINET OFFICE,MANNING GOTTLIEB OMD,,
2019-01-25,96372.35,CABINET OFFICE,MANNING GOTTLIEB OMD,,
2019-01-25,98363.05,CABINET OFFICE,MANNING GOTTLIEB OMD,,
2019-01-25,654306.34,CABINET OFFICE,MANNING GOTTLIEB OMD,,
2019-01-28,26832.50,CABINET OFFICE,4 NET,,
2019-01-28,27997.25,CABINET OFFICE,4 NET,,
2019-01-28,59117.57,CABINET OFFICE,4 NET,,
2019-01-28,60318.78,CABINET OFFICE,4 NET,,
2019-01-28,61665.95,CABINET OFFICE,4 NET,,
2019-01-29,57775.00,CABINET OFFICE,GLUE REPLY,,
2019-01-29,297400.00,CABINET OFFICE,THE BOSTON CONSULTING GROUP,,
2019-01-29,1240608.00,CABINET OFFICE,THE BOSTON CONSULTING GROUP,,
2019-01-29,443180.17,CABINET OFFICE,CAPITA EMPLOYEE BENEFITS LTD,,
2019-01-29,65334.00,CABINET OFFICE,ODGERS BERNDTSON,,
2019-01-29,32234.52,CABINET OFFICE,KORN FERRY UK LTD,,
2019-01-29,30500.00,CABINET OFFICE,CENTRAL CITY TRAINING VENUES LTD,,
2019-01-30,236603.00,CABINET OFFICE,ERNST & YOUNG LLP,,
2019-01-30,60000.00,CABINET OFFICE,ERNST & YOUNG LLP,,
2019-01-30,152341.79,CABINET OFFICE,CSL KORN FERRY HAY GROUP,,
2019-01-30,30468.36,CABINET OFFICE,CSL KORN FERRY HAY GROUP,,
2019-01-30,30890.00,CABINET OFFICE,M4 MANAGED SERVICES INTERNATIONAL LTD,,
2019-01-30,61580.00,CABINET OFFICE,M4 MANAGED SERVICES INTERNATIONAL LTD,,
2019-01-30,45580.00,CABINET OFFICE,2020 DELIVERY LTD,,
2019-01-30,170000.00,CABINET OFFICE,BAIN & COMPANY INC,,
2019-01-30,1240942.98,CABINET OFFICE,GOVERNMENT PROPERTY AGENCY GPA,,
2019-01-30,44297.00,CABINET OFFICE,GOVERNMENT PROPERTY AGENCY GPA,,
2019-01-30,32416.34,CABINET OFFICE,MOLONEY SEARCH LTD,,
2019-01-30,37750.00,CABINET OFFICE,RARE RECRUITMENT LTD,,
2019-01-30,993121.80,CABINET OFFICE,CSL - KORN FERRY HAY GROUP,,
2019-01-30,198624.36,CABINET OFFICE,CSL - KORN FERRY HAY GROUP,,
2019-01-30,242016.06,CABINET OFFICE,KORN FERRY UK LTD,,
2019-01-30,40000.00,CABINET OFFICE,KORN FERRY UK LTD,,
2019-01-30,36993.80,CABINET OFFICE,KORN FERRY UK LTD,,
2019-01-31,49257.00,CABINET OFFICE,GOVERNMENT LEGAL DEPARTMENT,,
2019-01-31,181440.00,CABINET OFFICE,THE BOSTON CONSULTING GROUP,,
2019-01-31,205440.00,CABINET OFFICE,THE BOSTON CONSULTING GROUP,,
2019-01-31,117001.20,CABINET OFFICE,KAINOS SOFTWARE LTD,,
2019-01-31,147304.40,CABINET OFFICE,KAINOS SOFTWARE LTD,,
2019-01-31,164197.90,CABINET OFFICE,KAINOS SOFTWARE LTD,,
2019-01-31,39408.00,CABINET OFFICE,OVERBURY,,
2019-01-31,26949.00,CABINET OFFICE,OVERBURY,,
2019-01-31,28676.00,CABINET OFFICE,OVERBURY,,
2019-01-31,25000.00,CABINET OFFICE,RUSSELL REYNOLDS ASSOCIATES LTD,,
2019-01-24,50192.00,CABINET OFFICE,ROYAL MAIL GROUP LTD,,
2019-01-02,175000.00,CABINET OFFICE,PA CONSULTING GROUP,,
2019-01-02,175356.35,CABINET OFFICE,PA CONSULTING GROUP,,
2019-01-02,528379.23,CABINET OFFICE,PA CONSULTING GROUP,,
2019-01-02,217365.00,CABINET OFFICE,PRICEWATERHOUSE COOPERS,,
2019-01-02,44535.00,CABINET OFFICE,PRICEWATERHOUSE COOPERS,,
2019-01-02,38098.00,CABINET OFFICE,ERNST & YOUNG LLP,,
2019-01-02,395920.00,CABINET OFFICE,THE BOSTON CONSULTING GROUP,,
2019-01-02,289534.00,CABINET OFFICE,BAIN & COMPANY INC,,
2019-01-02,370000.00,CABINET OFFICE,BAIN & COMPANY INC,,
2019-01-02,370000.00,CABINET OFFICE,BAIN & COMPANY INC,,
2019-01-02,370000.00,CABINET OFFICE,BAIN & COMPANY INC,,
2019-01-02,230952.00,CABINET OFFICE,BAIN & COMPANY INC,,
2019-01-02,89320.00,CABINET OFFICE,THE BEHAVIOURAL INSIGHTS TEAM,,
2019-01-02,50603.50,CABINET OFFICE,XMA LTD,,
2019-01-02,133648.92,CABINET OFFICE,XMA LTD,,
2019-01-02,26729.80,CABINET OFFICE,XMA LTD,,
2019-01-02,100000.00,CABINET OFFICE,WATFORD BOROUGH COUNCIL,,
2019-01-02,395808.43,CABINET OFFICE,WYG,,
2019-01-02,44050.86,CABINET OFFICE,CARRENZA LTD,,
2019-01-02,52041.03,CABINET OFFICE,MYCSP LTD,,
2019-01-02,409451.50,CABINET OFFICE,MYCSP LTD,,
2019-01-02,37368.00,CABINET OFFICE,XMA LTD,,
2019-01-02,31239.00,CABINET OFFICE,CLOUD TECHNOLOGY SOLUTIONS,,
2019-01-02,62478.00,CABINET OFFICE,CLOUD TECHNOLOGY SOLUTIONS,,
2019-01-02,70609.00,CABINET OFFICE,WORKDAY LTD,,
2019-01-02,192141.80,CABINET OFFICE,GOVERNMENT PROPERTY AGENCY GPA,,
2019-01-02,1245030.88,CABINET OFFICE,GOVERNMENT PROPERTY AGENCY GPA,,
2019-01-02,120721.81,CABINET OFFICE,GOVERNMENT PROPERTY AGENCY GPA,,
2019-01-02,72501.90,CABINET OFFICE,GOVERNMENT PROPERTY AGENCY GPA,,
2019-01-02,198896.71,CABINET OFFICE,GOVERNMENT PROPERTY AGENCY GPA,,
2019-01-02,29600.00,CABINET OFFICE,RESPONSIBLE LEADERSHIP FOUNDATION LTD,,
2019-01-02,68057.48,CABINET OFFICE,MYCSP LTD,,
2019-01-02,327683.00,CABINET OFFICE,NTT DATA UK LTD,,
2019-01-02,30917.05,CABINET OFFICE,ROUTEMAP LTD,,
2019-01-02,49735.00,CABINET OFFICE,BILFINGER GVA,,
2019-01-02,50000.00,CABINET OFFICE,BILFINGER GVA,,
2019-01-02,49912.00,CABINET OFFICE,BILFINGER GVA,,
2019-01-30,26753.00,Government Property Agency,Broadlands District Council,,
2019-01-30,28134.00,Government Property Agency,Westminster City Council,,
2019-01-24,28427.00,Government Property Agency,Interserve (Facilities Management) Ltd,,
2019-01-24,28427.00,Government Property Agency,Interserve (Facilities Management) Ltd,,
2019-01-18,32608.00,Government Property Agency,Interserve (Facilities Management) Ltd,,
2019-01-24,32685.00,Government Property Agency,Ridge,,
2019-01-24,32685.00,Government Property Agency,Ridge,,
2019-01-10,34594.00,Government Property Agency,Interserve (Facilities Management) Ltd,,
2019-01-02,34641.00,Government Property Agency,HM Revenue & Customs,,
2019-01-24,34838.00,Government Property Agency,HM Revenue & Customs,,
2019-01-30,34948.00,Government Property Agency,Westminster City Council,,
2019-01-24,35138.00,Government Property Agency,WYG Management Services Limited,,
2019-01-24,35291.00,Government Property Agency,Castle Water,,
2019-01-17,35371.00,Government Property Agency,Arcadis (UK) Ltd,,
2019-01-02,35625.00,Government Property Agency,The Crown Estate Commissioners,,
2019-01-02,36944.00,Government Property Agency,The Crown Estate Commissioners,,
2019-01-30,38646.00,Government Property Agency,Westminster City Council,,
2019-01-10,39247.00,Government Property Agency,Interserve (Facilities Management) Ltd,,
2019-01-02,40903.00,Government Property Agency,The Crown Estate Commissioners,,
2019-01-30,41553.00,Government Property Agency,Westminster City Council,,
2019-01-10,42759.00,Government Property Agency,Interserve (Facilities Management) Ltd,,
2019-01-31,43099.00,Government Property Agency,Interserve (Facilities Management) Ltd,,
2019-01-10,50000.00,Government Property Agency,JLL,,
2019-01-24,50000.00,Government Property Agency,JLL,,
2019-01-31,52957.00,Government Property Agency,20 Cabot Square I Unit Trust,,
2019-01-30,53010.00,Government Property Agency,Westminster City Council,,
2019-01-17,54151.00,Government Property Agency,Arcadis (UK) Ltd,,
2019-01-02,55137.00,Government Property Agency,HM Revenue & Customs,,
2019-01-17,56313.00,Government Property Agency,Arcadis (UK) Ltd,,
2019-01-24,62739.00,Government Property Agency,Castle Water,,
2019-01-11,63500.00,Government Property Agency,Montagu Evans (ACC 2),,
2019-01-17,65505.00,Government Property Agency,Arcadis (UK) Ltd,,
2019-01-16,69950.00,Government Property Agency,Montagu Evans (ACC 2),,
2019-01-17,70450.00,Government Property Agency,Arcadis (UK) Ltd,,
2019-01-31,72759.00,Government Property Agency,Arcadis (UK) Ltd,,
2019-01-18,74705.00,Government Property Agency,Interserve (Facilities Management) Ltd,,
2019-01-24,86960.00,Government Property Agency,HM Revenue & Customs,,
2019-01-30,90505.00,Government Property Agency,Westminster City Council,,
2019-01-31,96622.00,Government Property Agency,20 Cabot Square I Unit Trust,,
2019-01-30,110200.00,Government Property Agency,Westminster City Council,,
2019-01-24,133193.00,Government Property Agency,HM Revenue & Customs,,
2019-01-30,144270.00,Government Property Agency,Westminster City Council,,
2019-01-30,159655.00,Government Property Agency,Westminster City Council,,
2019-01-30,189705.00,Government Property Agency,City of London,,
2019-01-24,189883.00,Government Property Agency,HM Revenue & Customs,,
2019-01-30,192551.00,Government Property Agency,London Borough of Tower Hamlets,,
2019-01-30,196685.00,Government Property Agency,London Borough of Tower Hamlets,,
2019-01-30,201369.00,Government Property Agency,Westminster City Council,,
2019-01-30,215476.00,Government Property Agency,Westminster City Council,,
2019-01-17,304310.00,Government Property Agency,Arcadis (UK) Ltd,,
2019-01-17,326672.00,Government Property Agency,Arcadis (UK) Ltd,,
2019-01-10,387638.00,Government Property Agency,Arcadis (UK) Ltd,,
2019-01-17,408381.00,Government Property Agency,Arcadis (UK) Ltd,,
2019-01-10,452567.00,Government Property Agency,Interserve (Facilities Management) Ltd,,
2019-01-02,550899.00,Government Property Agency,Interserve (Facilities Management) Ltd,,
2019-01-29,550899.00,Government Property Agency,Interserve (Facilities Management) Ltd,,
2019-01-30,611123.00,Government Property Agency,Westminster City Council,,
2019-01-11,1393793.00,Government Property Agency,Arcadis (UK) Ltd,,
2019-01-30,1668533.00,Government Property Agency,London Borough of Tower Hamlets,,
2019-01-31,3269289.00,Government Property Agency,HM Treasury,,
2019-01-23,55276.00,Government Property Agency,MONTAGU EVANS LLP,,
2019-01-21,44215.50,Crown Commercial Service,Dextrous Web Limited,,
2019-01-10,36625.00,Crown Commercial Service,Ebiquity,,
2019-01-10,163281.00,Crown Commercial Service,Keytree Limited,,
2019-01-10,25100.00,Crown Commercial Service,Xoomworks,,
2019-01-10,30722.00,Crown Commercial Service,Story,,
2019-01-24,31062.50,Crown Commercial Service,Dextrous Web Limited,,
2019-01-15,95401.30,Crown Commercial Service,Kainos Worksmart Ltd,,
2019-01-17,53753.04,Crown Commercial Service,Peopletoo Limited,,
2019-01-21,106512.29,Crown Commercial Service,ENGIE,,
2019-01-21,54673.01,Crown Commercial Service,ENGIE,,
2019-01-21,45002.05,Crown Commercial Service,ENGIE,,
2019-01-21,41650.00,Crown Commercial Service,BravoSolution UK Ltd - December,,
2019-01-21,41650.00,Crown Commercial Service,BravoSolution UK Ltd - January,,
2019-01-24,36625.00,Crown Commercial Service,Ebiquity,,
2019-01-25,59300.00,Crown Commercial Service,NQC Ltd,,
2019-01-25,40378.00,Crown Commercial Service,Mercato Solutions Lt - December,,
2019-01-25,40378.00,Crown Commercial Service,Mercato Solutions Lt - January,,
2019-01-28,60675.00,Crown Commercial Service,NQC Ltd,,
2019-01-31,26905.00,Crown Commercial Service,Story,,
2019-01-29,45750.00,Crown Commercial Service,GIAA,,
2019-01-30,29312.50,Crown Commercial Service,Dextrous Web Limited,,
2019-01-31,38387.50,Crown Commercial Service,NQC Ltd,,
