Payment Date,Amount,Organisational Unit,Beneficiary Name,Company Number,Charity Number
2019-01-02,567.44,People (Childrens) Service Group,Mighty Writer Ltd,,
2019-01-02,690,People (Childrens) Service Group,Axcis Education Recruitment,,
2019-01-02,702,People (Childrens) Service Group,Teaching Personnel Ltd,,
2019-01-02,778.8,People (Adults) - CHSC,David Phillips Group,,
2019-01-02,966,Place Directorate,Barton Grange Farm,,
2019-01-02,1020,People (Childrens) Service Group,Vision For Education,,
2019-01-02,1065.77,People (Childrens) Service Group,Together Trust,,
2019-01-02,1128,Place Directorate,Sunbright Blinds Ltd,,
2019-01-02,1140,People (Childrens) Service Group,Randstad Public Services Limited,,
2019-01-02,1373.88,Service Reform (Corp Bus & Transform),Redacted Data,,
2019-01-02,1386.95,Service Reform (Corp Bus & Transform),Royal Mail Group Ltd,,
2019-01-02,1980,Service Reform (Corp Bus & Transform),Salford Professional Development,,
2019-01-02,2916,People (Childrens) Service Group,River View Primary School,,
2019-01-02,4794,Capital expenditure,Bibliotheca Ltd,,
2019-01-02,4794,Capital expenditure,Bibliotheca Ltd,,
2019-01-02,4794,Capital expenditure,Bibliotheca Ltd,,
2019-01-02,4794,Capital expenditure,Bibliotheca Ltd,,
2019-01-02,4794,Capital expenditure,Bibliotheca Ltd,,
2019-01-02,5268,People (Childrens) Service Group,Cc Communications,,
2019-01-02,6250,People (Childrens) Service Group,River View Primary School,,
2019-01-02,17292.52,Service Reform (Corp Bus & Transform),The Copyright Licencing Agency Ltd,,
2019-01-02,26937.96,People (Adults) - CHSC,City West Housing Trust,,
2019-01-02,709830.87,Public Health,Gmw Mental Health Nhs Ft,,
2019-01-03,515.27,Service Reform (Corp Bus & Transform),Mast Lift Project Co (No2) Ltd,,
2019-01-03,532,People (Childrens) Service Group,Greater Manchester Travelcards Ltd,,
2019-01-03,532.8,Capital expenditure,Xma Ltd,,
2019-01-03,552,Place Directorate,Chrystal Consulting Ltd,,
2019-01-03,552.91,Service Reform (Corp Bus & Transform),Mast Lift Project Co (No2) Ltd,,
2019-01-03,561.6,People (Childrens) Service Group,Teaching Personnel Ltd,,
2019-01-03,570,People (Childrens) Service Group,Mds Mini Buses (Manchester) Ltd,,
2019-01-03,622.16,Service Reform (Corp Bus & Transform),Mast Lift Project Co (No2) Ltd,,
2019-01-03,630,People (Adults) - CHSC,Hawthorn Hotel,,
2019-01-03,690,People (Childrens) Service Group,Axcis Education Recruitment,,
2019-01-03,702,People (Childrens) Service Group,Teaching Personnel Ltd,,
2019-01-03,702,People (Childrens) Service Group,Teaching Personnel Ltd,,
2019-01-03,702,People (Childrens) Service Group,Teaching Personnel Ltd,,
2019-01-03,720,Place Directorate,Halton Container Services Ltd,,
2019-01-03,768,Capital expenditure,Helping Hands Minor Repairs Service,,
2019-01-03,852.47,People (Childrens) Service Group,Department For Education,,
2019-01-03,879.95,Capital expenditure,Redacted Data,,
2019-01-03,1005,People (Childrens) Service Group,Randstad Public Services Limited,,
2019-01-03,1104,People (Childrens) Service Group,Teaching Personnel Ltd,,
2019-01-03,1116.11,People (Childrens) Service Group,Department For Education,,
2019-01-03,1140,People (Childrens) Service Group,Randstad Public Services Limited,,
2019-01-03,1200,Capital expenditure,Kershaw Surveyors Ltd,,
2019-01-03,1242.75,People (Childrens) Service Group,Inspire Community Services,,
2019-01-03,1320,People (Adults) - CHSC,Hawthorn Hotel,,
2019-01-03,1360.8,People (Childrens) Service Group,Next Level Learning Ltd,,
2019-01-03,1530,People (Adults) - CHSC,Hawthorn Hotel,,
2019-01-03,1684.47,People (Childrens) Service Group,Together Trust,,
2019-01-03,1890,People (Adults) - CHSC,Hawthorn Hotel,,
2019-01-03,2048.94,People (Childrens) Service Group,Matthew Thomas Associates Ltd,,
2019-01-03,2200,People (Childrens) Service Group,Mds Mini Buses (Manchester) Ltd,,
2019-01-03,2502,Place Directorate,Chrystal Consulting Ltd,,
2019-01-03,2507.54,Capital expenditure,Reach Publishing Services Ltd,,
2019-01-03,2700,People (Adults) - CHSC,Hawthorn Hotel,,
2019-01-03,2756.2,People (Childrens) Service Group,Together Trust,,
2019-01-03,2790,People (Adults) - CHSC,Hawthorn Hotel,,
2019-01-03,3326.4,Capital expenditure,Stannah Stairlifts Ltd,,
2019-01-03,4281.4,People (Childrens) Service Group,Together Trust,,
2019-01-03,4826,People (Childrens) Service Group,Wargrave House Ltd,,
2019-01-03,5184,Capital expenditure,Helping Hands Minor Repairs Service,,
2019-01-03,7144.8,Capital expenditure,Stannah Stairlifts Ltd,,
2019-01-03,9206.4,Place Directorate,Halton Container Services Ltd,,
2019-01-03,10368,Capital expenditure,Helping Hands Minor Repairs Service,,
2019-01-03,13677,Place Directorate,Cromwood Housing Ltd,,
2019-01-03,18666,Place Directorate,Manchester City Mission,,
2019-01-03,70014,Place Directorate,Salford Community Leisure Ltd,,
2019-01-03,148470.36,Place Directorate,Salford Innovation Park,,
2019-01-03,1208445.6,Place Directorate,Salford Community Leisure Ltd,,
2019-01-04,516.6,People (Adults) - CHSC,G & A Taylors Hotels Ltd,,
2019-01-04,520.7,People (Childrens) Service Group,Carl Allen Furnishings,,
2019-01-04,594.91,Place Directorate,Yeshili Reflective Materials Ltd,,
2019-01-04,609,People (Adults) - CHSC,G & A Taylors Hotels Ltd,,
2019-01-04,619.72,People (Adults) - CHSC,David Phillips Group,,
2019-01-04,665.99,People (Adults) - CHSC,Appliance World,,
2019-01-04,760.79,Service Reform (Corp Bus & Transform),Premier Paper Gp,,
2019-01-04,807,Service Reform (Corp Bus & Transform),Citizens Advice Bureau,,
2019-01-04,893.76,People (Childrens) Service Group,Anita Anumudu Play Therapy,,
2019-01-04,903.7,Place Directorate,Swift (Nw) Ltd T/A Swift Loos,,
2019-01-04,1009.35,Place Directorate,Brake Bros Ltd,,
2019-01-04,1050,People (Childrens) Service Group,St Helens Mbc,,
2019-01-04,1116,People (Childrens) Service Group,Bridge Education & Training Ltd,,
2019-01-04,1248,People (Childrens) Service Group,Teaching Personnel Ltd,,
2019-01-04,1310,Place Directorate,Iconic Sounds,,
2019-01-04,1387.8,Place Directorate,Unique Specialist Services,,
2019-01-04,1808.7,Place Directorate,Unique Specialist Services,,
2019-01-04,2318.4,Place Directorate,Security Plus Ltd,,
2019-01-04,6774,Service Reform (Corp Bus & Transform),Accident Injury Solicitors,,
2019-01-04,12000,People (Childrens) Service Group,Jdp Educational Consultant Ltd,,
2019-01-04,27400,Capital expenditure,The Lowry Centre Trust,,
2019-01-04,33100,Place Directorate,The Lowry Centre Trust,,
2019-01-04,49577.7,People (Childrens) Service Group,Greater Manchester Combined,,
2019-01-04,75000,Public Health,Unique Improvements Ltd,,
2019-01-04,79364.06,Capital expenditure,Laing O'Rourke Construction North,,
2019-01-05,514.8,Service Reform (Corp Bus & Transform),Ingram Image Limit,,
2019-01-07,3612,Capital expenditure,Alan Franklin Builders Ltd,,
2019-01-07,1436.09,Place Directorate,Zurich Assurance Ltd,,
2019-01-07,504,People (Childrens) Service Group,Schofield & Sons,,
2019-01-07,510,People (Childrens) Service Group,The Training Company,,
2019-01-07,510.48,Place Directorate,Till & Whitehead Ltd,,
2019-01-07,510.48,Place Directorate,Till & Whitehead Ltd,,
2019-01-07,513.7,People (Childrens) Service Group,Safehands Property Services,,
2019-01-07,516.49,Place Directorate,Brake Bros Ltd,,
2019-01-07,516.6,People (Adults) - CHSC,G & A Taylors Hotels Ltd,,
2019-01-07,526.71,Public Health,East Cheshire Nhs Trust,,
2019-01-07,540.53,People (Adults) - CHSC,David Phillips Group,,
2019-01-07,574.01,Place Directorate,Alliance Disposables Ltd,,
2019-01-07,597.59,Place Directorate,Northgate Vehicle Hire (Nw) Ltd,,
2019-01-07,600,People (Childrens) Service Group,Cpoms Systems Ltd,,
2019-01-07,603.84,Place Directorate,F. R. Sharrock Limited,,
2019-01-07,604.5,Place Directorate,Scarab Sweepers Ltd,,
2019-01-07,609,People (Adults) - CHSC,G & A Taylors Hotels Ltd,,
2019-01-07,661.2,People (Adults) - CHSC,David Phillips Group,,
2019-01-07,667.8,Capital expenditure,Transport For Greater Manchester,,
2019-01-07,677.36,Place Directorate,Scarab Sweepers Ltd,,
2019-01-07,705,People (Adults) - CHSC,Barton Cleaning Services Ltd,,
2019-01-07,722.4,Capital expenditure,Alan Franklin Builders Ltd,,
2019-01-07,765.6,Place Directorate,Lloyds Tsb Commercial Finance,,
2019-01-07,790,People (Adults) - CHSC,Barton Cleaning Services Ltd,,
2019-01-07,801.34,Place Directorate,Ciceley Limited,,
2019-01-07,884.14,Capital expenditure,Redacted Data,,
2019-01-07,900,People (Childrens) Service Group,Redacted Data,,
2019-01-07,950.4,Place Directorate,Schofield & Sons,,
2019-01-07,998.66,Place Directorate,C P Davidson & Sons Ltd,,
2019-01-07,1000,Capital expenditure,Worsley Gin Ltd,,
2019-01-07,1057.6,People (Childrens) Service Group,Christian Education - Re Today Serv,,
2019-01-07,1113.6,People (Adults) - CHSC,David Phillips Group,,
2019-01-07,1115.81,Place Directorate,Scarab Sweepers Ltd,,
2019-01-07,1138.8,Place Directorate,J Fletcher Engineers Ltd,,
2019-01-07,1156.8,People (Childrens) Service Group,J Fletcher Engineers Ltd,,
2019-01-07,1164,Capital expenditure,Baker Consultants,,
2019-01-07,1230,People (Childrens) Service Group,University Of Salford Busy Bees,,
2019-01-07,1296,Place Directorate,Yeshili Reflective Materials Ltd,,
2019-01-07,1432,People (Childrens) Service Group,Swinton Travel Ltd,,
2019-01-07,1500,People (Childrens) Service Group,Old Trafford Community Academy,,
2019-01-07,1671.11,Place Directorate,Dennis Eagle Limited,,
2019-01-07,1696.2,Place Directorate,Unique Specialist Services,,
2019-01-07,1748.4,Capital expenditure,Complete Care Network Ltd,,
2019-01-07,1940.38,People (Adults) - CHSC,David Phillips Group,,
2019-01-07,1980,Place Directorate,Rigby Taylor Ltd,,
2019-01-07,2036.84,Place Directorate,Defensive Driver Training Ltd,,
2019-01-07,2200,People (Childrens) Service Group,T/A D & H Enterprises,,
2019-01-07,2220,Place Directorate,Millhouse Training Ltd,,
2019-01-07,2265,People (Adults) - CHSC,Barton Cleaning Services Ltd,,
2019-01-07,2269.25,People (Adults) - CHSC,David Phillips Group,,
2019-01-07,2327.32,Place Directorate,Ciceley Limited,,
2019-01-07,2400,Place Directorate,Transport For Greater Manchester,,
2019-01-07,2838,Capital expenditure,Stannah Stairlifts Ltd,,
2019-01-07,2960.4,Capital expenditure,Forge Leisure Ltd,,
2019-01-07,3218.88,Service Reform (Corp Bus & Transform),Accident Injury Solicitors,,
2019-01-07,3546,Capital expenditure,Stannah Stairlifts Ltd,,
2019-01-07,3564,Capital expenditure,Alan Franklin Builders Ltd,,
2019-01-07,3999.76,Place Directorate,Scarab Sweepers Ltd,,
2019-01-07,4224,Place Directorate,C P Davidson & Sons Ltd,,
2019-01-07,4234.8,Capital expenditure,Stannah Stairlifts Ltd,,
2019-01-07,4500,People (Childrens) Service Group,Redacted Data,,
2019-01-07,5017.18,Capital expenditure,Hec Contracting Limited,,
2019-01-07,5104,Service Reform (Corp Bus & Transform),Disclosure & Barring Service,,
2019-01-07,5167,Capital expenditure,Handicare,,
2019-01-07,5664,Capital expenditure,Survey Systems Ltd,,
2019-01-07,6911.59,Capital expenditure,Schofield & Sons Ltd,,
2019-01-07,7629.43,Service Reform (Corp Bus & Transform),Virgin Media Business,,
2019-01-07,8917.21,Place Directorate,Zurich Assurance Ltd,,
2019-01-07,11879.18,Service Reform (Corp Bus & Transform),Bibby Factors Northwest Ltd,,
2019-01-07,13465.64,Capital expenditure,Landscape Engineering Ltd,,
2019-01-07,14548.32,Place Directorate,Greater Manchester Combined,,
2019-01-07,17862.3,Capital expenditure,Seddon Construction Limited,,
2019-01-07,27329.5,People (Childrens) Service Group,Places For People Living+ Ltd,,
2019-01-07,30280.84,Capital expenditure,Schofield & Sons Ltd,,
2019-01-07,36681.84,Capital expenditure,G Jones Builders Ltd,,
2019-01-07,38566,People (Childrens) Service Group,Salford Royal Nhs Foundation Trust,,
2019-01-08,510,People (Childrens) Service Group,The Training Company,,
2019-01-08,515.52,People (Adults) - CHSC,David Phillips Group,,
2019-01-08,555.74,People (Adults) - CHSC,David Phillips Group,,
2019-01-08,575.37,Place Directorate,Brake Bros Ltd,,
2019-01-08,609.6,People (Childrens) Service Group,Dove Adolescent Services Ltd,,
2019-01-08,616,People (Childrens) Service Group,Carrington Riding Centre,,
2019-01-08,658.92,People (Childrens) Service Group,Tradewind Recruitment Ltd,,
2019-01-08,704.41,People (Adults) - CHSC,David Phillips Group,,
2019-01-08,717.12,People (Adults) - CHSC,David Phillips Group,,
2019-01-08,781.73,People (Adults) - CHSC,David Phillips Group,,
2019-01-08,853.45,People (Adults) - CHSC,David Phillips Group,,
2019-01-08,856.15,Place Directorate,Brake Bros Ltd,,
2019-01-08,885.6,People (Adults) - CHSC,David Phillips Group,,
2019-01-08,1008.71,People (Adults) - CHSC,David Phillips Group,,
2019-01-08,1190.16,People (Adults) - CHSC,David Phillips Group,,
2019-01-08,1199.98,Capital expenditure,Aa Projects,,
2019-01-08,1304.36,People (Adults) - CHSC,David Phillips Group,,
2019-01-08,1337.46,People (Adults) - CHSC,David Phillips Group,,
2019-01-08,1530,People (Childrens) Service Group,Ab Print Group Ltd,,
2019-01-08,1600,People (Childrens) Service Group,Student Life,,
2019-01-08,1762.56,People (Adults) - CHSC,David Phillips Group,,
2019-01-08,1800,Capital expenditure,Schofield & Sons,,
2019-01-08,2919.76,Capital expenditure,Aa Projects,,
2019-01-08,4053.4,Capital expenditure,Stannah Stairlifts Ltd,,
2019-01-08,5778,Capital expenditure,One51 Es Plastics (Uk) Ltd,,
2019-01-08,8947.5,Service Reform (Corp Bus & Transform),Voicebox Inc Ltd,,
2019-01-08,11556,Capital expenditure,One51 Es Plastics (Uk) Ltd,,
2019-01-08,27658.21,Place Directorate,Zurich Assurance Ltd,,
2019-01-08,145833.33,Public Health,Royal Bolton Hospital Nhs,,
2019-01-08,1337410.7,Place Directorate,Pendleton Together Operating Ltd,,
2019-01-09,2488.55,People (Childrens) Service Group,Southern Electric,,
2019-01-09,513.34,Place Directorate,Brake Bros Ltd,,
2019-01-09,515.13,Place Directorate,Brake Bros Ltd,,
2019-01-09,518.88,People (Adults) - CHSC,David Phillips Group,,
2019-01-09,528.89,Service Reform (Corp Bus & Transform),Whistl Uk Ltd,,
2019-01-09,540,People (Childrens) Service Group,Salford City Red Devils Foundation,,
2019-01-09,571,Public Health,Virgin Care Services,,
2019-01-09,593.17,Place Directorate,Brake Bros Ltd,,
2019-01-09,599.61,Place Directorate,Brake Bros Ltd,,
2019-01-09,600,Place Directorate,Eft Systems Ltd,,
2019-01-09,760.14,Service Reform (Corp Bus & Transform),Www.Impressionltd.Co.U,,
2019-01-09,800,People (Childrens) Service Group,Bizziekids,,
2019-01-09,824.4,Place Directorate,Harfield Components Ltd,,
2019-01-09,850,People (Adults) - CHSC,Trivelles Cross La,,
2019-01-09,898.47,Place Directorate,Cleggs Chilled Food Service,,
2019-01-09,899.56,Service Reform (Corp Bus & Transform),Central Power Services Ltd,,
2019-01-09,905,People (Adults) - CHSC,Barton Cleaning Services Ltd,,
2019-01-09,912,People (Childrens) Service Group,Randstad Public Services Limited,,
2019-01-09,1005,People (Childrens) Service Group,Randstad Public Services Limited,,
2019-01-09,1041.18,Place Directorate,Alliance Disposables Ltd,,
2019-01-09,1062.19,Service Reform (Corp Bus & Transform),North West Local Authorities,,
2019-01-09,1083,People (Childrens) Service Group,Crossroads Together Ltd,,
2019-01-09,1150,People (Childrens) Service Group,Bizziekids,,
2019-01-09,1260,People (Childrens) Service Group,National Day Nurseries Association,,
2019-01-09,1322.2,People (Childrens) Service Group,Redacted Data,,
2019-01-09,1322.2,People (Childrens) Service Group,Redacted Data,,
2019-01-09,1322.2,People (Childrens) Service Group,Redacted Data,,
2019-01-09,1322.2,People (Childrens) Service Group,Redacted Data,,
2019-01-09,1322.2,People (Childrens) Service Group,Redacted Data,,
2019-01-09,1322.2,People (Childrens) Service Group,Redacted Data,,
2019-01-09,1322.2,People (Childrens) Service Group,Redacted Data,,
2019-01-09,1322.2,People (Childrens) Service Group,Karenza Cutting,,
2019-01-09,1322.2,People (Childrens) Service Group,Redacted Data,,
2019-01-09,1322.2,People (Childrens) Service Group,Redacted Data,,
2019-01-09,1322.2,People (Childrens) Service Group,Kimberley Mclaighlin-Knowles,,
2019-01-09,1322.2,People (Childrens) Service Group,Redacted Data,,
2019-01-09,1322.2,People (Childrens) Service Group,Redacted Data,,
2019-01-09,1322.2,People (Childrens) Service Group,Redacted Data,,
2019-01-09,1322.2,People (Childrens) Service Group,Redacted Data,,
2019-01-09,1322.2,People (Childrens) Service Group,Redacted Data,,
2019-01-09,1322.2,People (Childrens) Service Group,Philip Benjamin Wood,,
2019-01-09,1322.2,People (Childrens) Service Group,Redacted Data,,
2019-01-09,1322.2,People (Childrens) Service Group,Redacted Data,,
2019-01-09,1322.2,People (Childrens) Service Group,Redacted Data,,
2019-01-09,1322.2,People (Childrens) Service Group,Redacted Data,,
2019-01-09,1322.2,People (Childrens) Service Group,Stephanie Elizabeth Humphries,,
2019-01-09,1322.2,People (Childrens) Service Group,Redacted Data,,
2019-01-09,1340.4,People (Adults) - CHSC,David Phillips Group,,
2019-01-09,1546.69,People (Adults) - CHSC,David Phillips Group,,
2019-01-09,1563.67,Service Reform (Corp Bus & Transform),Orange (A/pm/01),,
2019-01-09,1830,People (Childrens) Service Group,Redacted Data,,
2019-01-09,1913.66,People (Childrens) Service Group,Southern Electric,,
2019-01-09,2040,Service Reform (Corp Bus & Transform),"C. Masters Decorators Ltd.,",,
2019-01-09,2488,Place Directorate,The Court Service,,
2019-01-09,2488.55,People (Childrens) Service Group,Southern Electric,,
2019-01-09,3064.43,Service Reform (Corp Bus & Transform),Softcat Limited,,
2019-01-09,3300,People (Childrens) Service Group,Hawthorn Hotel,,
2019-01-09,4576,People (Childrens) Service Group,G Kern,,
2019-01-09,5694.59,Service Reform (Corp Bus & Transform),Whistl Uk Ltd,,
2019-01-09,6000,Service Reform (Corp Bus & Transform),Experian Ltd,,
2019-01-09,6000,Service Reform (Corp Bus & Transform),Experian Ltd,,
2019-01-09,8091.71,Service Reform (Corp Bus & Transform),Softcat Limited,,
2019-01-09,8551,People (Childrens) Service Group,Salford City College,,
2019-01-09,15871.3,People (Childrens) Service Group,St Patricks Rc High School,,
2019-01-09,16766.81,Service Reform (Corp Bus & Transform),Softcat Limited,,
2019-01-09,29707.92,Service Reform (Corp Bus & Transform),Experian Ltd,,
2019-01-09,56907.73,Capital expenditure,Helping Hands Minor Repairs Service,,
2019-01-09,184520.54,Place Directorate,Legal And General Pensions,,
2019-01-10,516.36,Place Directorate,Brake Bros Ltd,,
2019-01-10,528,Place Directorate,Arrow Engineering Components,,
2019-01-10,570,People (Adults) - CHSC,Paypoint Plc,,
2019-01-10,570,People (Adults) - CHSC,Paypoint Plc,,
2019-01-10,589.27,People (Childrens) Service Group,Redacted Data,,
2019-01-10,590.21,Place Directorate,Carlton Fuels,,
2019-01-10,612.6,Place Directorate,Lodge Tyre Co.Ltd,,
2019-01-10,640.83,Place Directorate,Creamline Dairies Traffor,,
2019-01-10,710,People (Childrens) Service Group,Mds Mini Buses (Manchester) Ltd,,
2019-01-10,720,People (Childrens) Service Group,Liddle Private Hire,,
2019-01-10,750,Place Directorate,Idox Software Ltd,,
2019-01-10,750,People (Childrens) Service Group,Liddle Private Hire,,
2019-01-10,759.98,People (Childrens) Service Group,Graham Wakefield,,
2019-01-10,768,Capital expenditure,Lamas Thermaclad Ltd,,
2019-01-10,784,People (Childrens) Service Group,Liddle Private Hire,,
2019-01-10,812,People (Childrens) Service Group,Phillip Isherwood,,
2019-01-10,840,Capital expenditure,Malcolm Hughes Land Surveyors,,
2019-01-10,912,Place Directorate,Scarab Sweepers Ltd,,
2019-01-10,912,Place Directorate,Scarab Sweepers Ltd,,
2019-01-10,957.55,Place Directorate,Birtwistle Butcher,,
2019-01-10,1017.6,Place Directorate,Rigby Taylor Ltd,,
2019-01-10,1050,People (Childrens) Service Group,Liddle Private Hire,,
2019-01-10,1050,People (Childrens) Service Group,Wp Taxis,,
2019-01-10,1057.8,Place Directorate,S & S Marquees Ltd,,
2019-01-10,1078.02,People (Childrens) Service Group,Saltax Ltd,,
2019-01-10,1079.82,People (Childrens) Service Group,Fab Travel Ltd,,
2019-01-10,1120,People (Childrens) Service Group,Mikes Merc,,
2019-01-10,1152,People (Childrens) Service Group,Mike Davies Transport Ltd,,
2019-01-10,1168,People (Childrens) Service Group,Yesoiday Hatorah School,,
2019-01-10,1170,People (Childrens) Service Group,Liddle Private Hire,,
2019-01-10,1185,People (Childrens) Service Group,Liddle Private Hire,,
2019-01-10,1200,People (Childrens) Service Group,Liddle Private Hire,,
2019-01-10,1200,People (Childrens) Service Group,Liddle Private Hire,,
2019-01-10,1240.65,People (Childrens) Service Group,Liddle Private Hire,,
2019-01-10,1250,Capital expenditure,Redacted Data,,
2019-01-10,1258.6,People (Childrens) Service Group,Fab Travel Ltd,,
2019-01-10,1310.39,Capital expenditure,Horticon Ltd,,
2019-01-10,1310.4,People (Childrens) Service Group,Saltax Ltd,,
2019-01-10,1344,People (Childrens) Service Group,Liddle Private Hire,,
2019-01-10,1353.6,People (Childrens) Service Group,Saltax Ltd,,
2019-01-10,1364.4,People (Childrens) Service Group,Fab Travel Ltd,,
2019-01-10,1364.4,People (Childrens) Service Group,Fab Travel Ltd,,
2019-01-10,1401.84,People (Childrens) Service Group,Fab Travel Ltd,,
2019-01-10,1404,People (Childrens) Service Group,Fab Travel Ltd,,
2019-01-10,1431.93,Place Directorate,Quayside Bakery,,
2019-01-10,1458.66,People (Childrens) Service Group,Fab Travel Ltd,,
2019-01-10,1497.86,People (Childrens) Service Group,Fab Travel Ltd,,
2019-01-10,1500,People (Childrens) Service Group,Saeed A Vakharia T/A Imperial Trave,,
2019-01-10,1589.76,People (Childrens) Service Group,Fab Travel Ltd,,
2019-01-10,1667.62,Place Directorate,Cheshire Food Services,,
2019-01-10,1686,People (Childrens) Service Group,The Fostering Network (Nfca),,
2019-01-10,1800,People (Childrens) Service Group,Liddle Private Hire,,
2019-01-10,2024.21,Place Directorate,Triscan Systems Limited,,
2019-01-10,2095,People (Adults) - CHSC,Paypoint Plc,,
2019-01-10,2200,People (Childrens) Service Group,Mds Mini Buses (Manchester) Ltd,,
2019-01-10,2761,People (Childrens) Service Group,Child Action Northwest,,
2019-01-10,2780.74,People (Childrens) Service Group,Saltax Ltd,,
2019-01-10,2852.82,People (Childrens) Service Group,Saltax Ltd,,
2019-01-10,2984.65,Service Reform (Corp Bus & Transform),Virgin Media Business,,
2019-01-10,3239.16,People (Childrens) Service Group,Saltax Ltd,,
2019-01-10,3372.88,People (Childrens) Service Group,Redacted Data,,
2019-01-10,3427.2,People (Childrens) Service Group,Saltax Ltd,,
2019-01-10,3933.33,People (Childrens) Service Group,Tashbar Of Manchester,,
2019-01-10,4245.53,Place Directorate,Cornthwaite Agricultural Ltd,,
2019-01-10,4570.16,People (Childrens) Service Group,Redacted Data,,
2019-01-10,4860.84,People (Childrens) Service Group,Saltax Ltd,,
2019-01-10,5366.66,People (Childrens) Service Group,Tashbar Of Manchester,,
2019-01-10,5708.33,People (Childrens) Service Group,Saltax Ltd,,
2019-01-10,6128.57,People (Childrens) Service Group,Partners In Care Ltd,,
2019-01-10,6157.2,People (Childrens) Service Group,Marmion (Taxis),,
2019-01-10,6433.44,People (Adults) - CHSC,Together Housing Association Ltd,,
2019-01-10,6480.13,Place Directorate,Tameside Mbc,,
2019-01-10,6950,People (Childrens) Service Group,Abraham Moss Community School,,
2019-01-10,9897,People (Childrens) Service Group,Lindley Travel,,
2019-01-10,10924.03,Place Directorate,Wilds Of Oldham,,
2019-01-10,12012,Service Reform (Corp Bus & Transform),Modern Mindset Ltd,,
2019-01-10,12240,People (Childrens) Service Group,Raise The Youth Foundation Cic Ltd,,
2019-01-10,17943.78,People (Childrens) Service Group,Executive Travel,,
2019-01-10,27406.67,People (Childrens) Service Group,Bolton College,,
2019-01-11,509.4,People (Childrens) Service Group,Salford Supply Desk Ltd,,
2019-01-11,518.38,People (Adults) - CHSC,David Phillips Group,,
2019-01-11,519.91,People (Adults) - CHSC,Saxon Properties,,
2019-01-11,533.18,People (Childrens) Service Group,Papillon Translations Ltd,,
2019-01-11,534.67,Place Directorate,North West Timber Treatments,,
2019-01-11,546,People (Childrens) Service Group,Fab Travel Ltd,,
2019-01-11,546,Capital expenditure,G Jones Builders Ltd,,
2019-01-11,550,People (Childrens) Service Group,Altrincham Grammer School For Girls,,
2019-01-11,561.6,Place Directorate,Schofield & Sons,,
2019-01-11,569.21,Place Directorate,Lightoaks Garage,,
2019-01-11,574.68,Place Directorate,Firemark Limited,,
2019-01-11,575.92,Place Directorate,Lightoaks Garage,,
2019-01-11,617.62,Place Directorate,Brake Bros Ltd,,
2019-01-11,623.1,Place Directorate,Openview Security Solutions Ltd,,
2019-01-11,626.44,People (Adults) - CHSC,David Phillips Group,,
2019-01-11,639.03,Place Directorate,Nisbets,,
2019-01-11,660,People (Adults) - CHSC,T/A Aztec Freight & Removals,,
2019-01-11,660,People (Childrens) Service Group,Carl Allen Furnishings,,
2019-01-11,684.64,Place Directorate,Exclusec Security Solutions Ltd,,
2019-01-11,690,Place Directorate,Burgess Security Systems Ltd,,
2019-01-11,720,People (Childrens) Service Group,Inventry Limited,,
2019-01-11,720.42,Place Directorate,Brake Bros Ltd,,
2019-01-11,738,People (Childrens) Service Group,Protocol Education,,
2019-01-11,748.8,Capital expenditure,Schofield & Sons,,
2019-01-11,770,People (Childrens) Service Group,Icon Embroidery,,
2019-01-11,774,People (Childrens) Service Group,Wild In Art Ltd,,
2019-01-11,776.4,Service Reform (Corp Bus & Transform),Opal Envelopes,,
2019-01-11,838.32,People (Adults) - CHSC,David Phillips Group,,
2019-01-11,870,People (Childrens) Service Group,Carl Allen Furnishings,,
2019-01-11,870,People (Childrens) Service Group,Carl Allen Furnishings,,
2019-01-11,900,Place Directorate,Hodgkinson Bennis Limited,,
2019-01-11,914.63,Service Reform (Corp Bus & Transform),Orange (A/pm/01),,
2019-01-11,915.23,People (Adults) - CHSC,David Phillips Group,,
2019-01-11,943.2,People (Childrens) Service Group,Ijm Electrical Contractors Ltd,,
2019-01-11,955.2,People (Childrens) Service Group,Ability Smart Ltd,,
2019-01-11,1000,People (Childrens) Service Group,Carl Allen Furnishings,,
2019-01-11,1020,Service Reform (Corp Bus & Transform),North West Local Authorities,,
2019-01-11,1020,Place Directorate,Schofield & Sons,,
2019-01-11,1032,Place Directorate,Ijm Electrical Contractors Ltd,,
2019-01-11,1045.5,People (Adults) - CHSC,David Phillips Group,,
2019-01-11,1106.4,Capital expenditure,Cheshire Woodlands Limited,,
2019-01-11,1106.51,Place Directorate,Lightoaks Garage,,
2019-01-11,1194.37,People (Adults) - CHSC,David Phillips Group,,
2019-01-11,1230,People (Childrens) Service Group,Protocol Education,,
2019-01-11,1230,People (Childrens) Service Group,Protocol Education,,
2019-01-11,1248.88,People (Adults) - CHSC,David Phillips Group,,
2019-01-11,1264.13,People (Adults) - CHSC,David Phillips Group,,
2019-01-11,1271.33,People (Adults) - CHSC,David Phillips Group,,
2019-01-11,1279.8,People (Childrens) Service Group,Swift Personalised Products Ltd,,
2019-01-11,1399.2,Place Directorate,Ijm Electrical Contractors Ltd,,
2019-01-11,1408.45,People (Childrens) Service Group,Inspire Community Services,,
2019-01-11,1422.53,People (Adults) - CHSC,David Phillips Group,,
2019-01-11,1575,People (Childrens) Service Group,T/A Kedleston Schools (London) Ltd,,
2019-01-11,1650,Service Reform (Corp Bus & Transform),North West Local Authorities,,
2019-01-11,1805.77,Service Reform (Corp Bus & Transform),Orange (A/pm/01),,
2019-01-11,1819.44,Place Directorate,Berendsen Uk Ltd,,
2019-01-11,1911.69,Public Health,Tesco Stores Ltd T/A Tesco Pharmacy,,
2019-01-11,1916.39,Place Directorate,Lightoaks Garage,,
2019-01-11,1944,People (Childrens) Service Group,The School Of Military Ltd,,
2019-01-11,1980,People (Childrens) Service Group,Good Sense (Conflict Resolution)Tra,,
2019-01-11,2141.11,People (Adults) - CHSC,David Phillips Group,,
2019-01-11,2160,Capital expenditure,G Jones Builders Ltd,,
2019-01-11,2172,Service Reform (Corp Bus & Transform),Manchester City Council,,
2019-01-11,2280.77,Service Reform (Corp Bus & Transform),Orange (A/pm/01),,
2019-01-11,2285.14,People (Childrens) Service Group,Great Places Housing Association,,
2019-01-11,2523.35,Service Reform (Corp Bus & Transform),Equita Limited,,
2019-01-11,2596,People (Childrens) Service Group,M Shamim,,
2019-01-11,2878.2,Service Reform (Corp Bus & Transform),Manchester City Council,,
2019-01-11,2929.15,Service Reform (Corp Bus & Transform),Orange (A/pm/01),,
2019-01-11,3030.74,People (Childrens) Service Group,Mike Davies Transport Ltd,,
2019-01-11,3117.31,Capital expenditure,Manchester City Council,,
2019-01-11,3801.98,Service Reform (Corp Bus & Transform),Orange (A/pm/01),,
2019-01-11,3902.4,Place Directorate,Ijm Electrical Contractors Ltd,,
2019-01-11,3928.56,People (Childrens) Service Group,T/A The Marlowe School,,
2019-01-11,4286.59,Service Reform (Corp Bus & Transform),Www.Restore.Co.Uk,,
2019-01-11,4760,People (Childrens) Service Group,Sms Coaching Ltd,,
2019-01-11,4950,Capital expenditure,S.I. Sealy,,
2019-01-11,5000,Capital expenditure,Dlp Services Northern Ltd,,
2019-01-11,5108.74,Service Reform (Corp Bus & Transform),Orange (A/pm/01),,
2019-01-11,5150,Capital expenditure,Dolphin Mobility Ltd,,
2019-01-11,5299.2,Place Directorate,Academy 21 Ltd,,
2019-01-11,5300,Capital expenditure,Handicare,,
2019-01-11,5355,People (Childrens) Service Group,Sms Coaching Ltd,,
2019-01-11,5441.53,Capital expenditure,C Owens Builders/Contractors,,
2019-01-11,5768.07,Capital expenditure,Dlp Services Northern Ltd,,
2019-01-11,6600,Capital expenditure,G Jones Builders Ltd,,
2019-01-11,6700,Capital expenditure,The Lancashire Wildlife Trust,,
2019-01-11,6874.23,Capital expenditure,David Marlow Building Contractor Lt,,
2019-01-11,7066.12,Capital expenditure,C Owens Builders/Contractors,,
2019-01-11,7339.96,Capital expenditure,C Smithies Builders,,
2019-01-11,7500,Capital expenditure,Dlp Services Northern Ltd,,
2019-01-11,9300,People (Childrens) Service Group,North Yorkshire County Council,,
2019-01-11,9939.27,Service Reform (Corp Bus & Transform),Orange (A/pm/01),,
2019-01-11,10330,Capital expenditure,Pollock Lifts,,
2019-01-11,10422,Capital expenditure,Lar Ltd,,
2019-01-11,11088,Place Directorate,Moss Bank Nurseries,,
2019-01-11,11477,People (Childrens) Service Group,Birtenshaw Hall,,
2019-01-11,11880.1,Capital expenditure,C Owens Builders/Contractors,,
2019-01-11,12407.88,Capital expenditure,C Owens Builders/Contractors,,
2019-01-11,12420,People (Childrens) Service Group,University Of Salford,,
2019-01-11,14400,People (Childrens) Service Group,Carole Brooks Associates Limited,,
2019-01-11,16374.33,People (Childrens) Service Group,The Aurora Group,,
2019-01-11,17322,Capital expenditure,Fitness Warehouse Ltd,,
2019-01-11,19896.76,People (Childrens) Service Group,Great Places Housing Association,,
2019-01-11,23800,People (Childrens) Service Group,Hexagon Care Services Ltd,,
2019-01-11,34632.11,Service Reform (Corp Bus & Transform),Reed Specialist Recruitment Ltd,,
2019-01-11,48768.84,Service Reform (Corp Bus & Transform),Reed Specialist Recruitment Ltd,,
2019-01-11,61918.24,People (Childrens) Service Group,Egerton High School,,
2019-01-11,64356,Capital expenditure,Fitness Warehouse Ltd,,
2019-01-11,78121.18,Service Reform (Corp Bus & Transform),Reed Specialist Recruitment Ltd,,
2019-01-11,91120.57,Service Reform (Corp Bus & Transform),Manchester City Council,,
2019-01-11,836175,People (Childrens) Service Group,Stockport M.B.C.,,
2019-01-14,513.48,People (Childrens) Service Group,Trainline,,
2019-01-14,520,Place Directorate,Redacted Data,,
2019-01-14,525.44,Place Directorate,Brake Bros Ltd,,
2019-01-14,605.27,Place Directorate,Brake Bros Ltd,,
2019-01-14,627,Service Reform (Corp Bus & Transform),Forbes Solicitors,,
2019-01-14,660,People (Childrens) Service Group,Redacted Data,,
2019-01-14,675.5,Place Directorate,Grosvenor Road Primary School,,
2019-01-14,700,People (Childrens) Service Group,Wp Taxis,,
2019-01-14,811.98,People (Adults) - CHSC,David Phillips Group,,
2019-01-14,820,Place Directorate,Redacted Data,,
2019-01-14,840,Capital expenditure,Bloom Procurement Services Ltd,,
2019-01-14,895.32,Place Directorate,Barnborough Ltd,,
2019-01-14,944.9,Place Directorate,C P Davidson & Sons Ltd,,
2019-01-14,945,Capital expenditure,Bloom Procurement Services Ltd,,
2019-01-14,1022.4,People (Adults) - CHSC,David Phillips Group,,
2019-01-14,1039.82,People (Childrens) Service Group,Salix Homes Limited,,
2019-01-14,1115.64,Place Directorate,Ags Tech Ltd,,
2019-01-14,1693.04,Place Directorate,Orsted Sales Uk Ltd,,
2019-01-14,1701,Place Directorate,Amenity Horticultural Services Ltd,,
2019-01-14,1800,People (Childrens) Service Group,Brighter Futures,,
2019-01-14,1913.69,People (Childrens) Service Group,S & W Tlp (Project Co One) Ltd,,
2019-01-14,2122.82,Place Directorate,C P Davidson & Sons Ltd,,
2019-01-14,3420,Place Directorate,Whitespace Work Software Ltd,,
2019-01-14,6000,Capital expenditure,Bloom Procurement Services Ltd,,
2019-01-14,8332.24,People (Childrens) Service Group,Abc Coach Hire Ltd,,
2019-01-14,8825.56,Place Directorate,Orsted Sales Uk Ltd,,
2019-01-14,8948.12,Capital expenditure,H Jenkinson & Company Ltd,,
2019-01-14,9780,Capital expenditure,Bloom Procurement Services Ltd,,
2019-01-14,12000,Capital expenditure,Lubbe & Sons (Bulbs) Ltd,,
2019-01-14,16429.26,People (Childrens) Service Group,Thomasson Memorial School,,
2019-01-14,16837.92,People (Childrens) Service Group,H59 Transport Limited,,
2019-01-14,27310.82,Capital expenditure,City Of Salford Lledr Hall Oec,,
2019-01-14,37877.7,People (Childrens) Service Group,Adullam Homes Housing Assoc Ltd,,
2019-01-14,37877.7,People (Childrens) Service Group,Adullam Homes Housing Assoc Ltd,,
2019-01-14,37877.7,People (Childrens) Service Group,Adullam Homes Housing Assoc Ltd,,
2019-01-14,88752,Capital expenditure,Bloom Procurement Services Ltd,,
2019-01-14,124080,People (Childrens) Service Group,Humankind Charity,,
2019-01-14,162422.67,Place Directorate,Orsted Sales Uk Ltd,,
2019-01-14,276007.49,People (Childrens) Service Group,Eccles Special High Schools Co Ltd,,
2019-01-14,853026.98,People (Childrens) Service Group,S & W Tlp (Project Co One) Ltd,,
2019-01-14,968202.26,People (Childrens) Service Group,S & W Tlp (Project Co Two) Ltd,,
2019-01-15,503.66,People (Childrens) Service Group,Online Ergonomics Limited,,
2019-01-15,522,Place Directorate,Ags Tech Ltd,,
2019-01-15,523.68,Place Directorate,Schofield & Sons,,
2019-01-15,525.6,Place Directorate,Rbs Invoice Finance Limited,,
2019-01-15,525.65,Place Directorate,Schofield & Sons,,
2019-01-15,572.16,Place Directorate,G Jones Builders Ltd,,
2019-01-15,580.2,Place Directorate,Churches Fire Security Ltd,,
2019-01-15,590.93,Place Directorate,Schofield & Sons,,
2019-01-15,594,Place Directorate,Churches Fire Security Ltd,,
2019-01-15,600,Place Directorate,City Sitemix Concrete Ltd,,
2019-01-15,603.9,Place Directorate,Cornthwaite Agricultural Ltd,,
2019-01-15,606.82,Place Directorate,Schofield & Sons,,
2019-01-15,645.29,Place Directorate,Schofield & Sons,,
2019-01-15,658.92,People (Childrens) Service Group,Tradewind Recruitment Ltd,,
2019-01-15,675.58,Place Directorate,Schofield & Sons,,
2019-01-15,679.1,Place Directorate,Schofield & Sons,,
2019-01-15,698.4,Place Directorate,Rbs Invoice Finance Limited,,
2019-01-15,710.24,Place Directorate,Brake Bros Ltd,,
2019-01-15,731.52,Place Directorate,Brake Bros Ltd,,
2019-01-15,755.86,People (Childrens) Service Group,Schofield & Sons,,
2019-01-15,825.91,Place Directorate,Lightoaks Garage,,
2019-01-15,891.83,Place Directorate,Garryowen Ltd,,
2019-01-15,930,Capital expenditure,Armor Cleaning Ltd,,
2019-01-15,930.19,Place Directorate,Schofield & Sons,,
2019-01-15,986.38,Service Reform (Corp Bus & Transform),Whistl Uk Ltd,,
2019-01-15,1000,People (Childrens) Service Group,Caterpillar Corner,,
2019-01-15,1005,People (Childrens) Service Group,Randstad Public Services Limited,,
2019-01-15,1041.63,Place Directorate,Schofield & Sons,,
2019-01-15,1065,Service Reform (Corp Bus & Transform),Forbes Solicitors,,
2019-01-15,1197.61,Place Directorate,Eversheds Sutherland (Inter) Llp,,
2019-01-15,1228.57,People (Childrens) Service Group,Cambian Childcare Ltd,,
2019-01-15,1230,People (Childrens) Service Group,Protocol Education,,
2019-01-15,1284,People (Childrens) Service Group,Crm Ltd-Dexion House,,
2019-01-15,1357.2,Capital expenditure,Invacare Ltd,,
2019-01-15,1360,Place Directorate,The Court Service,,
2019-01-15,1425,Service Reform (Corp Bus & Transform),Stretton St Matthew's Ce Primary,,
2019-01-15,1500,People (Childrens) Service Group,Crm Ltd-Dexion House,,
2019-01-15,1516.2,Capital expenditure,Rosslee Construction,,
2019-01-15,1536,Place Directorate,G Jones Builders Ltd,,
2019-01-15,1685.66,People (Childrens) Service Group,Our Lady & St John Catholic College,,
2019-01-15,1948.1,Capital expenditure,Schofield & Sons Ltd,,
2019-01-15,1951.51,Place Directorate,Eversheds Sutherland (Inter) Llp,,
2019-01-15,1954,People (Adults) - CHSC,Paypoint Plc,,
2019-01-15,2000,People (Childrens) Service Group,Meadows Care Ltd,,
2019-01-15,2025.84,Service Reform (Corp Bus & Transform),Pitney Bowes Purchase Power,,
2019-01-15,2396,People (Childrens) Service Group,Wigan Council,,
2019-01-15,2444.96,People (Childrens) Service Group,Fairfield Care Ltd,,
2019-01-15,2611.6,People (Childrens) Service Group,Leaving Care Services Ltd,,
2019-01-15,2636,People (Childrens) Service Group,Dove Adolescent Services Ltd,,
2019-01-15,2954.17,People (Childrens) Service Group,Durham County Council,,
2019-01-15,2982.26,Place Directorate,Schofield & Sons,,
2019-01-15,3120,People (Childrens) Service Group,Parallel Parents,,
2019-01-15,3124.24,People (Childrens) Service Group,Therapeutic Fostering Ltd,,
2019-01-15,3180,People (Childrens) Service Group,Lorimer Foster Services,,
2019-01-15,3200,People (Childrens) Service Group,Foster Cares Ltd,,
2019-01-15,3280,People (Childrens) Service Group,Barnardos North West,,
2019-01-15,3326.4,Capital expenditure,Stannah Stairlifts Ltd,,
2019-01-15,3404.04,People (Childrens) Service Group,Perpetual Fostering Ltd,,
2019-01-15,3528,Capital expenditure,Schofield & Sons,,
2019-01-15,3640,People (Childrens) Service Group,Fusion Fostering,,
2019-01-15,3748,People (Childrens) Service Group,Together Trust,,
2019-01-15,3906.12,People (Childrens) Service Group,Compass Fostering North Ltd,,
2019-01-15,3982.13,People (Childrens) Service Group,G Jones Builders Ltd,,
2019-01-15,4228.5,Capital expenditure,Horticon Ltd,,
2019-01-15,4571.6,People (Childrens) Service Group,Leaving Care Services Ltd,,
2019-01-15,4615.27,Place Directorate,G Jones Builders Ltd,,
2019-01-15,5205.6,Capital expenditure,G Jones Builders Ltd,,
2019-01-15,5260.72,Service Reform (Corp Bus & Transform),Whistl Uk Ltd,,
2019-01-15,5397.6,Place Directorate,Pressboost Ltd,,
2019-01-15,5919.3,Place Directorate,Apem Ltd,,
2019-01-15,6343.2,People (Childrens) Service Group,Leaving Care Services Ltd,,
2019-01-15,6441.2,People (Childrens) Service Group,Swiis Fostercare Ltd,,
2019-01-15,6589.2,People (Childrens) Service Group,By The Bridge,,
2019-01-15,6626.89,Place Directorate,Rubax Lifts Ltd,,
2019-01-15,8204,People (Childrens) Service Group,Orange Grove Foster Care Ltd,,
2019-01-15,8225,People (Childrens) Service Group,University Of Manchester,,
2019-01-15,9290.8,People (Childrens) Service Group,The Fostering Team,,
2019-01-15,9338.18,Place Directorate,Rubax Lifts Ltd,,
2019-01-15,9980,People (Childrens) Service Group,Hexagon Care Services Ltd,,
2019-01-15,10302.78,Place Directorate,P. Mcguinness & Company Ltd,,
2019-01-15,10416,People (Childrens) Service Group,Capstone Foster Care (North) Ltd,,
2019-01-15,11075,People (Childrens) Service Group,Aspire Childcare Ltd,,
2019-01-15,11180,People (Childrens) Service Group,Care Today Childrens Services,,
2019-01-15,11301.68,People (Childrens) Service Group,The National Fostering Agency,,
2019-01-15,11450.6,People (Childrens) Service Group,Fairfield Residential,,
2019-01-15,11525.92,People (Childrens) Service Group,Creative Support Limited,,
2019-01-15,11550,People (Childrens) Service Group,Mike Davies Transport Ltd,,
2019-01-15,11984,People (Childrens) Service Group,Social Care Services (Clayton) Ltd,,
2019-01-15,12396.2,People (Childrens) Service Group,Bright Futures Care Ltd T/A Corners,,
2019-01-15,12442.86,People (Childrens) Service Group,Radical Services Ltd,,
2019-01-15,12452,People (Childrens) Service Group,Continuum Support - Care Services L,,
2019-01-15,12593.88,People (Childrens) Service Group,Witherslack Group,,
2019-01-15,12800,People (Childrens) Service Group,Lonsdale Care Ltd,,
2019-01-15,12890.51,Capital expenditure,Street Uk Ltd Client Monies Account,,
2019-01-15,12894.4,People (Childrens) Service Group,Uk Fostering Ltd,,
2019-01-15,13000,People (Childrens) Service Group,Horizon Care & Education Group Ltd,,
2019-01-15,13980,People (Childrens) Service Group,Courtyard Care Ltd,,
2019-01-15,14980,People (Childrens) Service Group,Halliwell Homes Ltd,,
2019-01-15,15024,People (Childrens) Service Group,Horizon Care & Education Group Ltd,,
2019-01-15,15580,People (Childrens) Service Group,Care Today Childrens Services,,
2019-01-15,17200,People (Childrens) Service Group,Exceptional Care Limited,,
2019-01-15,18000,People (Childrens) Service Group,Social Care Services (Clayton) Ltd,,
2019-01-15,18400,People (Childrens) Service Group,Holistic Approach Ltd,,
2019-01-15,19000,People (Childrens) Service Group,Outbound Care Ltd,,
2019-01-15,19600,People (Childrens) Service Group,Keys Childcare Ltd,,
2019-01-15,20302.86,Capital expenditure,W H Good Ltd,,
2019-01-15,20362.64,People (Childrens) Service Group,Alpha Plus Fostering  Ltd,,
2019-01-15,21171.43,People (Childrens) Service Group,Hexagon Care Services Ltd,,
2019-01-15,23800,People (Childrens) Service Group,Sandcastle Care Ltd,,
2019-01-15,25150.52,People (Childrens) Service Group,Three Circles Fostering,,
2019-01-15,25550.64,People (Childrens) Service Group,Reed Specialist Recruitment Ltd,,
2019-01-15,28272,People (Childrens) Service Group,Dove Adolescent Services Ltd,,
2019-01-15,30178.57,People (Childrens) Service Group,Phoenix Family Care Ltd,,
2019-01-15,32797.1,People (Childrens) Service Group,Fostering Solutions Limited,,
2019-01-15,44074.68,Service Reform (Corp Bus & Transform),Manchester City Council,,
2019-01-15,161061.48,Corporate Accountancy,Link Treasury Services Ltd,,
2019-01-16,510,Service Reform (Corp Bus & Transform),Expert Logistics,,
2019-01-16,514.95,People (Childrens) Service Group,Flybe Afxjxf,,
2019-01-16,548.34,Capital expenditure,Barclay & Mathieson Ltd,,
2019-01-16,588,Place Directorate,Browns Ctp Ltd,,
2019-01-16,612.12,Place Directorate,Brake Bros Ltd,,
2019-01-16,613.89,Place Directorate,Chubb Fire & Security Ltd,,
2019-01-16,690,Place Directorate,Lodge Tyre Co.Ltd,,
2019-01-16,705,People (Childrens) Service Group,Barry Gregory Taxis,,
2019-01-16,770.1,Place Directorate,Calligraphy Uk Ltd,,
2019-01-16,802.2,Place Directorate,Barnborough Ltd,,
2019-01-16,850,People (Childrens) Service Group,Eeven Homes Ltd,,
2019-01-16,881.04,Place Directorate,Calligraphy Uk Ltd,,
2019-01-16,900,People (Childrens) Service Group,Cc Communications,,
2019-01-16,900,Place Directorate,Lodge Tyre Co.Ltd,,
2019-01-16,920,People (Childrens) Service Group,Mds Mini Buses (Manchester) Ltd,,
2019-01-16,936,Place Directorate,Browns Ctp Ltd,,
2019-01-16,1016.1,Service Reform (Corp Bus & Transform),Schofield & Sons,,
2019-01-16,1152,Capital expenditure,Geoassist,,
2019-01-16,1162.69,People (Childrens) Service Group,Orsted Sales Uk Ltd,,
2019-01-16,1190.88,People (Childrens) Service Group,Www.Argos.Co.Uk,,
2019-01-16,1201.98,People (Childrens) Service Group,Schofield & Sons,,
2019-01-16,1397.34,People (Childrens) Service Group,Mds Mini Buses (Manchester) Ltd,,
2019-01-16,1400,People (Childrens) Service Group,T/A D & H Enterprises,,
2019-01-16,1515.6,Capital expenditure,Invacare Ltd,,
2019-01-16,1533.72,Place Directorate,Scarab Sweepers Ltd,,
2019-01-16,1860,Place Directorate,No Graffiti  Ltd,,
2019-01-16,2011.92,Place Directorate,Egbert H Taylor & Co Ltd,,
2019-01-16,2200,People (Childrens) Service Group,Mds Mini Buses (Manchester) Ltd,,
2019-01-16,2220,Capital expenditure,M & A Brown (Engravers) Ltd,,
2019-01-16,2240,People (Childrens) Service Group,Mds Mini Buses (Manchester) Ltd,,
2019-01-16,2838.82,Place Directorate,F. R. Sharrock Limited,,
2019-01-16,2916.48,People (Childrens) Service Group,Schofield & Sons,,
2019-01-16,3000,People (Childrens) Service Group,Redacted Data,,
2019-01-16,3612.11,Place Directorate,F. R. Sharrock Limited,,
2019-01-16,3750,People (Childrens) Service Group,The Federation Of Jewish Services,,
2019-01-16,4896,Service Reform (Corp Bus & Transform),Accenture (Uk) Ltd,,
2019-01-16,4896,Service Reform (Corp Bus & Transform),Accenture (Uk) Ltd,,
2019-01-16,6245.64,Capital expenditure,Creative Care Todmorden Ltd,,
2019-01-16,7289.17,Place Directorate,Ed Start Specialist Education Ltd,,
2019-01-16,8829.6,Capital expenditure,Barratt & Hughes Flooring,,
2019-01-16,9944.54,Service Reform (Corp Bus & Transform),Northgate Public Services (Uk) Ltd,,
2019-01-16,10032,Place Directorate,Broxap Ltd,,
2019-01-16,20071.43,People (Childrens) Service Group,Kaleidoscope Assessment Services,,
2019-01-16,23235.86,Place Directorate,Carlton Fuels,,
2019-01-16,23250.97,Place Directorate,Carlton Fuels,,
2019-01-16,25479.6,Capital expenditure,Technogym Uk Ltd,,
2019-01-16,36000,Place Directorate,Cityco Manchester Ltd,,
2019-01-16,43168.1,People (Childrens) Service Group,Paul Tyler,,
2019-01-17,517.5,People (Childrens) Service Group,Kvn Travel,,
2019-01-17,529.84,Place Directorate,Brake Bros Ltd,,
2019-01-17,559.15,People (Adults) - CHSC,David Phillips Group,,
2019-01-17,560.28,Service Reform (Corp Bus & Transform),Bristow & Sutor,,
2019-01-17,634.02,Place Directorate,Brake Bros Ltd,,
2019-01-17,642.96,Place Directorate,Alliance Disposables Ltd,,
2019-01-17,645.11,Place Directorate,Creamline Dairies Traffor,,
2019-01-17,666,Place Directorate,Spunhill Ltd,,
2019-01-17,695.4,Place Directorate,Concept Oils Ltd,,
2019-01-17,824.88,People (Childrens) Service Group,Steven Broadbent,,
2019-01-17,832.5,People (Childrens) Service Group,Taxistransfers,,
2019-01-17,937.72,People (Childrens) Service Group,Steven Broadbent,,
2019-01-17,960,People (Childrens) Service Group,Kvn Travel,,
2019-01-17,966,People (Childrens) Service Group,Steven Broadbent,,
2019-01-17,982.5,People (Childrens) Service Group,Kvn Travel,,
2019-01-17,1034.7,People (Childrens) Service Group,Steven Broadbent,,
2019-01-17,1104,People (Childrens) Service Group,Tower Learning Centre,,
2019-01-17,1141.8,Place Directorate,Siemens Plc,,
2019-01-17,1185.01,Place Directorate,C P Davidson & Sons Ltd,,
2019-01-17,1200,People (Childrens) Service Group,Chris Dennison Consulting Ltd,,
2019-01-17,1209.6,Place Directorate,Ashbrook (Warrington) Ltd,,
2019-01-17,1222.5,People (Childrens) Service Group,Kvn Travel,,
2019-01-17,1315.2,People (Adults) - CHSC,David Phillips Group,,
2019-01-17,1325.66,People (Childrens) Service Group,Steven Broadbent,,
2019-01-17,1354.58,People (Childrens) Service Group,Redacted Data,,
2019-01-17,1743,Service Reform (Corp Bus & Transform),Redacted Data,,
2019-01-17,1876.09,Place Directorate,Quayside Bakery,,
2019-01-17,2064.83,People (Adults) - CHSC,David Phillips Group,,
2019-01-17,2283.76,Place Directorate,Hn Nuttall Ltd,,
2019-01-17,3303.45,Place Directorate,Cleggs Chilled Food Service,,
2019-01-17,6476.4,People (Childrens) Service Group,Edufocus Ltd,,
2019-01-17,7360,People (Childrens) Service Group,Raise The Youth Foundation Cic Ltd,,
2019-01-17,8639.3,Capital expenditure,British Telecommunications Plc,,
2019-01-17,8770.79,Capital expenditure,Greater Manchester Combined,,
2019-01-17,10153.18,Service Reform (Corp Bus & Transform),Bristow & Sutor,,
2019-01-17,13825,People (Childrens) Service Group,Mainline 8S Executive Travel Ltd,,
2019-01-17,16054.93,Service Reform (Corp Bus & Transform),British Telecommunications Plc,,
2019-01-17,23662.81,Place Directorate,Carlton Fuels,,
2019-01-17,34163.86,Capital expenditure,Landscape Engineering Ltd,,
2019-01-17,40500,People (Childrens) Service Group,The Growth Company,,
2019-01-17,40500,People (Childrens) Service Group,The Growth Company,,
2019-01-17,175000,People (Childrens) Service Group,The Growth Company,,
2019-01-17,175000,People (Childrens) Service Group,The Growth Company,,
2019-01-18,17732.27,People (Childrens) Service Group,Salford Schools Solutions Ltd,,
2019-01-18,549.83,Place Directorate,Brake Bros Ltd,,
2019-01-18,549.98,People (Childrens) Service Group,Www.Argos.Co.Uk,,
2019-01-18,560,People (Adults) - CHSC,Barton Cleaning Services Ltd,,
2019-01-18,604.34,Place Directorate,Brake Bros Ltd,,
2019-01-18,643,Place Directorate,Hotel On Booking.Com,,
2019-01-18,672,People (Childrens) Service Group,Specialist Transport Consultants,,
2019-01-18,712.93,Place Directorate,Air Products Plc,,
2019-01-18,747.56,Place Directorate,Brake Bros Ltd,,
2019-01-18,750,People (Childrens) Service Group,Teaching Personnel Ltd,,
2019-01-18,793.2,People (Childrens) Service Group,Carl Allen Furnishings,,
2019-01-18,900,Service Reform (Corp Bus & Transform),Uk & Ireland Sap User Group Ltd,,
2019-01-18,940.61,Place Directorate,Brake Bros Ltd,,
2019-01-18,960.96,Capital expenditure,Bradshaw International,,
2019-01-18,1035,People (Childrens) Service Group,Lancashire County Council,,
2019-01-18,1085,People (Adults) - CHSC,Barton Cleaning Services Ltd,,
2019-01-18,1146.26,Place Directorate,Horticon Limited,,
2019-01-18,1265,People (Adults) - CHSC,Barton Cleaning Services Ltd,,
2019-01-18,1353.5,People (Childrens) Service Group,Sturents-Bradshawgate,,
2019-01-18,1387.8,Place Directorate,Unique Specialist Services,,
2019-01-18,1432.56,People (Childrens) Service Group,Teaching Personnel Ltd,,
2019-01-18,1450,People (Adults) - CHSC,Barton Cleaning Services Ltd,,
2019-01-18,1540,People (Adults) - CHSC,Barton Cleaning Services Ltd,,
2019-01-18,1575,People (Childrens) Service Group,Barnardos North West,,
2019-01-18,1800,People (Childrens) Service Group,St Marys Rc High School,,
2019-01-18,1913.66,People (Childrens) Service Group,Swalec,,
2019-01-18,2193.58,People (Childrens) Service Group,S & W Tlp (Project Co Two) Ltd,,
2019-01-18,2314.32,People (Childrens) Service Group,Horizon Care & Education Group Ltd,,
2019-01-18,2449.38,Capital expenditure,Bloom Procurement Services Ltd,,
2019-01-18,2978.7,People (Childrens) Service Group,The Orchards Special Free School,,
2019-01-18,2978.7,People (Childrens) Service Group,The Orchards Special Free School,,
2019-01-18,2978.7,People (Childrens) Service Group,The Orchards Special Free School,,
2019-01-18,3091.68,Service Reform (Corp Bus & Transform),Softcat Limited,,
2019-01-18,3971.51,People (Childrens) Service Group,The Orchards Special Free School,,
2019-01-18,4222.8,Capital expenditure,Prism Medical Uk,,
2019-01-18,6000,People (Childrens) Service Group,Acorn Care & Education Ltd,,
2019-01-18,6486,Capital expenditure,Dolphin Mobility Ltd,,
2019-01-18,6958,People (Childrens) Service Group,Access To Music Ltd,,
2019-01-18,8866.67,Place Directorate,Ecg Facilities Services Ltd,,
2019-01-18,9000,Place Directorate,The Cheshire & Grtr M/Ch Community,,
2019-01-18,11193.33,People (Childrens) Service Group,Acorn Care & Education Ltd,,
2019-01-18,11303.33,People (Childrens) Service Group,Acorn Care & Education Ltd,,
2019-01-18,11303.33,People (Childrens) Service Group,Acorn Care & Education Ltd,,
2019-01-18,11376.67,People (Childrens) Service Group,Acorn Care & Education Ltd,,
2019-01-18,11376.67,People (Childrens) Service Group,Acorn Care & Education Ltd,,
2019-01-18,11526.67,People (Childrens) Service Group,Acorn Care & Education Ltd,,
2019-01-18,11526.67,People (Childrens) Service Group,Acorn Care & Education Ltd,,
2019-01-18,11526.67,People (Childrens) Service Group,Acorn Care & Education Ltd,,
2019-01-18,11533.33,People (Childrens) Service Group,Acorn Care & Education Ltd,,
2019-01-18,11533.33,People (Childrens) Service Group,Acorn Care & Education Ltd,,
2019-01-18,11533.33,People (Childrens) Service Group,Acorn Care & Education Ltd,,
2019-01-18,11691.67,People (Childrens) Service Group,Together Trust,,
2019-01-18,15890.09,Capital expenditure,George Cox & Sons,,
2019-01-18,18070.79,People (Childrens) Service Group,Seashell Trust,,
2019-01-18,18911,People (Childrens) Service Group,Cumberland School,,
2019-01-18,19800,Capital expenditure,Bloom Procurement Services Ltd,,
2019-01-18,20210.52,Capital expenditure,Bloom Procurement Services Ltd,,
2019-01-18,24834.15,People (Adults) - CHSC,Gaddum Centre,,
2019-01-18,31653.6,Service Reform (Corp Bus & Transform),Mazars Llp,,
2019-01-18,32828.52,Capital expenditure,Ford Retail Ltd T/A Trust Ford,,
2019-01-18,32828.52,Capital expenditure,Ford Retail Ltd T/A Trust Ford,,
2019-01-18,41806,People (Childrens) Service Group,Manor Academy,,
2019-01-18,72396.64,Place Directorate,Mitie Security Ltd,,
2019-01-18,94447,People (Adults) - CHSC,Gaddum Centre,,
2019-01-18,119541,People (Childrens) Service Group,Aim Habonim-Nursery,,
2019-01-18,163276.76,People (Childrens) Service Group,Rm Education Plc,,
2019-01-18,651819.1,People (Childrens) Service Group,Salford Schools Solutions Ltd,,
2019-01-21,502.14,Place Directorate,Schofield & Sons,,
2019-01-21,505.2,Place Directorate,J Fletcher Engineers Ltd,,
2019-01-21,506.16,Place Directorate,Schofield & Sons,,
2019-01-21,507.97,Place Directorate,Schofield & Sons,,
2019-01-21,511.27,Place Directorate,J Fletcher Engineers Ltd,,
2019-01-21,518.7,Place Directorate,J Fletcher Engineers Ltd,,
2019-01-21,570.77,Place Directorate,Brake Bros Ltd,,
2019-01-21,571.58,Place Directorate,Schofield & Sons Ltd,,
2019-01-21,585,Service Reform (Corp Bus & Transform),Department Of Work & Pensions,,
2019-01-21,608.04,People (Childrens) Service Group,Schofield & Sons,,
2019-01-21,613.96,Place Directorate,J Fletcher Engineers Ltd,,
2019-01-21,629.84,Service Reform (Corp Bus & Transform),Bristow & Sutor,,
2019-01-21,637,Service Reform (Corp Bus & Transform),Department Of Work & Pensions,,
2019-01-21,648,Service Reform (Corp Bus & Transform),Forbes Solicitors,,
2019-01-21,672.92,Service Reform (Corp Bus & Transform),Bristow & Sutor,,
2019-01-21,710,Service Reform (Corp Bus & Transform),Forbes Solicitors,,
2019-01-21,713.95,Place Directorate,Schofield & Sons Ltd,,
2019-01-21,731.15,Place Directorate,J Fletcher Engineers Ltd,,
2019-01-21,739.57,Capital expenditure,Orsted Sales Uk Ltd,,
2019-01-21,771.14,Place Directorate,Schofield & Sons,,
2019-01-21,772.56,Service Reform (Corp Bus & Transform),Schofield & Sons,,
2019-01-21,802.7,Service Reform (Corp Bus & Transform),Schofield & Sons Ltd,,
2019-01-21,828,Service Reform (Corp Bus & Transform),Forbes Solicitors,,
2019-01-21,926.16,Service Reform (Corp Bus & Transform),Principia Law Ltd,,
2019-01-21,929.42,Place Directorate,J Fletcher Engineers Ltd,,
2019-01-21,996.78,People (Childrens) Service Group,J Fletcher Engineers Ltd,,
2019-01-21,1015,People (Adults) - CHSC,Adullam Homes Housing Assoc Ltd,,
2019-01-21,1221.83,Service Reform (Corp Bus & Transform),Bristow & Sutor,,
2019-01-21,1521.59,Service Reform (Corp Bus & Transform),Bristow & Sutor,,
2019-01-21,1900.8,Service Reform (Corp Bus & Transform),Weightmans Llp,,
2019-01-21,1919.4,People (Childrens) Service Group,Saltax Ltd,,
2019-01-21,1968,People (Childrens) Service Group,Tower Learning Centre,,
2019-01-21,2208.75,Place Directorate,Schofield & Sons Ltd,,
2019-01-21,2304,Place Directorate,Salford Community Leisure Ltd,,
2019-01-21,2360.04,Service Reform (Corp Bus & Transform),Bristow & Sutor,,
2019-01-21,2544.5,People (Childrens) Service Group,Barnardos North West,,
2019-01-21,2970,Service Reform (Corp Bus & Transform),Forbes Solicitors,,
2019-01-21,3390.6,Place Directorate,Associated Cleaning Contractors Ltd,,
2019-01-21,4136.4,Capital expenditure,G Jones Builders Ltd,,
2019-01-21,8250,Service Reform (Corp Bus & Transform),Forbes Solicitors,,
2019-01-21,8348.5,People (Childrens) Service Group,Llaborate Uk Ltd,,
2019-01-21,14500,Service Reform (Corp Bus & Transform),Forbes Solicitors,,
2019-01-21,37500,Service Reform (Corp Bus & Transform),Forbes Solicitors,,
2019-01-21,43656,Service Reform (Corp Bus & Transform),Zipporah Ltd,,
2019-01-22,102412.96,People (Childrens) Service Group,S & W Tlp (Project Co Two) Ltd,,
2019-01-22,47144.5,People (Childrens) Service Group,S & W Tlp (Project Co One) Ltd,,
2019-01-22,578.12,Place Directorate,Bettaveg Ltd,,
2019-01-22,509.25,People (Childrens) Service Group,Redacted Data,,
2019-01-22,526.04,People (Childrens) Service Group,Redacted Data,,
2019-01-22,529.34,Place Directorate,Brake Bros Ltd,,
2019-01-22,533.5,People (Childrens) Service Group,Redacted Data,,
2019-01-22,533.5,People (Childrens) Service Group,Kids Adventures Forest School,,
2019-01-22,533.5,People (Childrens) Service Group,Little Explorers,,
2019-01-22,533.5,People (Childrens) Service Group,Schools Out North West Ltd,,
2019-01-22,533.5,People (Childrens) Service Group,Shelleys Shortie'S,,
2019-01-22,533.5,People (Childrens) Service Group,St Lukes Pre-School Playgroup,,
2019-01-22,533.5,People (Childrens) Service Group,Redacted Data,,
2019-01-22,541.16,People (Childrens) Service Group,Redacted Data,,
2019-01-22,542.08,People (Childrens) Service Group,Redacted Data,,
2019-01-22,547.69,People (Childrens) Service Group,Redacted Data,,
2019-01-22,551.28,People (Childrens) Service Group,Redacted Data,,
2019-01-22,553.52,People (Childrens) Service Group,Redacted Data,,
2019-01-22,567.48,People (Childrens) Service Group,Redacted Data,,
2019-01-22,567.68,People (Childrens) Service Group,Redacted Data,,
2019-01-22,588.24,People (Childrens) Service Group,Redacted Data,,
2019-01-22,612.15,People (Childrens) Service Group,Redacted Data,,
2019-01-22,630,People (Childrens) Service Group,Marmion (Taxis),,
2019-01-22,631.95,People (Childrens) Service Group,Redacted Data,,
2019-01-22,635.44,People (Childrens) Service Group,Gazprom Energy,,
2019-01-22,638.64,People (Childrens) Service Group,Redacted Data,,
2019-01-22,648.45,People (Childrens) Service Group,Merlin Childcare,,
2019-01-22,648.45,People (Childrens) Service Group,Redacted Data,,
2019-01-22,648.45,People (Childrens) Service Group,Shelleys Shortie'S,,
2019-01-22,648.45,People (Childrens) Service Group,St Pauls Peel Playgroup Fund,,
2019-01-22,658.92,People (Childrens) Service Group,Tradewind Recruitment Ltd,,
2019-01-22,660,People (Childrens) Service Group,Redacted Data,,
2019-01-22,663.06,Place Directorate,Bettaveg Ltd,,
2019-01-22,702,People (Childrens) Service Group,Teaching Personnel Ltd,,
2019-01-22,702,People (Childrens) Service Group,Teaching Personnel Ltd,,
2019-01-22,709.08,People (Childrens) Service Group,Redacted Data,,
2019-01-22,724,People (Childrens) Service Group,Redacted Data,,
2019-01-22,751.75,People (Childrens) Service Group,The Stables Day Nursery Monton,,
2019-01-22,760,People (Childrens) Service Group,Redacted Data,,
2019-01-22,776,People (Childrens) Service Group,Hadasa Wachsstock,,
2019-01-22,790.07,Place Directorate,The Fountain Workshop (Maintenance),,
2019-01-22,800.25,People (Childrens) Service Group,Ateres Elisheva Daycare,,
2019-01-22,800.25,People (Childrens) Service Group,Kidzrus Monton,,
2019-01-22,800.25,People (Childrens) Service Group,Little Acorns Day Nursery,,
2019-01-22,800.25,People (Childrens) Service Group,Monton Village School Ltd,,
2019-01-22,800.25,People (Childrens) Service Group,The Dollhouse,,
2019-01-22,800.25,People (Childrens) Service Group,Tinytots Vision Ltd,,
2019-01-22,816.2,People (Childrens) Service Group,Redacted Data,,
2019-01-22,816.2,People (Childrens) Service Group,Redacted Data,,
2019-01-22,824.5,People (Childrens) Service Group,Cottage Nursery,,
2019-01-22,829.35,People (Childrens) Service Group,Kidz R Us Nursery Ltd - Swinton,,
2019-01-22,840.64,People (Childrens) Service Group,Redacted Data,,
2019-01-22,851.4,People (Childrens) Service Group,Redacted Data,,
2019-01-22,851.4,People (Childrens) Service Group,Redacted Data,,
2019-01-22,857.2,People (Childrens) Service Group,Redacted Data,,
2019-01-22,858,People (Childrens) Service Group,Tulip Day Care Ltd,,
2019-01-22,978.08,People (Childrens) Service Group,Sylvan Court Day Nursery Ltd,,
2019-01-22,993.44,People (Childrens) Service Group,Redacted Data,,
2019-01-22,997.9,Place Directorate,Brake Bros Ltd,,
2019-01-22,1037.52,People (Childrens) Service Group,Little Learners,,
2019-01-22,1047.75,People (Childrens) Service Group,Our Precious Tots Ltd,,
2019-01-22,1067,People (Childrens) Service Group,Redacted Data,,
2019-01-22,1067,People (Childrens) Service Group,Fledglings Day Nursery Worsley,,
2019-01-22,1067,People (Childrens) Service Group,Our Precious Tots Ltd,,
2019-01-22,1166.04,People (Childrens) Service Group,Non Stop Recruitment,,
2019-01-22,1211.2,People (Childrens) Service Group,Fun 2B2,,
2019-01-22,1253.77,Capital expenditure,Reach Publishing Services Ltd,,
2019-01-22,1263.9,People (Childrens) Service Group,Redacted Data,,
2019-01-22,1276.88,People (Childrens) Service Group,Redacted Data,,
2019-01-22,1287,People (Childrens) Service Group,Jitterbugz Day Nursery,,
2019-01-22,1287.36,People (Childrens) Service Group,Redacted Data,,
2019-01-22,1309.5,People (Childrens) Service Group,Kinderland,,
2019-01-22,1318.07,Place Directorate,Reach Publishing Services Ltd,,
2019-01-22,1333.75,People (Childrens) Service Group,Daisys Daycare,,
2019-01-22,1333.75,People (Childrens) Service Group,Haya Cohen,,
2019-01-22,1333.75,People (Childrens) Service Group,Little Me Ltd,,
2019-01-22,1333.75,People (Childrens) Service Group,Merlin Childcare,,
2019-01-22,1333.75,People (Childrens) Service Group,Tashbar Academy Ltd,,
2019-01-22,1333.75,People (Childrens) Service Group,Tulip Day Care Ltd,,
2019-01-22,1333.75,People (Childrens) Service Group,Wasp Pre-School,,
2019-01-22,1370,People (Adults) - CHSC,Paypoint Plc,,
2019-01-22,1382.25,People (Childrens) Service Group,Treasures Child Care Ltd,,
2019-01-22,1399.25,People (Childrens) Service Group,Non Stop Recruitment,,
2019-01-22,1422.67,People (Childrens) Service Group,Little Learners,,
2019-01-22,1423.12,People (Childrens) Service Group,Redacted Data,,
2019-01-22,1425.09,People (Childrens) Service Group,Boothstown Playgroup,,
2019-01-22,1519.1,People (Childrens) Service Group,Kidzrus Monton,,
2019-01-22,1537.25,Capital expenditure,Dlp Services Northern Ltd,,
2019-01-22,1552,People (Childrens) Service Group,St Ambrose Young Families,,
2019-01-22,1573,People (Childrens) Service Group,Mojo-Out Of School Club,,
2019-01-22,1576.25,People (Childrens) Service Group,Little Footprints Nursery,,
2019-01-22,1600,Service Reform (Corp Bus & Transform),Redacted Data,,
2019-01-22,1600.5,People (Childrens) Service Group,Evergreen Childrens Day Nursery,,
2019-01-22,1600.5,People (Childrens) Service Group,Nutkins Play & Learn Centre,,
2019-01-22,1620,People (Childrens) Service Group,Redacted Data,,
2019-01-22,1716,People (Childrens) Service Group,St Ambrose Young Families,,
2019-01-22,1729.2,People (Childrens) Service Group,Little Explorers,,
2019-01-22,1793.4,People (Childrens) Service Group,Redacted Data,,
2019-01-22,1826,People (Childrens) Service Group,Clarendon Cottage School,,
2019-01-22,1867.25,People (Childrens) Service Group,Beltodam Ltd T/A Early Learning Chi,,
2019-01-22,1867.25,People (Childrens) Service Group,Manchester Jnr Girls School,,
2019-01-22,1867.25,People (Childrens) Service Group,St Pauls Peel Playgroup Fund,,
2019-01-22,1867.25,People (Childrens) Service Group,T/A Holyrood Day Nursery - Salford,,
2019-01-22,1930.5,People (Childrens) Service Group,Treasures Child Care Ltd,,
2019-01-22,1994.15,People (Childrens) Service Group,Yogurt Pots Childcare Services,,
2019-01-22,2131.7,People (Childrens) Service Group,Kidz Corner Childcare Ltd,,
2019-01-22,2134,People (Childrens) Service Group,Hello Kiddies Ltd,,
2019-01-22,2134,People (Childrens) Service Group,Mojo-Out Of School Club,,
2019-01-22,2158.25,People (Childrens) Service Group,Yogurt Pots Childcare Services,,
2019-01-22,2161.5,People (Childrens) Service Group,Big Steps Playgroup,,
2019-01-22,2176.75,People (Childrens) Service Group,Caterpillar Corner,,
2019-01-22,2244.55,People (Childrens) Service Group,Broughton Jewish Cassel Fox,,
2019-01-22,2299,People (Childrens) Service Group,Woodlands Day Nursery & Preschool,,
2019-01-22,2376.5,People (Childrens) Service Group,Zisse Kinder Ltd,,
2019-01-22,2400.75,People (Childrens) Service Group,Kidz R Us Nursery Ltd - Pendlebury,,
2019-01-22,2400.75,People (Childrens) Service Group,Rainbows Nursery,,
2019-01-22,2400.75,People (Childrens) Service Group,The Stables Day Nursery Limited,,
2019-01-22,2528.9,People (Childrens) Service Group,Little Footprints Nursery,,
2019-01-22,2533.8,People (Childrens) Service Group,Pomegranate Nursery Ltd,,
2019-01-22,2558.05,People (Childrens) Service Group,Kiddiewinkles Pre School,,
2019-01-22,2589.9,People (Childrens) Service Group,Westwood Smarties,,
2019-01-22,2593.8,People (Childrens) Service Group,Fun4All Cic,,
2019-01-22,2622.95,People (Childrens) Service Group,Wasp Pre-School,,
2019-01-22,2667.5,People (Childrens) Service Group,Aim Habonim-Nursery,,
2019-01-22,2667.5,People (Childrens) Service Group,Kids Planet Day Nurseries Ltd,,
2019-01-22,2667.5,People (Childrens) Service Group,Little Gems Private Day Nursery,,
2019-01-22,2667.5,People (Childrens) Service Group,University Of Salford Busy Bees,,
2019-01-22,2667.5,People (Childrens) Service Group,Redacted Data,,
2019-01-22,2672.4,People (Childrens) Service Group,Little Explorers Day Nursery,,
2019-01-22,2732.17,People (Childrens) Service Group,Fledglings (Irlam) Limited,,
2019-01-22,2788.5,People (Childrens) Service Group,The Manse Day Nursery,,
2019-01-22,2837.25,People (Childrens) Service Group,T/A Holyrood Day Nursery - Media Ci,,
2019-01-22,2934.25,People (Childrens) Service Group,Budding Wood Day Nursery,,
2019-01-22,2934.25,People (Childrens) Service Group,Folly Brook Nursery Ltd,,
2019-01-22,2934.25,People (Childrens) Service Group,Fun4All Cic,,
2019-01-22,2934.25,People (Childrens) Service Group,Jitterbugz Day Nursery,,
2019-01-22,2934.25,People (Childrens) Service Group,Kids Planet Day Nurseries Ltd,,
2019-01-22,2934.25,People (Childrens) Service Group,Roobyloos Childrens Nursery,,
2019-01-22,2934.25,People (Childrens) Service Group,The Manse Day Nursery,,
2019-01-22,2936.56,People (Childrens) Service Group,Redacted Data,,
2019-01-22,3055.5,People (Childrens) Service Group,Little Sprouts Day Nursery Ltd,,
2019-01-22,3086.21,Place Directorate,Reach Publishing Services Ltd,,
2019-01-22,3113.55,People (Childrens) Service Group,Caterpillar Corner,,
2019-01-22,3133.85,People (Childrens) Service Group,Happy Feet Day Nursery,,
2019-01-22,3153.5,People (Childrens) Service Group,Wow Kids Ltd T/A Bright Futures,,
2019-01-22,3176.75,People (Childrens) Service Group,Big Steps Playgroup,,
2019-01-22,3176.75,People (Childrens) Service Group,Little Explorers Day Nursery,,
2019-01-22,3189.5,People (Childrens) Service Group,Budding Wood Day Nursery,,
2019-01-22,3201,People (Childrens) Service Group,Claremont Neighbourhood Nursery,,
2019-01-22,3201,People (Childrens) Service Group,Pomegranate Nursery Ltd,,
2019-01-22,3203.75,People (Childrens) Service Group,Mojo-Out Of School Club,,
2019-01-22,3242.25,People (Childrens) Service Group,Tinytots Vision Nursery Ltd,,
2019-01-22,3279.1,Place Directorate,Reach Publishing Services Ltd,,
2019-01-22,3343.39,Place Directorate,Reach Publishing Services Ltd,,
2019-01-22,3419.25,People (Childrens) Service Group,Wow Kids Ltd T/A Bright Futures,,
2019-01-22,3432,People (Childrens) Service Group,Little Sprouts Day Nursery Ltd,,
2019-01-22,3432,People (Childrens) Service Group,Magical Moments Ltd,,
2019-01-22,3589,People (Childrens) Service Group,Fairhills Playgroup Pre-School,,
2019-01-22,3686,People (Childrens) Service Group,Auntie Stephs Playgroup,,
2019-01-22,3734.5,People (Childrens) Service Group,Kidzrus Nursery Ltd - Irlam,,
2019-01-22,3807.87,People (Childrens) Service Group,Oyy Lubavitch Girls School,,
2019-01-22,3871.05,People (Childrens) Service Group,Beltodam Ltd T/A Early Learning Chi,,
2019-01-22,3951.77,People (Childrens) Service Group,Boothstown Playgroup,,
2019-01-22,3995.75,People (Childrens) Service Group,Barton Moss Primary School,,
2019-01-22,4001.25,People (Childrens) Service Group,Little Explorers Eccles,,
2019-01-22,4124.9,People (Childrens) Service Group,Little Acorns Day Nursery,,
2019-01-22,4267.63,People (Childrens) Service Group,Aim Habonim-Nursery,,
2019-01-22,4268,People (Childrens) Service Group,Unicorn Nursery,,
2019-01-22,4403.8,People (Childrens) Service Group,Mojo-Out Of School Club,,
2019-01-22,4534.75,People (Childrens) Service Group,Clk Childcare Ltd,,
2019-01-22,4568.19,People (Childrens) Service Group,Wasp Pre-School,,
2019-01-22,4598,People (Childrens) Service Group,Little Explorers Eccles,,
2019-01-22,4655.76,People (Childrens) Service Group,Westwood Smarties,,
2019-01-22,4800.17,People (Childrens) Service Group,Kidzrus Nursery Ltd - Irlam,,
2019-01-22,4828.64,People (Childrens) Service Group,Lewis Street Primary,,
2019-01-22,4895.55,People (Childrens) Service Group,The Stables Day Nursery Limited,,
2019-01-22,4929.48,People (Childrens) Service Group,Salford Academy Trust,,
2019-01-22,5108.4,People (Childrens) Service Group,Ateres Elisheva Daycare,,
2019-01-22,5189.5,People (Childrens) Service Group,Tinytots Vision Ltd,,
2019-01-22,5206.3,People (Childrens) Service Group,Kidz R Us Nursery Ltd - Pendlebury,,
2019-01-22,5335,People (Childrens) Service Group,Tinytots Vision Nursery Ltd,,
2019-01-22,5413.25,People (Childrens) Service Group,Rainbows Nursery,,
2019-01-22,5533.77,People (Childrens) Service Group,Roobyloos Childrens Nursery,,
2019-01-22,5657.85,People (Childrens) Service Group,Sylvan Court Day Nursery Ltd,,
2019-01-22,5735.51,People (Childrens) Service Group,Auntie Stephs Playgroup,,
2019-01-22,5794.8,People (Childrens) Service Group,Little People Day Nursery,,
2019-01-22,5795.75,People (Childrens) Service Group,Holly House Day Nursery,,
2019-01-22,5868.5,People (Childrens) Service Group,Little People Day Nursery,,
2019-01-22,5868.5,People (Childrens) Service Group,T/A Holyrood Day Nursery (Swinton),,
2019-01-22,5932.96,People (Childrens) Service Group,Fairhills Playgroup Pre-School,,
2019-01-22,5965.5,People (Childrens) Service Group,Happy Feet Day Nursery,,
2019-01-22,6268.9,People (Childrens) Service Group,Dukesgate Academy,,
2019-01-22,6307,People (Childrens) Service Group,Mice To Meet You Playgroup Ltd,,
2019-01-22,6360.57,People (Childrens) Service Group,Fledglings (Irlam) Limited,,
2019-01-22,6371.38,People (Childrens) Service Group,Little Saints Day Care Nursery,,
2019-01-22,6402,People (Childrens) Service Group,Little Saints Day Care Nursery,,
2019-01-22,6414.65,People (Childrens) Service Group,Claremont Neighbourhood Nursery,,
2019-01-22,6484.5,People (Childrens) Service Group,University Of Salford Busy Bees,,
2019-01-22,6590.09,Capital expenditure,Kdb Services Ltd,,
2019-01-22,6627.5,People (Childrens) Service Group,St Lukes Pre-School Playgroup,,
2019-01-22,6627.5,People (Childrens) Service Group,The Stables Day Nursery Monton,,
2019-01-22,6644.5,People (Childrens) Service Group,Kidzrus Nursery Ltd-Langworth Rd,,
2019-01-22,6656.4,Capital expenditure,G Jones Builders Ltd,,
2019-01-22,6862.72,People (Childrens) Service Group,Evergreen Childrens Day Nursery,,
2019-01-22,6862.75,People (Childrens) Service Group,Mice To Meet You Playgroup Ltd,,
2019-01-22,7132.95,People (Childrens) Service Group,Kids Planet Day Nurseries Ltd,,
2019-01-22,7159.35,People (Childrens) Service Group,St Augustine'S Ce Primary School,,
2019-01-22,7236.9,People (Childrens) Service Group,Kerem Shloime Ltd,,
2019-01-22,7293,People (Childrens) Service Group,Kidz R Us Nursery Ltd - Swinton,,
2019-01-22,7334.4,Capital expenditure,G Jones Builders Ltd,,
2019-01-22,7781.4,People (Childrens) Service Group,Unicorn Nursery,,
2019-01-22,7818.8,People (Childrens) Service Group,Kids Adventures Forest School,,
2019-01-22,7978.25,People (Childrens) Service Group,Kiddiewinkles Pre School,,
2019-01-22,8002.5,People (Childrens) Service Group,Kidz Corner Childcare Ltd,,
2019-01-22,8252.35,People (Childrens) Service Group,T/A Holyrood Day Nursery (Swinton),,
2019-01-22,8334.7,People (Childrens) Service Group,Tinytots Vision Ltd,,
2019-01-22,8794.5,People (Childrens) Service Group,Folly Brook Nursery Ltd,,
2019-01-22,9069.5,People (Childrens) Service Group,Kids Planet Day Nurseries Ltd,,
2019-01-22,9200.4,People (Childrens) Service Group,Habonim Nursery,,
2019-01-22,9352.75,People (Childrens) Service Group,Little Gems Private Day Nursery,,
2019-01-22,9381.9,People (Childrens) Service Group,Holly House Day Nursery,,
2019-01-22,9424.47,People (Childrens) Service Group,T/A Holyrood Day Nursery - Salford,,
2019-01-22,9627.25,People (Childrens) Service Group,Kids Planet Day Nurseries Ltd,,
2019-01-22,9655.8,People (Childrens) Service Group,Clk Childcare Ltd,,
2019-01-22,10277.33,People (Childrens) Service Group,Bridgewater School,,
2019-01-22,10679.7,People (Childrens) Service Group,Care Chiefs,,
2019-01-22,10764.33,People (Childrens) Service Group,T/A Holyrood Day Nursery - Hope,,
2019-01-22,10865.8,People (Childrens) Service Group,Kids Planet Day Nurseries Ltd,,
2019-01-22,10936.75,People (Childrens) Service Group,Ladybird Private Day Nursery,,
2019-01-22,11024.75,People (Childrens) Service Group,Fledglings Day Nursery Worsley,,
2019-01-22,11144.5,People (Childrens) Service Group,T/A Holyrood Day Nursery - Media Ci,,
2019-01-22,11480.43,People (Childrens) Service Group,The New Girls School,,
2019-01-22,11571.71,People (Childrens) Service Group,Monton Village School Ltd,,
2019-01-22,12050.5,People (Childrens) Service Group,Care Chiefs,,
2019-01-22,12213.85,People (Childrens) Service Group,Kidzrus Nursery Ltd-Langworth Rd,,
2019-01-22,12327.04,People (Childrens) Service Group,Cottage Nursery,,
2019-01-22,12371.15,People (Childrens) Service Group,Branwood Preparatory School,,
2019-01-22,13695,People (Childrens) Service Group,Nutkins Play & Learn Centre,,
2019-01-22,15189,People (Childrens) Service Group,Kids Planet Day Nurseries Ltd,,
2019-01-22,15473.15,People (Childrens) Service Group,Talmud Torah Yetev Lev Ltd-Nursery,,
2019-01-22,15921.4,People (Childrens) Service Group,Beis Malka Beiz Girls-Nursery,,
2019-01-22,16038,People (Childrens) Service Group,Ladybird Private Day Nursery,,
2019-01-22,17331.6,People (Childrens) Service Group,Toras Emes,,
2019-01-22,18737.88,People (Childrens) Service Group,S & W Tlp (Project Co One) Ltd,,
2019-01-22,18782.01,People (Childrens) Service Group,Bnos Yisroel Schools Manchester Ltd,,
2019-01-22,19602,People (Childrens) Service Group,Broughton Jewish C F Academy,,
2019-01-22,20066.75,People (Childrens) Service Group,Broadoak Cp School,,
2019-01-22,20225.15,People (Childrens) Service Group,Manchester Jnr Girls School,,
2019-01-22,25096.5,People (Childrens) Service Group,Talmud Torah Chinuch N'Orim,,
2019-01-22,25485.39,People (Childrens) Service Group,Kids Planet Day Nurseries Ltd,,
2019-01-22,26760.47,People (Childrens) Service Group,Anglian Water Business Ltd (Nationa,,
2019-01-22,27090.65,People (Childrens) Service Group,Tashbar Academy Ltd,,
2019-01-22,38830.74,People (Childrens) Service Group,S & W Tlp (Project Co Two) Ltd,,
2019-01-22,56573.4,People (Childrens) Service Group,S & W Tlp (Project Co One) Ltd,,
2019-01-22,122895.55,People (Childrens) Service Group,S & W Tlp (Project Co Two) Ltd,,
2019-01-23,615,People (Childrens) Service Group,Budding Wood Day Nursery,,
2019-01-23,615,People (Childrens) Service Group,Evergreen Childrens Day Nursery,,
2019-01-23,615,People (Childrens) Service Group,Evergreen Childrens Day Nursery,,
2019-01-23,615,People (Childrens) Service Group,Redacted Data,,
2019-01-23,615,People (Childrens) Service Group,Rainbows Nursery,,
2019-01-23,622.37,Place Directorate,Schofield & Sons,,
2019-01-23,771.76,Capital expenditure,Fitness Warehouse Ltd,,
2019-01-23,838.96,Place Directorate,Schofield & Sons,,
2019-01-23,847.53,People (Childrens) Service Group,The Stables Day Nursery Monton,,
2019-01-23,977.77,Service Reform (Corp Bus & Transform),Whistl Uk Ltd,,
2019-01-23,1005,People (Childrens) Service Group,Randstad Public Services Limited,,
2019-01-23,1200,Capital expenditure,Hattrell Ds One Architects Llp,,
2019-01-23,1387.8,Place Directorate,Unique Specialist Services,,
2019-01-23,1795.3,People (Childrens) Service Group,Water Plus,,
2019-01-23,1922.8,People (Childrens) Service Group,Care Chiefs,,
2019-01-23,2843.7,Place Directorate,Carlton Fuels,,
2019-01-23,3070,Place Directorate,Salford Loaves And Fishes,,
2019-01-23,3906.5,Place Directorate,Mitie Security Ltd,,
2019-01-23,4009.37,Capital expenditure,Schofield & Sons Ltd,,
2019-01-23,6021.34,Service Reform (Corp Bus & Transform),Whistl Uk Ltd,,
2019-01-23,8940,Capital expenditure,Hattrell Ds One Architects Llp,,
2019-01-23,9600,Capital expenditure,Hattrell Ds One Architects Llp,,
2019-01-23,12429.08,Place Directorate,Mitie Security Ltd,,
2019-01-23,28502.49,Place Directorate,Workspace Design & Build Ltd,,
2019-01-23,36442,People (Childrens) Service Group,Continuum Support - Care Services L,,
2019-01-23,142695.58,Capital expenditure,A E Yates Ltd,,
2019-01-24,566.64,Place Directorate,Brake Bros Ltd,,
2019-01-24,598.8,Place Directorate,Bilway Marine Ltd,,
2019-01-24,619.2,Service Reform (Corp Bus & Transform),Sftaylor.Com,,
2019-01-24,626.4,People (Childrens) Service Group,Salford Supply Desk Ltd,,
2019-01-24,626.4,People (Childrens) Service Group,Salford Supply Desk Ltd,,
2019-01-24,666.9,Service Reform (Corp Bus & Transform),Forbes Solicitors,,
2019-01-24,708,Place Directorate,Solon Security,,
2019-01-24,720,People (Childrens) Service Group,Griffin Care Ltd,,
2019-01-24,759.05,Service Reform (Corp Bus & Transform),Premier Paper Gp,,
2019-01-24,832,Place Directorate,Laca Ltd - Lead Association For Cat,,
2019-01-24,1005,People (Childrens) Service Group,Randstad Public Services Limited,,
2019-01-24,1006.66,Capital expenditure,Orbis Protect Ltd,,
2019-01-24,1225,Place Directorate,Gateway Action (Salford),,
2019-01-24,1592.4,Capital expenditure,Invacare Ltd,,
2019-01-24,1621.27,People (Adults) - CHSC,David Phillips Group,,
2019-01-24,2425,Place Directorate,Special Spirits,,
2019-01-24,3000,Place Directorate,Warm Hut Uk Ltd,,
2019-01-24,3460,Service Reform (Corp Bus & Transform),Forbes Solicitors,,
2019-01-24,3625.24,Capital expenditure,C Smithies Builders,,
2019-01-24,3636.2,People (Childrens) Service Group,Spw Consultancy Ltd,,
2019-01-24,4034.4,Capital expenditure,Helping Hand Company,,
2019-01-24,4500,Service Reform (Corp Bus & Transform),Forbes Solicitors,,
2019-01-24,4514.93,Place Directorate,Cleggs Chilled Food Service,,
2019-01-24,5700,People (Adults) - CHSC,The Riverside Group,,
2019-01-24,6500,Service Reform (Corp Bus & Transform),Thompsons Solicitors,,
2019-01-24,6611.04,Capital expenditure,C Smithies Builders,,
2019-01-24,9654.9,Service Reform (Corp Bus & Transform),Forbes Solicitors,,
2019-01-24,11299.76,Service Reform (Corp Bus & Transform),Ingenitech Ltd,,
2019-01-24,11387.59,Service Reform (Corp Bus & Transform),Ingenitech Ltd,,
2019-01-24,13957.97,Service Reform (Corp Bus & Transform),Ingenitech Ltd,,
2019-01-24,16375.67,People (Childrens) Service Group,Birtenshaw Hall,,
2019-01-24,16375.67,People (Childrens) Service Group,Birtenshaw Hall,,
2019-01-24,165830.41,Capital expenditure,Seddon Construction Limited,,
2019-01-25,536.4,Service Reform (Corp Bus & Transform),T/A Govnet Communications,,
2019-01-25,538.16,Place Directorate,Brake Bros Ltd,,
2019-01-25,561.6,People (Childrens) Service Group,Teaching Personnel Ltd,,
2019-01-25,649.75,Place Directorate,Brake Bros Ltd,,
2019-01-25,720,People (Childrens) Service Group,P A Devine,,
2019-01-25,730.9,Place Directorate,Berendsen Uk Ltd,,
2019-01-25,761.62,Service Reform (Corp Bus & Transform),Manchester City Council,,
2019-01-25,801.46,Place Directorate,J Fletcher Engineers Ltd,,
2019-01-25,840,People (Childrens) Service Group,Saeed A Vakharia T/A Imperial Trave,,
2019-01-25,850.18,Service Reform (Corp Bus & Transform),Manchester City Council,,
2019-01-25,900,People (Childrens) Service Group,John Paul Taxis,,
2019-01-25,903.31,Service Reform (Corp Bus & Transform),Manchester City Council,,
2019-01-25,911,Service Reform (Corp Bus & Transform),Forbes Solicitors,,
2019-01-25,918,Place Directorate,J Fletcher Engineers Ltd,,
2019-01-25,1065.77,People (Childrens) Service Group,Together Trust,,
2019-01-25,1080,People (Childrens) Service Group,Martin J Armson,,
2019-01-25,1098.91,Place Directorate,Brake Bros Ltd,,
2019-01-25,1142.42,Service Reform (Corp Bus & Transform),Manchester City Council,,
2019-01-25,1200,People (Childrens) Service Group,First Quays Taxis,,
2019-01-25,1311.46,Place Directorate,Cooper Buildbase,,
2019-01-25,1320,Place Directorate,Academy 21 Ltd,,
2019-01-25,1325.6,People (Childrens) Service Group,Inspire Community Services,,
2019-01-25,1346.11,Service Reform (Corp Bus & Transform),Manchester City Council,,
2019-01-25,1348.8,Service Reform (Corp Bus & Transform),Forbes Solicitors,,
2019-01-25,1500,People (Childrens) Service Group,Redacted Data,,
2019-01-25,1602,Service Reform (Corp Bus & Transform),Prospray,,
2019-01-25,1652,People (Childrens) Service Group,M Shamim,,
2019-01-25,1655.56,Place Directorate,J Fletcher Engineers Ltd,,
2019-01-25,1684.47,People (Childrens) Service Group,Together Trust,,
2019-01-25,1698,Place Directorate,Societe Generale Equipment Fin Ltd,,
2019-01-25,1698,Place Directorate,Societe Generale Equipment Fin Ltd,,
2019-01-25,1797.16,Place Directorate,J Fletcher Engineers Ltd,,
2019-01-25,1836,Capital expenditure,Horticon Limited,,
2019-01-25,2320.5,Service Reform (Corp Bus & Transform),Weightmans Llp,,
2019-01-25,2495.05,Service Reform (Corp Bus & Transform),Forbes Solicitors,,
2019-01-25,2568.35,People (Childrens) Service Group,Inspire Community Services,,
2019-01-25,2692.39,Place Directorate,J Fletcher Engineers Ltd,,
2019-01-25,2712.3,Service Reform (Corp Bus & Transform),Forbes Solicitors,,
2019-01-25,2790.52,People (Childrens) Service Group,Together Trust,,
2019-01-25,2820.57,People (Childrens) Service Group,Together Trust,,
2019-01-25,3396,Service Reform (Corp Bus & Transform),Forbes Solicitors,,
2019-01-25,3647.17,People (Childrens) Service Group,J Fletcher Engineers Ltd,,
2019-01-25,5025.3,People (Childrens) Service Group,Express Travels (Bolton) Ltd,,
2019-01-25,5640,Capital expenditure,General Utilities North West Ltd,,
2019-01-25,6850,People (Adults) - CHSC,Quickbricksonline,,
2019-01-25,7655,People (Childrens) Service Group,Crossroads Together Ltd,,
2019-01-25,9528,People (Childrens) Service Group,Together Trust,,
2019-01-28,500.89,Place Directorate,Brake Bros Ltd,,
2019-01-28,503.5,Place Directorate,Manchester & District Home For Lost,,
2019-01-28,504.62,Place Directorate,Schofield & Sons,,
2019-01-28,516.53,Place Directorate,Brake Bros Ltd,,
2019-01-28,525,People (Childrens) Service Group,Pennine Care In Patient Services Pr,,
2019-01-28,559,Service Reform (Corp Bus & Transform),Amzn Mktp Uk,,
2019-01-28,579,Place Directorate,Schofield & Sons,,
2019-01-28,600,People (Childrens) Service Group,Lancashire County Council,,
2019-01-28,622.92,People (Childrens) Service Group,Www.Argos.Co.Uk,,
2019-01-28,682.08,Place Directorate,Hsl Compliance,,
2019-01-28,688.08,Place Directorate,Hsl Compliance,,
2019-01-28,690,People (Childrens) Service Group,Lucas Training  Consultancy Ltd,,
2019-01-28,698.32,Place Directorate,Hsl Compliance,,
2019-01-28,698.8,Place Directorate,Hsl Compliance,,
2019-01-28,700,Capital expenditure,Print Pattern Archive Ltd,,
2019-01-28,746.08,Place Directorate,Creamline Dairies Traffor,,
2019-01-28,778.52,Place Directorate,Hsl Compliance,,
2019-01-28,838.8,People (Childrens) Service Group,Associated Cleaning Contractors Ltd,,
2019-01-28,855.6,Place Directorate,Hsl Compliance,,
2019-01-28,971.75,Place Directorate,Salford Royal Nhs Foundation Trust,,
2019-01-28,981.6,Place Directorate,Hsl Compliance,,
2019-01-28,1094.38,People (Childrens) Service Group,Schofield & Sons,,
2019-01-28,1280,People (Childrens) Service Group,Salford City College,,
2019-01-28,1584.16,Place Directorate,Hsl Compliance,,
2019-01-28,1645.45,Place Directorate,Quayside Bakery,,
2019-01-28,1925,People (Childrens) Service Group,Pennine Care In Patient Services Pr,,
2019-01-28,2950,People (Adults) - CHSC,Quickbricksonline,,
2019-01-28,3214.73,Place Directorate,Reach Publishing Services Ltd,,
2019-01-28,3339.97,People (Childrens) Service Group,S & W Tlp (Project Co Two) Ltd,,
2019-01-28,3750,People (Childrens) Service Group,Special Spirits,,
2019-01-28,4729,People (Childrens) Service Group,Wigan Council,,
2019-01-28,4753.67,People (Childrens) Service Group,Birtenshaw Hall,,
2019-01-28,5600,People (Adults) - CHSC,Quickbricksonline,,
2019-01-28,5701.06,Place Directorate,Hsl Compliance,,
2019-01-28,6666.67,Public Health,Gmw Mental Health Nhs Ft,,
2019-01-28,6877.01,People (Childrens) Service Group,Cora Foundation,,
2019-01-28,9360,Capital expenditure,Alan Franklin Builders Ltd,,
2019-01-28,9418.8,Place Directorate,Vaisala Ltd,,
2019-01-28,12561.13,Place Directorate,Www.Scottish.Southern.,,
2019-01-28,13633.96,Place Directorate,Water Plus,,
2019-01-28,19351.2,People (Childrens) Service Group,Evidence Based Psychology Hub Ltd,,
2019-01-28,19900,People (Childrens) Service Group,Chaigeley Educational Foundation,,
2019-01-28,27400,Capital expenditure,The Lowry Centre Trust,,
2019-01-28,30455.33,People (Childrens) Service Group,Cora Foundation,,
2019-01-28,33100,Place Directorate,The Lowry Centre Trust,,
2019-01-28,107492.4,People (Childrens) Service Group,Trafford Mbc,,
2019-01-28,270915.9,Public Health,Bha For Equality In Health & Social,,
2019-01-28,439206,Public Health,Salford Royal Nhs Foundation Trust,,
2019-01-29,530.81,Place Directorate,Brake Bros Ltd,,
2019-01-29,533.12,Place Directorate,Brake Bros Ltd,,
2019-01-29,538.2,People (Childrens) Service Group,Redacted Data,,
2019-01-29,552.78,People (Adults) - CHSC,David Phillips Group,,
2019-01-29,576,People (Childrens) Service Group,Mcginley Education,,
2019-01-29,619.2,Place Directorate,Alliance Disposables Ltd,,
2019-01-29,644.86,People (Childrens) Service Group,S & W Tlp (Project Co Two) Ltd,,
2019-01-29,648,Place Directorate,R H Smith Engineering Ltd,,
2019-01-29,648,Place Directorate,R H Smith Engineering Ltd,,
2019-01-29,648,Place Directorate,R H Smith Engineering Ltd,,
2019-01-29,653.05,Place Directorate,Brake Bros Ltd,,
2019-01-29,720,Place Directorate,Transport For Greater Manchester,,
2019-01-29,747.94,People (Adults) - CHSC,David Phillips Group,,
2019-01-29,804.2,Place Directorate,Emo Oil Ltd,,
2019-01-29,907.56,People (Childrens) Service Group,Jla Ltd,,
2019-01-29,960,Place Directorate,Transport For Greater Manchester,,
2019-01-29,1137.6,Place Directorate,Ags Tech Ltd,,
2019-01-29,1160.4,People (Adults) - CHSC,David Phillips Group,,
2019-01-29,1200,Capital expenditure,Transport For Greater Manchester,,
2019-01-29,1208.64,Service Reform (Corp Bus & Transform),Eco Air Control Ltd,,
2019-01-29,1230,People (Childrens) Service Group,Protocol Education,,
2019-01-29,1248,Place Directorate,W T Gunson,,
2019-01-29,1302,Capital expenditure,G Jones Builders Ltd,,
2019-01-29,1431.49,People (Adults) - CHSC,David Phillips Group,,
2019-01-29,1533.23,People (Adults) - CHSC,David Phillips Group,,
2019-01-29,1596.43,People (Adults) - CHSC,David Phillips Group,,
2019-01-29,1644,Capital expenditure,Horticon Limited,,
2019-01-29,1851,People (Adults) - CHSC,Paypoint Plc,,
2019-01-29,1916.78,Capital expenditure,Gilks (Nantwich) Ltd,,
2019-01-29,2108.1,People (Childrens) Service Group,Barnardos North West,,
2019-01-29,2140,Place Directorate,W T Gunson,,
2019-01-29,2450,People (Childrens) Service Group,St Johns Ce Primary School,,
2019-01-29,2553.72,Service Reform (Corp Bus & Transform),Salford Royal Nhs Foundation Trust,,
2019-01-29,2980.32,Place Directorate,Northern Municipal Spares Ltd,,
2019-01-29,3000,Capital expenditure,G Jones Builders Ltd,,
2019-01-29,3138,Capital expenditure,Stannah Stairlifts Ltd,,
2019-01-29,4292.86,Service Reform (Corp Bus & Transform),Www.Restore.Co.Uk,,
2019-01-29,5280,Capital expenditure,G Jones Builders Ltd,,
2019-01-29,8400,Service Reform (Corp Bus & Transform),Salford Royal Nhs Foundation Trust,,
2019-01-29,9700,Service Reform (Corp Bus & Transform),Manchester City Council,,
2019-01-29,10118,People (Childrens) Service Group,Swinton Travel Ltd,,
2019-01-29,10166.66,Service Reform (Corp Bus & Transform),Salford Royal Nhs Foundation Trust,,
2019-01-29,11110.61,Capital expenditure,Horticon Ltd,,
2019-01-29,19708.45,Place Directorate,Mitie Security Ltd,,
2019-01-29,28223.5,Place Directorate,Cromwood Housing Ltd,,
2019-01-29,34953,People (Adults) - CHSC,Cromwood Housing Ltd,,
2019-01-30,510,People (Childrens) Service Group,The Training Company,,
2019-01-30,521.38,Place Directorate,Brake Bros Ltd,,
2019-01-30,525.59,People (Childrens) Service Group,Gazprom Energy,,
2019-01-30,547.2,People (Childrens) Service Group,Scotts Private Hire Taxis Ltd,,
2019-01-30,577.59,Place Directorate,Brake Bros Ltd,,
2019-01-30,638.98,People (Childrens) Service Group,Trainline,,
2019-01-30,658.97,Place Directorate,Brake Bros Ltd,,
2019-01-30,867,People (Adults) - CHSC,Appliance World,,
2019-01-30,886.18,Capital expenditure,Solon Security,,
2019-01-30,907.95,People (Childrens) Service Group,Salix Homes Limited,,
2019-01-30,974.4,Place Directorate,M Assessment Services Ltd,,
2019-01-30,1008,People (Childrens) Service Group,Scotts Private Hire Taxis Ltd,,
2019-01-30,1215,People (Childrens) Service Group,Midstream (West Lancs) Ltd,,
2019-01-30,1609.8,People (Childrens) Service Group,Wrixon Care,,
2019-01-30,1650,People (Childrens) Service Group,M & Q Properties Management Ltd,,
2019-01-30,1705,People (Childrens) Service Group,M & Q Properties Management Ltd,,
2019-01-30,1752,Service Reform (Corp Bus & Transform),Ad Merchandise Limited,,
2019-01-30,2086.8,People (Childrens) Service Group,Broadoak Cp School,,
2019-01-30,2799.84,Place Directorate,Bureau Veritas Uk Ltd,,
2019-01-30,2940,People (Childrens) Service Group,Rm Education Plc,,
2019-01-30,3380,People (Childrens) Service Group,Csin Cic,,
2019-01-30,4382.4,Capital expenditure,Dolphin Mobility Ltd,,
2019-01-30,4500,People (Childrens) Service Group,Salford Community Leisure Ltd,,
2019-01-30,4601.87,Service Reform (Corp Bus & Transform),Esure,,
2019-01-30,6000,Place Directorate,Eversheds Sutherland (Inter) Llp,,
2019-01-30,9000,Place Directorate,Salford Community & Voluntary Serv,,
2019-01-30,10200,People (Childrens) Service Group,Core Assets Childrens Services Ltd,,
2019-01-30,11700,People (Childrens) Service Group,Core Assets Childrens Services Ltd,,
2019-01-30,17670,People (Childrens) Service Group,Together Trust,,
2019-01-30,18666,Place Directorate,Manchester City Mission,,
2019-01-30,23666.67,People (Childrens) Service Group,Oliver House Priory,,
2019-01-30,28196.32,People (Childrens) Service Group,Glendale Interiors Ltd,,
2019-01-30,210816.67,Capital expenditure,P Casey & Co Ltd,,
2019-01-31,5028.37,Public Health,Central Manchester University,,
2019-01-31,2000,People (Childrens) Service Group,Together Trust,,
2019-01-31,2000,People (Childrens) Service Group,Together Trust,,
2019-01-31,577.59,Place Directorate,Brake Bros Ltd,,
2019-01-31,509.29,Place Directorate,Brake Bros Ltd,,
2019-01-31,522.05,Place Directorate,Brake Bros Ltd,,
2019-01-31,524.7,People (Childrens) Service Group,Clk Childcare Ltd,,
2019-01-31,524.7,People (Childrens) Service Group,St Augustine'S Ce Primary School,,
2019-01-31,540,Service Reform (Corp Bus & Transform),Cipfa Business Ltd,,
2019-01-31,540,Service Reform (Corp Bus & Transform),Cipfa Business Ltd,,
2019-01-31,544.8,Place Directorate,Lodge Tyre Co.Ltd,,
2019-01-31,550,People (Adults) - CHSC,Trivelles Cross La,,
2019-01-31,583,People (Childrens) Service Group,Dukesgate Academy,,
2019-01-31,608,People (Childrens) Service Group,Tackling Track Safety Project,,
2019-01-31,612.15,People (Childrens) Service Group,Holly House Day Nursery,,
2019-01-31,640.75,Place Directorate,Wilds Of Oldham,,
2019-01-31,641.3,People (Childrens) Service Group,Kids Planet Day Nurseries Ltd,,
2019-01-31,690,Place Directorate,Lodge Tyre Co.Ltd,,
2019-01-31,720,Place Directorate,Warrington Truck Parts Ltd,,
2019-01-31,736.62,Place Directorate,Creamline Dairies Traffor,,
2019-01-31,757.9,People (Childrens) Service Group,Care Chiefs,,
2019-01-31,779.4,Place Directorate,Lodge Tyre Co.Ltd,,
2019-01-31,808.25,People (Childrens) Service Group,Mice To Meet You Playgroup Ltd,,
2019-01-31,832.22,Place Directorate,Alliance Disposables Ltd,,
2019-01-31,950.4,Service Reform (Corp Bus & Transform),Sedgwick International Uk,,
2019-01-31,960,Service Reform (Corp Bus & Transform),Sedgwick International Uk,,
2019-01-31,963.72,People (Childrens) Service Group,Adt Fire And Security Plc,,
2019-01-31,1003.54,Place Directorate,Barry & Son Ltd,,
2019-01-31,1012.6,People (Childrens) Service Group,Stephen A Marron T/A Sam Travel,,
2019-01-31,1020,People (Childrens) Service Group,Lords Independent School,,
2019-01-31,1085.78,Place Directorate,Warrington Truck Parts Ltd,,
2019-01-31,1107.7,People (Childrens) Service Group,Kids Planet Day Nurseries Ltd,,
2019-01-31,1123.89,Place Directorate,Hn Nuttall Ltd,,
2019-01-31,1124.6,Service Reform (Corp Bus & Transform),Electoral Reform Services,,
2019-01-31,1224.3,People (Childrens) Service Group,Ladybird Private Day Nursery,,
2019-01-31,1271.15,Place Directorate,Cheshire Food Services,,
2019-01-31,1353.64,Capital expenditure,Xma Ltd,,
2019-01-31,1771.2,Place Directorate,Hodgkinson Bennis Ltd,,
2019-01-31,1900.16,Place Directorate,Quayside Bakery,,
2019-01-31,1903,Place Directorate,Salford Volunteer Rangers Forum,,
2019-01-31,1920,Place Directorate,The Court Service,,
2019-01-31,2160,Place Directorate,Tinytots Vision Ltd,,
2019-01-31,2460,People (Childrens) Service Group,New Park Academy,,
2019-01-31,2561.44,Service Reform (Corp Bus & Transform),Equita Limited,,
2019-01-31,3123,Service Reform (Corp Bus & Transform),Thompsons Solicitors,,
2019-01-31,3450,People (Adults) - CHSC,Quickbricksonline,,
2019-01-31,3500,People (Adults) - CHSC,Quickbricksonline,,
2019-01-31,4647.07,Place Directorate,Utilities Services (Media City Uk ),,
2019-01-31,4826,People (Childrens) Service Group,Wargrave House Ltd,,
2019-01-31,6170,People (Adults) - CHSC,Quickbricksonline,,
2019-01-31,6716.19,Public Health,Central Manchester University,,
2019-01-31,10145.17,People (Childrens) Service Group,Central Manchester University,,
2019-01-31,11088,Capital expenditure,One51 Es Plastics (Uk) Ltd,,
2019-01-31,11167.12,Service Reform (Corp Bus & Transform),Softcat Limited,,
2019-01-31,11880,Capital expenditure,One51 Es Plastics (Uk) Ltd,,
2019-01-31,12000,Capital expenditure,Wild In Art Ltd,,
2019-01-31,13545.32,Place Directorate,Manchester Ship Canal Company,,
2019-01-31,15493.7,People (Childrens) Service Group,Together Trust,,
2019-01-31,16619.81,People (Childrens) Service Group,Metropolitan Borough Of Wigan,,
2019-01-31,16740.25,Service Reform (Corp Bus & Transform),Softcat Limited,,
2019-01-31,18070.79,People (Childrens) Service Group,Seashell Trust,,
2019-01-31,66392,Place Directorate,Salford Community & Voluntary Serv,,
2019-01-31,81583.67,Place Directorate,Nsl Ltd,,
2019-01-31,90000,Place Directorate,Capita Business Servs,,
2019-01-31,90170.27,Place Directorate,Capita Business Servs,,
2019-01-31,91322.32,Place Directorate,Manchester Ship Canal Company,,
2019-01-31,709830.87,Public Health,Gmw Mental Health Nhs Ft,,
