Supplier Name,Category Family,Invoice GL Date,Spend
AECOM Infrastructure & Environment UK Ltd,Track,2021-04-01,62499.15
AECOM Ltd,General Civils,2021-04-01,593650.00
AECOM Ltd,Professional Services Direct,2021-04-01,373763.54
AECOM Ltd,Track,2021-04-01,52526.90
AECOM Ltd,Track,2021-04-01,297528.00
AECOM Ltd,Track,2021-04-01,529339.00
AECOM Ltd,Track,2021-04-01,175793.34
AECOM Ltd,Track,2021-04-01,59125.66
AECOM Ltd,Track,2021-04-06,88987.20
AECOM Ltd,Track,2021-04-16,47093.06
AECOM Ltd,Track,2021-04-26,37534.05
AECOM Ltd,Track,2021-04-26,69666.70
AECOM Ltd,Track,2021-04-26,88113.01
AECOM Ltd,Track,2021-04-26,31125.47
AECOM Ltd,Track,2021-04-26,61528.41
AECOM Ltd,Track,2021-04-29,31976.76
AECOM Ltd,Track,2021-04-29,227828.53
Addleshaw Goddard LLP,Land & Property Acquisitions (incl. Business Consultancy),2021-04-14,45480.00
Addleshaw Goddard LLP,Land & Property Acquisitions (incl. Business Consultancy),2021-04-22,33900.00
Alstom Transport UK Ltd,Professional Services Direct,2021-04-13,1275645.17
Alstom Transport UK Ltd,Professional Services Direct,2021-04-20,46504.94
Alstom Transport UK Ltd,Signalling,2021-04-15,652177.83
Alstom Transport UK Ltd,Signalling,2021-04-15,301212.98
Alstom Transport UK Ltd,Signalling,2021-04-16,149922.97
Alstom Transport UK Ltd,Signalling,2021-04-19,56571.04
Alstom Transport UK Ltd,Signalling,2021-04-20,286020.21
Alstom Transport UK Ltd,Signalling,2021-04-21,1004118.01
Alstom Transport UK Ltd,Signalling,2021-04-21,65566.47
Alstom Transport UK Ltd,Signalling,2021-04-21,175631.40
Alstom Transport UK Ltd,Signalling,2021-04-21,55757.08
Alstom Transport UK Ltd,Signalling,2021-04-22,563960.48
Alstom Transport UK Ltd,Signalling,2021-04-23,276523.75
Alstom Transport UK Ltd,Signalling,2021-04-26,235178.08
Alstom Transport UK Ltd,Signalling,2021-04-29,90079.22
Alun Griffiths (Contractors) Ltd,Buildings,2021-04-16,992325.59
Alun Griffiths (Contractors) Ltd,General Civils,2021-04-07,31586.66
Alun Griffiths (Contractors) Ltd,General Civils,2021-04-12,167530.04
Alun Griffiths (Contractors) Ltd,General Civils,2021-04-12,75952.93
Alun Griffiths (Contractors) Ltd,General Civils,2021-04-14,435741.30
Alun Griffiths (Contractors) Ltd,General Civils,2021-04-15,315298.14
Alun Griffiths (Contractors) Ltd,General Civils,2021-04-16,81462.74
Alun Griffiths (Contractors) Ltd,General Civils,2021-04-16,29457.54
Alun Griffiths (Contractors) Ltd,General Civils,2021-04-20,25334.56
Amalgamated Construction Ltd,Buildings,2021-04-01,88656.51
Amalgamated Construction Ltd,Buildings,2021-04-01,56012.87
Amalgamated Construction Ltd,Buildings,2021-04-08,176007.97
Amalgamated Construction Ltd,Buildings,2021-04-11,55775.96
Amalgamated Construction Ltd,Buildings,2021-04-12,121626.96
Amalgamated Construction Ltd,Buildings,2021-04-13,833517.69
Amalgamated Construction Ltd,Buildings,2021-04-13,538380.25
Amalgamated Construction Ltd,Buildings,2021-04-16,34679.50
Amalgamated Construction Ltd,Buildings,2021-04-20,32120.65
Amalgamated Construction Ltd,Buildings,2021-04-20,48000.00
Amalgamated Construction Ltd,Buildings,2021-04-22,41418.74
Amalgamated Construction Ltd,Buildings,2021-04-23,136596.76
Amalgamated Construction Ltd,Buildings,2021-04-23,28495.45
Amalgamated Construction Ltd,Buildings,2021-04-23,45813.92
Amalgamated Construction Ltd,Buildings,2021-04-26,95803.89
Amalgamated Construction Ltd,Buildings,2021-04-26,71064.91
Amalgamated Construction Ltd,Buildings,2021-04-26,27282.00
Amalgamated Construction Ltd,Buildings,2021-04-26,30559.31
Amalgamated Construction Ltd,Electrification and Fixed Plant,2021-04-14,29111.81
Amalgamated Construction Ltd,Electrification and Fixed Plant,2021-04-19,244563.59
Amalgamated Construction Ltd,Electrification and Fixed Plant,2021-04-19,252180.05
Amalgamated Construction Ltd,General Civils,2021-04-01,251387.49
Amalgamated Construction Ltd,General Civils,2021-04-01,124945.68
Amalgamated Construction Ltd,General Civils,2021-04-01,351637.65
Amalgamated Construction Ltd,General Civils,2021-04-01,87409.27
Amalgamated Construction Ltd,General Civils,2021-04-01,29766.35
Amalgamated Construction Ltd,General Civils,2021-04-01,40807.11
Amalgamated Construction Ltd,General Civils,2021-04-09,286362.10
Amalgamated Construction Ltd,General Civils,2021-04-09,28967.26
Amalgamated Construction Ltd,General Civils,2021-04-09,184392.71
Amalgamated Construction Ltd,General Civils,2021-04-09,822929.47
Amalgamated Construction Ltd,General Civils,2021-04-09,42799.44
Amalgamated Construction Ltd,General Civils,2021-04-09,180510.60
Amalgamated Construction Ltd,General Civils,2021-04-09,320919.40
Amalgamated Construction Ltd,General Civils,2021-04-09,638914.33
Amalgamated Construction Ltd,General Civils,2021-04-09,43859.54
Amalgamated Construction Ltd,General Civils,2021-04-09,150305.42
Amalgamated Construction Ltd,General Civils,2021-04-09,179485.00
Amalgamated Construction Ltd,General Civils,2021-04-09,229531.11
Amalgamated Construction Ltd,General Civils,2021-04-09,36341.28
Amalgamated Construction Ltd,General Civils,2021-04-09,65420.95
Amalgamated Construction Ltd,General Civils,2021-04-09,27070.86
Amalgamated Construction Ltd,General Civils,2021-04-09,25909.32
Amalgamated Construction Ltd,General Civils,2021-04-12,513743.05
Amalgamated Construction Ltd,General Civils,2021-04-13,110476.02
Amalgamated Construction Ltd,General Civils,2021-04-13,474253.95
Amalgamated Construction Ltd,General Civils,2021-04-13,143907.42
Amalgamated Construction Ltd,General Civils,2021-04-13,28467.60
Amalgamated Construction Ltd,General Civils,2021-04-13,137295.78
Amalgamated Construction Ltd,General Civils,2021-04-13,34132.91
Amalgamated Construction Ltd,General Civils,2021-04-13,59229.57
Amalgamated Construction Ltd,General Civils,2021-04-14,56782.36
Amalgamated Construction Ltd,General Civils,2021-04-14,37621.95
Amalgamated Construction Ltd,General Civils,2021-04-14,39979.38
Amalgamated Construction Ltd,General Civils,2021-04-14,133779.16
Amalgamated Construction Ltd,General Civils,2021-04-14,55852.64
Amalgamated Construction Ltd,General Civils,2021-04-14,127866.61
Amalgamated Construction Ltd,General Civils,2021-04-14,53125.95
Amalgamated Construction Ltd,General Civils,2021-04-14,36113.91
Amalgamated Construction Ltd,General Civils,2021-04-14,44542.20
Amalgamated Construction Ltd,General Civils,2021-04-14,83974.17
Amalgamated Construction Ltd,General Civils,2021-04-14,172098.77
Amalgamated Construction Ltd,General Civils,2021-04-14,147605.24
Amalgamated Construction Ltd,General Civils,2021-04-14,236992.18
Amalgamated Construction Ltd,General Civils,2021-04-14,162821.60
Amalgamated Construction Ltd,General Civils,2021-04-14,27475.52
Amalgamated Construction Ltd,General Civils,2021-04-14,56376.66
Amalgamated Construction Ltd,General Civils,2021-04-14,72505.43
Amalgamated Construction Ltd,General Civils,2021-04-14,39747.62
Amalgamated Construction Ltd,General Civils,2021-04-14,25036.39
Amalgamated Construction Ltd,General Civils,2021-04-15,38786.57
Amalgamated Construction Ltd,General Civils,2021-04-15,258513.67
Amalgamated Construction Ltd,General Civils,2021-04-15,30799.43
Amalgamated Construction Ltd,General Civils,2021-04-16,245550.97
Amalgamated Construction Ltd,General Civils,2021-04-16,247805.70
Amalgamated Construction Ltd,General Civils,2021-04-16,521556.92
Amalgamated Construction Ltd,General Civils,2021-04-19,29214.14
Amalgamated Construction Ltd,General Civils,2021-04-19,119998.50
Amalgamated Construction Ltd,General Civils,2021-04-19,28601.29
Amalgamated Construction Ltd,General Civils,2021-04-20,104425.08
Amalgamated Construction Ltd,General Civils,2021-04-20,209176.51
Amalgamated Construction Ltd,General Civils,2021-04-21,172122.45
Amalgamated Construction Ltd,General Civils,2021-04-21,255689.98
Amalgamated Construction Ltd,General Civils,2021-04-21,121687.25
Amalgamated Construction Ltd,General Civils,2021-04-21,259621.87
Amalgamated Construction Ltd,General Civils,2021-04-22,57000.28
Amalgamated Construction Ltd,General Civils,2021-04-22,85808.02
Amalgamated Construction Ltd,General Civils,2021-04-22,72806.25
Amalgamated Construction Ltd,General Civils,2021-04-22,448518.87
Amalgamated Construction Ltd,General Civils,2021-04-22,118723.00
Amalgamated Construction Ltd,General Civils,2021-04-22,861561.70
Amalgamated Construction Ltd,General Civils,2021-04-22,126862.51
Amalgamated Construction Ltd,General Civils,2021-04-22,150664.45
Amalgamated Construction Ltd,General Civils,2021-04-22,569281.60
Amalgamated Construction Ltd,General Civils,2021-04-22,36354.45
Amalgamated Construction Ltd,General Civils,2021-04-22,91406.80
Amalgamated Construction Ltd,General Civils,2021-04-22,46549.55
Amalgamated Construction Ltd,General Civils,2021-04-22,50547.97
Amalgamated Construction Ltd,General Civils,2021-04-22,39887.00
Amalgamated Construction Ltd,General Civils,2021-04-22,74672.52
Amalgamated Construction Ltd,General Civils,2021-04-22,149942.08
Amalgamated Construction Ltd,General Civils,2021-04-22,162531.54
Amalgamated Construction Ltd,General Civils,2021-04-22,167726.95
Amalgamated Construction Ltd,General Civils,2021-04-23,53722.57
Amalgamated Construction Ltd,General Civils,2021-04-23,277390.60
Amalgamated Construction Ltd,General Civils,2021-04-23,49527.19
Amalgamated Construction Ltd,General Civils,2021-04-23,87139.63
Amalgamated Construction Ltd,General Civils,2021-04-23,25322.18
Amalgamated Construction Ltd,General Civils,2021-04-23,53393.04
Amalgamated Construction Ltd,General Civils,2021-04-23,941161.60
Amalgamated Construction Ltd,General Civils,2021-04-26,48405.93
Amalgamated Construction Ltd,General Civils,2021-04-26,33100.31
Amalgamated Construction Ltd,General Civils,2021-04-26,37928.39
Amalgamated Construction Ltd,General Civils,2021-04-26,77578.63
Amalgamated Construction Ltd,General Civils,2021-04-27,116021.21
Amalgamated Construction Ltd,General Civils,2021-04-27,100123.13
Amalgamated Construction Ltd,General Civils,2021-04-28,114281.03
Amalgamated Construction Ltd,General Civils,2021-04-28,32107.97
Amalgamated Construction Ltd,General Civils,2021-04-29,130722.40
Amalgamated Construction Ltd,General Civils,2021-04-29,115764.89
Amalgamated Construction Ltd,General Civils,2021-04-29,139449.81
Amalgamated Construction Ltd,General Civils,2021-04-29,54745.18
Amalgamated Construction Ltd,General Civils,2021-04-30,67405.57
Amalgamated Construction Ltd,Professional Services Direct,2021-04-09,25796.48
Amalgamated Construction Ltd,Professional Services Direct,2021-04-14,47411.09
Amalgamated Construction Ltd,Professional Services Direct,2021-04-14,36297.30
Amalgamated Construction Ltd,Professional Services Direct,2021-04-14,34813.62
Amalgamated Construction Ltd,Signalling,2021-04-01,31496.00
Amalgamated Construction Ltd,Signalling,2021-04-13,287769.91
Amalgamated Construction Ltd,Signalling,2021-04-22,26399.15
Amalgamated Construction Ltd,Telecoms,2021-04-07,85921.55
Amalgamated Construction Ltd,Telecoms,2021-04-07,64571.76
Amalgamated Construction Ltd,Track,2021-04-06,205155.30
Amalgamated Construction Ltd,Track,2021-04-21,115348.02
Amalgamated Construction Ltd,Track,2021-04-28,29029.12
Amalgamated Construction Ltd,Track,2021-04-28,289755.05
Amaro Signalling Ltd,Signalling,2021-04-13,66509.35
Amaro Signalling Ltd,Signalling,2021-04-14,40357.37
Amaro Signalling Ltd,Signalling,2021-04-15,26305.67
Amaro Signalling Ltd,Signalling,2021-04-26,72463.78
Amey OWR Ltd,Professional Services Direct,2021-04-15,186226.04
Amey OWR Ltd,Professional Services Direct,2021-04-15,266212.44
Amey OWR Ltd,Professional Services Direct,2021-04-16,527533.10
Amey OWR Ltd,Professional Services Direct,2021-04-19,1578380.78
Amey Rail Ltd,Buildings,2021-04-14,1774823.39
Amey Rail Ltd,Buildings,2021-04-14,2290218.61
Amey Rail Ltd,Electrification and Fixed Plant,2021-04-06,53085.73
Amey Rail Ltd,Electrification and Fixed Plant,2021-04-07,160265.31
Amey Rail Ltd,Electrification and Fixed Plant,2021-04-07,57248.97
Amey Rail Ltd,Electrification and Fixed Plant,2021-04-07,25485.16
Amey Rail Ltd,Electrification and Fixed Plant,2021-04-07,28827.58
Amey Rail Ltd,Electrification and Fixed Plant,2021-04-07,76849.01
Amey Rail Ltd,Electrification and Fixed Plant,2021-04-07,29064.60
Amey Rail Ltd,Electrification and Fixed Plant,2021-04-07,42768.52
Amey Rail Ltd,Electrification and Fixed Plant,2021-04-07,68158.99
Amey Rail Ltd,Electrification and Fixed Plant,2021-04-08,157964.47
Amey Rail Ltd,Electrification and Fixed Plant,2021-04-08,253642.72
Amey Rail Ltd,Electrification and Fixed Plant,2021-04-09,210803.00
Amey Rail Ltd,Electrification and Fixed Plant,2021-04-14,200590.00
Amey Rail Ltd,Electrification and Fixed Plant,2021-04-20,95270.83
Amey Rail Ltd,Electrification and Fixed Plant,2021-04-29,143372.85
Amey Rail Ltd,General Civils,2021-04-19,56911.40
Amey Rail Ltd,General Civils,2021-04-27,75348.95
Amey Rail Ltd,Professional Services Direct,2021-04-16,645735.12
Amey Rail Ltd,Professional Services Direct,2021-04-16,979118.53
Amey Rail Ltd,Professional Services Direct,2021-04-16,78451.11
Amey Rail Ltd,Professional Services Direct,2021-04-16,2545179.11
Amey Rail Ltd,Signalling,2021-04-01,57955.52
Amey Rail Ltd,Signalling,2021-04-01,78802.01
Amey Rail Ltd,Signalling,2021-04-06,148449.38
Amey Rail Ltd,Signalling,2021-04-08,1573722.43
Amey Rail Ltd,Signalling,2021-04-16,120414.32
Amey Rail Ltd,Signalling,2021-04-16,49071.75
Amey Rail Ltd,Signalling,2021-04-29,40138.04
Amey Rail Ltd,Track,2021-04-19,104159.78
AmeyInabensa,Electrification and Fixed Plant,2021-04-20,571554.41
AmeyInabensa,Electrification and Fixed Plant,2021-04-20,204983.50
Atkins Ltd,Professional Services Direct,2021-04-08,297651.86
Atkins Ltd,Professional Services Direct,2021-04-22,116989.92
Atkins Ltd,Professional Services Direct,2021-04-23,417077.69
Atkins Ltd,Professional Services Direct,2021-04-26,111074.88
Atkins Ltd,Signalling,2021-04-01,56079.00
Atkins Ltd,Signalling,2021-04-08,464326.35
Atkins Ltd,Signalling,2021-04-08,644847.47
Atkins Ltd,Signalling,2021-04-20,404347.74
Atkins Ltd,Signalling,2021-04-20,249555.25
Atkins Ltd,Signalling,2021-04-22,55730.41
Atkins Ltd,Signalling,2021-04-26,404347.74
Atkins Ltd,Signalling,2021-04-30,379271.24
Atkins Ltd (RS Alliance Use Only),Professional Services Direct,2021-04-13,220671.75
Atkins Ltd (RS Alliance Use Only),Professional Services Direct,2021-04-14,50825.42
Atkins Ltd (RS Alliance Use Only),Professional Services Direct,2021-04-14,277996.08
Atkins Ltd (RS Alliance Use Only),Professional Services Direct,2021-04-14,29314.79
Atkins Ltd (RS Alliance Use Only),Professional Services Direct,2021-04-14,56535.90
Atkins Ltd (RS Alliance Use Only),Professional Services Direct,2021-04-14,28854.97
Atkins Ltd (RS Alliance Use Only),Professional Services Direct,2021-04-14,233469.61
Atkins Ltd (RS Alliance Use Only),Professional Services Direct,2021-04-14,82438.46
Atkins Ltd (RS Alliance Use Only),Professional Services Direct,2021-04-16,52414.99
Atkins Ltd (RS Alliance Use Only),Professional Services Direct,2021-04-19,37172.50
Atkins Ltd (RS Alliance Use Only),Professional Services Direct,2021-04-19,51746.82
Atkins Ltd (RS Alliance Use Only),Professional Services Direct,2021-04-19,34762.32
Atkins Ltd (RS Alliance Use Only),Professional Services Direct,2021-04-20,84123.20
Atkins Ltd (RS Alliance Use Only),Professional Services Direct,2021-04-20,155598.01
Atkins Ltd (RS Alliance Use Only),Professional Services Direct,2021-04-20,141139.62
Atkins Ltd (RS Alliance Use Only),Professional Services Direct,2021-04-20,136242.78
Atkins Ltd (RS Alliance Use Only),Professional Services Direct,2021-04-20,28041.00
Atkins Ltd (RS Alliance Use Only),Professional Services Direct,2021-04-21,31155.87
Atkins Ltd (RS Alliance Use Only),Professional Services Direct,2021-04-21,77830.50
Atkins Ltd (RS Alliance Use Only),Professional Services Direct,2021-04-22,95146.12
Atkins Ltd (RS Alliance Use Only),Professional Services Direct,2021-04-22,561116.00
Atkins Ltd (RS Alliance Use Only),Professional Services Direct,2021-04-22,39962.05
Atkins Ltd (RS Alliance Use Only),Professional Services Direct,2021-04-22,53914.53
Atkins Ltd (RS Alliance Use Only),Professional Services Direct,2021-04-22,69269.81
Atkins Ltd (RS Alliance Use Only),Professional Services Direct,2021-04-22,77081.00
Atkins Ltd (RS Alliance Use Only),Professional Services Direct,2021-04-22,188195.39
Atkins Ltd (RS Alliance Use Only),Professional Services Direct,2021-04-27,64498.90
B & M McHugh Ltd,Buildings,2021-04-19,57322.77
B & M McHugh Ltd,Buildings,2021-04-20,120383.98
B & M McHugh Ltd,Buildings,2021-04-20,27415.10
B & M McHugh Ltd,Buildings,2021-04-20,40000.00
B & M McHugh Ltd,Buildings,2021-04-20,42789.76
B & M McHugh Ltd,Buildings,2021-04-20,56099.35
B & M McHugh Ltd,Buildings,2021-04-20,86000.00
B & M McHugh Ltd,Buildings,2021-04-20,37173.13
B & M McHugh Ltd,Buildings,2021-04-20,36357.14
B & M McHugh Ltd,Buildings,2021-04-20,28911.22
B & M McHugh Ltd,Buildings,2021-04-20,45466.46
B & M McHugh Ltd,Buildings,2021-04-20,304459.67
B & M McHugh Ltd,Buildings,2021-04-20,162297.12
B & M McHugh Ltd,Buildings,2021-04-20,219305.31
B & M McHugh Ltd,Buildings,2021-04-20,159164.51
B & M McHugh Ltd,Buildings,2021-04-20,149418.09
B & M McHugh Ltd,Buildings,2021-04-22,79861.27
B & M McHugh Ltd,Buildings,2021-04-22,49972.48
B & M McHugh Ltd,Buildings,2021-04-22,324956.52
B & M McHugh Ltd,Buildings,2021-04-22,1051803.81
B & M McHugh Ltd,Buildings,2021-04-23,66610.10
B & M McHugh Ltd,Buildings,2021-04-23,148798.66
B & M McHugh Ltd,Buildings,2021-04-23,94388.68
B & M McHugh Ltd,Buildings,2021-04-26,36592.26
B & M McHugh Ltd,Buildings,2021-04-27,61479.41
B & M McHugh Ltd,Buildings,2021-04-27,30374.25
B & M McHugh Ltd,Buildings,2021-04-28,60000.00
B & M McHugh Ltd,Buildings,2021-04-28,136770.70
B & M McHugh Ltd,Buildings,2021-04-28,38370.84
B & M McHugh Ltd,Buildings,2021-04-30,409261.16
B & M McHugh Ltd,Electrification and Fixed Plant,2021-04-16,83431.41
B & M McHugh Ltd,Electrification and Fixed Plant,2021-04-20,211336.91
B & M McHugh Ltd,General Civils,2021-04-20,45672.93
BAM Nuttall Ltd,Buildings,2021-04-07,302145.07
BAM Nuttall Ltd,Buildings,2021-04-07,169728.32
BAM Nuttall Ltd,Buildings,2021-04-07,38080.30
BAM Nuttall Ltd,Buildings,2021-04-07,549635.38
BAM Nuttall Ltd,Buildings,2021-04-09,277077.64
BAM Nuttall Ltd,Buildings,2021-04-09,25182.52
BAM Nuttall Ltd,Buildings,2021-04-11,163647.28
BAM Nuttall Ltd,Buildings,2021-04-13,184318.41
BAM Nuttall Ltd,Buildings,2021-04-13,835870.09
BAM Nuttall Ltd,Buildings,2021-04-19,343167.87
BAM Nuttall Ltd,Buildings,2021-04-21,58902.83
BAM Nuttall Ltd,Buildings,2021-04-21,394756.10
BAM Nuttall Ltd,Electrification and Fixed Plant,2021-04-12,351398.85
BAM Nuttall Ltd,Electrification and Fixed Plant,2021-04-12,86930.88
BAM Nuttall Ltd,Electrification and Fixed Plant,2021-04-12,49337.72
BAM Nuttall Ltd,Electrification and Fixed Plant,2021-04-13,831196.11
BAM Nuttall Ltd,Electrification and Fixed Plant,2021-04-15,471094.87
BAM Nuttall Ltd,Electrification and Fixed Plant,2021-04-20,74313.47
BAM Nuttall Ltd,Electrification and Fixed Plant,2021-04-20,89697.84
BAM Nuttall Ltd,Electrification and Fixed Plant,2021-04-26,81196.97
BAM Nuttall Ltd,General Civils,2021-04-01,427011.03
BAM Nuttall Ltd,General Civils,2021-04-07,98846.61
BAM Nuttall Ltd,General Civils,2021-04-07,380218.76
BAM Nuttall Ltd,General Civils,2021-04-08,129830.09
BAM Nuttall Ltd,General Civils,2021-04-09,250247.61
BAM Nuttall Ltd,General Civils,2021-04-09,139593.50
BAM Nuttall Ltd,General Civils,2021-04-11,379801.23
BAM Nuttall Ltd,General Civils,2021-04-12,60388.58
BAM Nuttall Ltd,General Civils,2021-04-12,830659.83
BAM Nuttall Ltd,General Civils,2021-04-12,2466721.26
BAM Nuttall Ltd,General Civils,2021-04-12,59451.71
BAM Nuttall Ltd,General Civils,2021-04-13,834733.74
BAM Nuttall Ltd,General Civils,2021-04-13,755842.34
BAM Nuttall Ltd,General Civils,2021-04-13,28145.89
BAM Nuttall Ltd,General Civils,2021-04-14,117136.73
BAM Nuttall Ltd,General Civils,2021-04-14,189771.33
BAM Nuttall Ltd,General Civils,2021-04-14,122061.28
BAM Nuttall Ltd,General Civils,2021-04-15,92111.65
BAM Nuttall Ltd,General Civils,2021-04-15,51668.06
BAM Nuttall Ltd,General Civils,2021-04-15,156979.01
BAM Nuttall Ltd,General Civils,2021-04-15,399000.00
BAM Nuttall Ltd,General Civils,2021-04-16,518487.11
BAM Nuttall Ltd,General Civils,2021-04-19,278397.79
BAM Nuttall Ltd,General Civils,2021-04-19,51740.51
BAM Nuttall Ltd,General Civils,2021-04-19,203391.02
BAM Nuttall Ltd,General Civils,2021-04-20,160587.76
BAM Nuttall Ltd,General Civils,2021-04-20,233657.16
BAM Nuttall Ltd,General Civils,2021-04-21,181207.78
BAM Nuttall Ltd,General Civils,2021-04-22,438000.00
BAM Nuttall Ltd,General Civils,2021-04-22,295392.94
BAM Nuttall Ltd,General Civils,2021-04-22,126596.92
BAM Nuttall Ltd,General Civils,2021-04-22,2473498.38
BAM Nuttall Ltd,General Civils,2021-04-22,39706.97
BAM Nuttall Ltd,General Civils,2021-04-22,906300.75
BAM Nuttall Ltd,General Civils,2021-04-26,71265.75
BAM Nuttall Ltd,General Civils,2021-04-27,761695.30
BAM Nuttall Ltd,Professional Services Direct,2021-04-01,168292.23
BAM Nuttall Ltd,Professional Services Direct,2021-04-07,30180.44
BAM Nuttall Ltd,Professional Services Direct,2021-04-07,124960.11
BAM Nuttall Ltd,Professional Services Direct,2021-04-08,95082.75
BAM Nuttall Ltd,Professional Services Direct,2021-04-12,28625.43
BAM Nuttall Ltd,Professional Services Direct,2021-04-12,26022.00
BAM Nuttall Ltd,Professional Services Direct,2021-04-12,35128.57
BAM Nuttall Ltd,Professional Services Direct,2021-04-12,44692.01
BAM Nuttall Ltd,Professional Services Direct,2021-04-12,26477.17
BAM Nuttall Ltd,Professional Services Direct,2021-04-14,37488.79
BAM Nuttall Ltd,Professional Services Direct,2021-04-14,273408.54
BAM Nuttall Ltd,Professional Services Direct,2021-04-14,351491.37
BAM Nuttall Ltd,Professional Services Direct,2021-04-15,76925.31
BAM Nuttall Ltd,Professional Services Direct,2021-04-15,38491.93
BAM Nuttall Ltd,Professional Services Direct,2021-04-16,885408.12
BAM Nuttall Ltd,Professional Services Direct,2021-04-16,1252803.45
BAM Nuttall Ltd,Professional Services Direct,2021-04-16,309397.91
BAM Nuttall Ltd,Professional Services Direct,2021-04-16,1139958.60
BAM Nuttall Ltd,Professional Services Direct,2021-04-16,71701.46
BAM Nuttall Ltd,Professional Services Direct,2021-04-19,26515.43
BAM Nuttall Ltd,Professional Services Direct,2021-04-19,92655.08
BAM Nuttall Ltd,Professional Services Direct,2021-04-19,97533.85
BAM Nuttall Ltd,Professional Services Direct,2021-04-20,62554.34
BAM Nuttall Ltd,Professional Services Direct,2021-04-21,67713.09
BAM Nuttall Ltd,Professional Services Direct,2021-04-22,43263.45
BCM Construction Ltd,Buildings,2021-04-01,434051.02
BCM Construction Ltd,Buildings,2021-04-16,39075.44
BCM Construction Ltd,Buildings,2021-04-18,334427.20
BCM Construction Ltd,Buildings,2021-04-26,65185.20
BCM Construction Ltd,General Civils,2021-04-20,968856.38
Babcock Rail Ltd,Signalling,2021-04-06,196566.93
Babcock Rail Ltd,Signalling,2021-04-08,1442714.01
Babcock Rail Ltd,Signalling,2021-04-09,34680.92
Babcock Rail Ltd,Signalling,2021-04-14,75328.91
Babcock Rail Ltd,Signalling,2021-04-22,367595.53
Babcock Rail Ltd,Signalling,2021-04-24,113867.94
Babcock Rail Ltd,Signalling,2021-04-28,34858.43
Babcock Rail Ltd,Telecoms,2021-04-21,32757.47
Babcock Rail Ltd,Telecoms,2021-04-26,45949.49
Baker Hicks Ltd,Professional Services Direct,2021-04-14,40491.68
Balfour Beatty Civil Engineering Limited,General Civils,2021-04-15,318245.79
Balfour Beatty Kilpatrick Ltd,Electrification and Fixed Plant,2021-04-06,46515.18
Balfour Beatty Kilpatrick Ltd,Electrification and Fixed Plant,2021-04-30,59404.38
Balfour Beatty Rail Ltd,Buildings,2021-04-06,436129.04
Balfour Beatty Rail Ltd,Buildings,2021-04-21,180488.52
Balfour Beatty Rail Ltd,Buildings,2021-04-21,242329.97
Balfour Beatty Rail Ltd,Buildings,2021-04-26,136787.58
Balfour Beatty Rail Ltd,Buildings,2021-04-26,146266.02
Balfour Beatty Rail Ltd,Buildings,2021-04-29,342546.39
Balfour Beatty Rail Ltd,Electrification and Fixed Plant,2021-04-15,162870.88
Balfour Beatty Rail Ltd,Electrification and Fixed Plant,2021-04-16,391001.69
Balfour Beatty Rail Ltd,Electrification and Fixed Plant,2021-04-16,54947.70
Balfour Beatty Rail Ltd,Electrification and Fixed Plant,2021-04-17,83173.38
Balfour Beatty Rail Ltd,Electrification and Fixed Plant,2021-04-22,366349.11
Balfour Beatty Rail Ltd,General Civils,2021-04-06,42475.04
Balfour Beatty Rail Ltd,General Civils,2021-04-06,26942.00
Balfour Beatty Rail Ltd,General Civils,2021-04-06,81260.00
Balfour Beatty Rail Ltd,General Civils,2021-04-06,79040.00
Balfour Beatty Rail Ltd,General Civils,2021-04-06,166584.25
Balfour Beatty Rail Ltd,General Civils,2021-04-06,69675.06
Balfour Beatty Rail Ltd,General Civils,2021-04-20,2145676.80
Balfour Beatty Rail Ltd,General Civils,2021-04-28,35812.96
Balfour Beatty Rail Ltd,General Civils,2021-04-29,33400.01
Balfour Beatty Rail Ltd,General Civils,2021-04-29,107555.90
Balfour Beatty Rail Ltd,General Civils,2021-04-29,38373.40
Balfour Beatty Rail Ltd,General Civils,2021-04-29,95934.96
Balfour Beatty Rail Ltd,General Civils,2021-04-29,80427.36
Balfour Beatty Rail Ltd,General Civils,2021-04-29,226171.30
Balfour Beatty Rail Ltd,General Civils,2021-04-30,43457.66
Balfour Beatty Rail Ltd,Professional Services Direct,2021-04-16,33699.34
Balfour Beatty Rail Ltd,Signalling,2021-04-19,289089.00
Balfour Beatty Rail Ltd,Track,2021-04-01,1083375.46
Balfour Beatty Rail Ltd,Track,2021-04-21,87932.23
Balfour Beatty Rail Ltd,Track,2021-04-21,46262.86
Balfour Beatty Rail Ltd,Track,2021-04-26,371575.50
Balfour Beatty Rail Ltd,Track,2021-04-26,25363.17
Balfour Beatty Rail Ltd,Track,2021-04-26,25715.94
Balfour Beatty Rail Ltd,Track,2021-04-26,42481.32
Balfour Beatty Rail Ltd,Track,2021-04-26,26046.93
Balfour Beatty Rail Ltd,Track,2021-04-26,43872.73
Balfour Beatty Rail Ltd,Track,2021-04-26,100997.73
Balfour Beatty Rail Ltd,Track,2021-04-30,216429.00
Balfour Beatty Rail Ltd (RS Alliance Use Only),Track,2021-04-09,29476.93
Balfour Beatty Rail Ltd (RS Alliance Use Only),Track,2021-04-12,58687.00
Balfour Beatty Rail Ltd (RS Alliance Use Only),Track,2021-04-12,381078.94
Balfour Beatty Rail Ltd (RS Alliance Use Only),Track,2021-04-12,213691.16
Balfour Beatty Rail Ltd (RS Alliance Use Only),Track,2021-04-12,448298.11
Balfour Beatty Rail Ltd (RS Alliance Use Only),Track,2021-04-13,64251.59
Balfour Beatty Rail Ltd (RS Alliance Use Only),Track,2021-04-13,28151.29
Balfour Beatty Rail Ltd (RS Alliance Use Only),Track,2021-04-13,30632.75
Balfour Beatty Rail Ltd (RS Alliance Use Only),Track,2021-04-13,52229.40
Balfour Beatty Rail Ltd (RS Alliance Use Only),Track,2021-04-14,256164.66
Balfour Beatty Rail Ltd (RS Alliance Use Only),Track,2021-04-14,340700.96
Balfour Beatty Rail Ltd (RS Alliance Use Only),Track,2021-04-14,687740.43
Balfour Beatty Rail Ltd (RS Alliance Use Only),Track,2021-04-14,123872.05
Balfour Beatty Rail Ltd (RS Alliance Use Only),Track,2021-04-14,276768.28
Balfour Beatty Rail Ltd (RS Alliance Use Only),Track,2021-04-14,680942.08
Balfour Beatty Rail Ltd (RS Alliance Use Only),Track,2021-04-14,331995.45
Balfour Beatty Rail Ltd (RS Alliance Use Only),Track,2021-04-14,187899.00
Balfour Beatty Rail Ltd (RS Alliance Use Only),Track,2021-04-14,587934.40
Balfour Beatty Rail Ltd (RS Alliance Use Only),Track,2021-04-14,573291.40
Balfour Beatty Rail Ltd (RS Alliance Use Only),Track,2021-04-14,1102101.10
Balfour Beatty Rail Ltd (RS Alliance Use Only),Track,2021-04-14,366575.59
Balfour Beatty Rail Ltd (RS Alliance Use Only),Track,2021-04-14,71494.11
Balfour Beatty Rail Ltd (RS Alliance Use Only),Track,2021-04-14,31803.26
Balfour Beatty Rail Ltd (RS Alliance Use Only),Track,2021-04-14,328477.86
Balfour Beatty Rail Ltd (RS Alliance Use Only),Track,2021-04-14,36772.56
Balfour Beatty Rail Ltd (RS Alliance Use Only),Track,2021-04-15,88954.77
Balfour Beatty Rail Ltd (RS Alliance Use Only),Track,2021-04-15,47977.09
Balfour Beatty Rail Ltd (RS Alliance Use Only),Track,2021-04-15,39849.97
Balfour Beatty Rail Ltd (RS Alliance Use Only),Track,2021-04-15,185015.30
Balfour Beatty Rail Ltd (RS Alliance Use Only),Track,2021-04-15,1971598.71
Balfour Beatty Rail Ltd (RS Alliance Use Only),Track,2021-04-15,282315.51
Balfour Beatty Rail Ltd (RS Alliance Use Only),Track,2021-04-16,67441.89
Balfour Beatty Rail Ltd (RS Alliance Use Only),Track,2021-04-16,1056146.48
Balfour Beatty Rail Ltd (RS Alliance Use Only),Track,2021-04-16,222354.70
Balfour Beatty Rail Ltd (RS Alliance Use Only),Track,2021-04-16,492764.21
Balfour Beatty Rail Ltd (RS Alliance Use Only),Track,2021-04-16,33062.35
Balfour Beatty Rail Ltd (RS Alliance Use Only),Track,2021-04-19,209360.09
Balfour Beatty Rail Ltd (RS Alliance Use Only),Track,2021-04-19,51233.03
Balfour Beatty Rail Ltd (RS Alliance Use Only),Track,2021-04-19,138991.11
Balfour Beatty Rail Ltd (RS Alliance Use Only),Track,2021-04-19,114828.59
Balfour Beatty Rail Ltd (RS Alliance Use Only),Track,2021-04-19,86739.90
Balfour Beatty Rail Ltd (RS Alliance Use Only),Track,2021-04-19,30795.27
Balfour Beatty Rail Ltd (RS Alliance Use Only),Track,2021-04-20,55808.63
Balfour Beatty Rail Ltd (RS Alliance Use Only),Track,2021-04-20,294011.62
Balfour Beatty Rail Ltd (RS Alliance Use Only),Track,2021-04-20,85026.08
Balfour Beatty Rail Ltd (RS Alliance Use Only),Track,2021-04-20,25562.57
Balfour Beatty Rail Ltd (RS Alliance Use Only),Track,2021-04-20,73433.18
Balfour Beatty Rail Ltd (RS Alliance Use Only),Track,2021-04-20,109535.87
Balfour Beatty Rail Ltd (RS Alliance Use Only),Track,2021-04-20,71467.66
Balfour Beatty Rail Ltd (RS Alliance Use Only),Track,2021-04-20,130603.18
Balfour Beatty Rail Ltd (RS Alliance Use Only),Track,2021-04-20,542167.88
Balfour Beatty Rail Ltd (RS Alliance Use Only),Track,2021-04-20,26634.51
Balfour Beatty Rail Ltd (RS Alliance Use Only),Track,2021-04-20,46266.21
Balfour Beatty Rail Ltd (RS Alliance Use Only),Track,2021-04-20,43403.20
Balfour Beatty Rail Ltd (RS Alliance Use Only),Track,2021-04-20,66567.97
Balfour Beatty Rail Ltd (RS Alliance Use Only),Track,2021-04-20,62714.19
Balfour Beatty Rail Ltd (RS Alliance Use Only),Track,2021-04-21,28159.27
Balfour Beatty Rail Ltd (RS Alliance Use Only),Track,2021-04-21,53377.76
Balfour Beatty Rail Ltd (RS Alliance Use Only),Track,2021-04-22,296143.45
Balfour Beatty Rail Ltd (RS Alliance Use Only),Track,2021-04-22,41095.66
Balfour Beatty Rail Ltd (RS Alliance Use Only),Track,2021-04-22,124078.30
Balfour Beatty Rail Ltd (RS Alliance Use Only),Track,2021-04-22,81130.01
Balfour Beatty Rail Ltd (RS Alliance Use Only),Track,2021-04-22,43413.44
Balfour Beatty Rail Ltd (RS Alliance Use Only),Track,2021-04-22,57382.12
Balfour Beatty Rail Ltd (RS Alliance Use Only),Track,2021-04-26,135727.19
Balfour Beatty Rail Ltd (RS Alliance Use Only),Track,2021-04-26,68829.76
Balfour Beatty Rail Ltd (RS Alliance Use Only),Track,2021-04-27,42333.16
Balfour Beatty Rail Ltd (RS Alliance Use Only),Track,2021-04-28,65062.53
Bruton Knowles,Land & Property Acquisitions (incl. Business Consultancy),2021-04-09,78940.74
Bruton Knowles,Land & Property Acquisitions (incl. Business Consultancy),2021-04-09,71500.00
Buckingham Group Contracting Ltd,Buildings,2021-04-01,490544.76
Buckingham Group Contracting Ltd,Buildings,2021-04-01,125463.03
Buckingham Group Contracting Ltd,Buildings,2021-04-07,331653.01
Buckingham Group Contracting Ltd,Buildings,2021-04-12,47230.08
Buckingham Group Contracting Ltd,Buildings,2021-04-13,73171.44
Buckingham Group Contracting Ltd,Buildings,2021-04-19,161450.11
Buckingham Group Contracting Ltd,Buildings,2021-04-22,258359.00
Buckingham Group Contracting Ltd,Buildings,2021-04-26,246354.43
Buckingham Group Contracting Ltd,General Civils,2021-04-11,49768.13
Buckingham Group Contracting Ltd,Professional Services Direct,2021-04-19,40947.70
Buckingham Group Contracting Ltd,Professional Services Direct,2021-04-25,307206.08
Buckingham Group Contracting Ltd,Professional Services Direct,2021-04-29,26435.99
C R Reynolds Ltd,Buildings,2021-04-01,432102.91
C R Reynolds Ltd,Buildings,2021-04-13,698707.76
C Spencer Ltd,Electrification and Fixed Plant,2021-04-01,149646.85
C Spencer Ltd,Electrification and Fixed Plant,2021-04-22,207246.60
CPMS Ltd,Buildings,2021-04-01,122605.00
CPMS Ltd,Buildings,2021-04-08,59537.14
CPMS Ltd,Buildings,2021-04-22,49411.46
CPMS Ltd,Buildings,2021-04-22,29717.96
CPMS Ltd,Buildings,2021-04-22,70160.96
CPMS Ltd,Buildings,2021-04-22,51951.80
CPMS Ltd,Buildings,2021-04-28,100000.00
Carillion Powerlines Ltd (in Liquidation),Electrification and Fixed Plant,2021-04-01,1565305.28
Carillion Powerlines Ltd (in Liquidation),Electrification and Fixed Plant,2021-04-12,2103673.00
Centregreat Rail Ltd,Buildings,2021-04-19,924268.19
Centregreat Rail Ltd,General Civils,2021-04-11,32549.30
Centregreat Rail Ltd,General Civils,2021-04-12,310130.23
Centregreat Rail Ltd,General Civils,2021-04-13,205043.55
Centregreat Rail Ltd,General Civils,2021-04-14,36562.13
Centregreat Rail Ltd,General Civils,2021-04-16,284453.21
Chevron Traffic Management Ltd,Infrastructure Support Services,2021-04-09,29918.77
Colas Rail Ltd,Signalling,2021-04-13,348967.92
Colas Rail Ltd,Signalling,2021-04-14,416628.66
Colas Rail Ltd,Signalling,2021-04-16,514477.35
Colas Rail Ltd,Signalling,2021-04-20,857151.00
Colas Rail Ltd,Signalling,2021-04-26,191439.30
Colas Rail Ltd,Signalling,2021-04-28,384303.78
Colas Rail Ltd,Track,2021-04-01,1542073.00
Colas Rail Ltd,Track,2021-04-28,201275.93
Colas Rail Ltd (RS Alliance Use Only),Track,2021-04-04,26583.48
Colas Rail Ltd (RS Alliance Use Only),Track,2021-04-06,415136.50
Colas Rail Ltd (RS Alliance Use Only),Track,2021-04-06,40552.30
Colas Rail Ltd (RS Alliance Use Only),Track,2021-04-07,305905.00
Colas Rail Ltd (RS Alliance Use Only),Track,2021-04-07,151373.00
Colas Rail Ltd (RS Alliance Use Only),Track,2021-04-07,46635.00
Colas Rail Ltd (RS Alliance Use Only),Track,2021-04-07,59642.00
Colas Rail Ltd (RS Alliance Use Only),Track,2021-04-07,371255.00
Colas Rail Ltd (RS Alliance Use Only),Track,2021-04-07,106456.00
Colas Rail Ltd (RS Alliance Use Only),Track,2021-04-07,52143.00
Colas Rail Ltd (RS Alliance Use Only),Track,2021-04-07,1252522.00
Colas Rail Ltd (RS Alliance Use Only),Track,2021-04-07,181148.00
Colas Rail Ltd (RS Alliance Use Only),Track,2021-04-07,336445.00
Colas Rail Ltd (RS Alliance Use Only),Track,2021-04-07,152991.00
Colas Rail Ltd (RS Alliance Use Only),Track,2021-04-07,1036712.00
Colas Rail Ltd (RS Alliance Use Only),Track,2021-04-07,406485.00
Colas Rail Ltd (RS Alliance Use Only),Track,2021-04-07,65854.00
Colas Rail Ltd (RS Alliance Use Only),Track,2021-04-07,48356.00
Colas Rail Ltd (RS Alliance Use Only),Track,2021-04-07,410467.00
Colas Rail Ltd (RS Alliance Use Only),Track,2021-04-07,209395.00
Colas Rail Ltd (RS Alliance Use Only),Track,2021-04-07,97293.00
Colas Rail Ltd (RS Alliance Use Only),Track,2021-04-07,128121.00
Colas Rail Ltd (RS Alliance Use Only),Track,2021-04-07,59697.00
Colas Rail Ltd (RS Alliance Use Only),Track,2021-04-07,37883.00
Colas Rail Ltd (RS Alliance Use Only),Track,2021-04-07,56272.00
Colas Rail Ltd (RS Alliance Use Only),Track,2021-04-07,27911.00
Colas Rail Ltd (RS Alliance Use Only),Track,2021-04-07,43580.00
Colas Rail Ltd (RS Alliance Use Only),Track,2021-04-07,357427.18
Colas Rail Ltd (RS Alliance Use Only),Track,2021-04-08,131396.00
Colas Rail Ltd (RS Alliance Use Only),Track,2021-04-08,1421092.00
Colas Rail Ltd (RS Alliance Use Only),Track,2021-04-08,219056.00
Colas Rail Ltd (RS Alliance Use Only),Track,2021-04-08,367765.00
Colas Rail Ltd (RS Alliance Use Only),Track,2021-04-09,395429.00
Colas Rail Ltd (RS Alliance Use Only),Track,2021-04-09,2454607.00
Colas Rail Ltd (RS Alliance Use Only),Track,2021-04-13,30775.00
Colas Rail Ltd (RS Alliance Use Only),Track,2021-04-13,27097.79
Colas Rail Ltd (RS Alliance Use Only),Track,2021-04-13,66437.00
Colas Rail Ltd (RS Alliance Use Only),Track,2021-04-13,35181.59
Colas Rail Ltd (RS Alliance Use Only),Track,2021-04-13,59109.00
Colas Rail Ltd (RS Alliance Use Only),Track,2021-04-14,28745.00
Colas Rail Ltd (RS Alliance Use Only),Track,2021-04-14,59387.79
Colas Rail Ltd (RS Alliance Use Only),Track,2021-04-20,190397.00
Colas Rail Ltd (RS Alliance Use Only),Track,2021-04-23,234161.10
Colas Rail Ltd (RS Alliance Use Only),Track,2021-04-23,228919.00
Colas Rail Ltd (RS Alliance Use Only),Track,2021-04-23,255767.36
Colas Rail Ltd (RS Alliance Use Only),Track,2021-04-23,58806.37
Colas Rail Ltd (RS Alliance Use Only),Track,2021-04-26,1170596.90
Colas Rail Ltd (RS Alliance Use Only),Track,2021-04-26,187768.30
Colas Rail Ltd (RS Alliance Use Only),Track,2021-04-26,293502.87
Colas Rail Ltd (RS Alliance Use Only),Track,2021-04-26,68039.00
Colas Rail Ltd (RS Alliance Use Only),Track,2021-04-26,63141.52
Colas Rail Ltd (RS Alliance Use Only),Track,2021-04-26,44112.85
Colas Rail Ltd (RS Alliance Use Only),Track,2021-04-26,226576.11
Colas Rail Ltd (RS Alliance Use Only),Track,2021-04-26,51317.00
Colas Rail Ltd (RS Alliance Use Only),Track,2021-04-26,390500.85
Colas Rail Ltd (RS Alliance Use Only),Track,2021-04-26,386722.00
Colas Rail Ltd (RS Alliance Use Only),Track,2021-04-26,25767.22
Colas Rail Ltd (RS Alliance Use Only),Track,2021-04-27,131397.00
Colas Rail Ltd (RS Alliance Use Only),Track,2021-04-27,44576.00
Colas Rail Ltd (RS Alliance Use Only),Track,2021-04-27,39811.02
Colas Rail Ltd (RS Alliance Use Only),Track,2021-04-29,1022902.00
Colas Rail Ltd (RS Alliance Use Only),Track,2021-04-29,125244.00
Colas Rail Ltd (RS Alliance Use Only),Track,2021-04-29,200503.60
Colas Rail Ltd (RS Alliance Use Only),Track,2021-04-29,1037179.67
Colas Rail Ltd (RS Alliance Use Only),Track,2021-04-29,796380.00
Colas Rail Ltd (RS Alliance Use Only),Track,2021-04-29,456563.00
Colas Rail Ltd (RS Alliance Use Only),Track,2021-04-29,464452.00
Colas Rail Ltd (RS Alliance Use Only),Track,2021-04-29,378714.02
Colas Rail Ltd (RS Alliance Use Only),Track,2021-04-29,490691.00
Colas Rail Ltd (RS Alliance Use Only),Track,2021-04-29,84765.00
Colas Rail Ltd (RS Alliance Use Only),Track,2021-04-29,75979.23
Colas Rail Ltd (RS Alliance Use Only),Track,2021-04-29,35728.04
Colas Rail Ltd (RS Alliance Use Only),Track,2021-04-29,260343.00
Colas Rail Ltd (RS Alliance Use Only),Track,2021-04-29,475099.00
Colas Rail Ltd (RS Alliance Use Only),Track,2021-04-29,414932.92
Colas Rail Ltd (RS Alliance Use Only),Track,2021-04-29,33685.16
Colas Rail Ltd (RS Alliance Use Only),Track,2021-04-29,55428.00
Colas Rail Ltd (RS Alliance Use Only),Track,2021-04-30,1916925.00
Colas Rail Ltd (RS Alliance Use Only),Track,2021-04-30,72074.00
Colas Rail Ltd (RS Alliance Use Only),Track,2021-04-30,751866.00
Colas Rail Ltd (RS Alliance Use Only),Track,2021-04-30,423571.00
Colas Rail Ltd (RS Alliance Use Only),Track,2021-04-30,74860.00
Colas Rail Ltd (RS Alliance Use Only),Track,2021-04-30,910104.00
Collaborative Project Management Services Ltd,Professional Services Direct,2021-04-13,56430.00
Colt Construction Ltd,Buildings,2021-04-07,32058.25
Colt Construction Ltd,Buildings,2021-04-07,43557.59
Colt Construction Ltd,Buildings,2021-04-07,47692.12
Colt Construction Ltd,Buildings,2021-04-08,25580.58
Colt Construction Ltd,Buildings,2021-04-08,33105.63
Colt Construction Ltd,Buildings,2021-04-08,41594.50
Colt Construction Ltd,Buildings,2021-04-09,56169.00
Colt Construction Ltd,Buildings,2021-04-16,49646.67
Colt Construction Ltd,Buildings,2021-04-16,52698.92
Colt Construction Ltd,Buildings,2021-04-26,686785.57
Colt Construction Ltd,Buildings,2021-04-26,133484.00
Colt Construction Ltd,General Civils,2021-04-09,128217.85
Complete Environmental Services Ltd t/a Complete Drain Clearance,Infrastructure Support Services,2021-04-13,30456.00
Complete Environmental Services Ltd t/a Complete Drain Clearance,Infrastructure Support Services,2021-04-13,26730.00
Construction Marine Ltd,Buildings,2021-04-07,40913.94
Construction Marine Ltd,Buildings,2021-04-12,36877.83
Construction Marine Ltd,Buildings,2021-04-15,57574.30
Construction Marine Ltd,Buildings,2021-04-15,40486.11
Construction Marine Ltd,Buildings,2021-04-15,46719.23
Construction Marine Ltd,Buildings,2021-04-15,44744.61
Construction Marine Ltd,Buildings,2021-04-27,28601.95
Construction Marine Ltd,Buildings,2021-04-27,47915.97
Construction Marine Ltd,Buildings,2021-04-27,26316.94
Construction Marine Ltd,General Civils,2021-04-01,266542.34
Construction Marine Ltd,General Civils,2021-04-01,60641.43
Construction Marine Ltd,General Civils,2021-04-01,30356.57
Construction Marine Ltd,General Civils,2021-04-13,53291.69
Construction Marine Ltd,General Civils,2021-04-14,30106.54
Construction Marine Ltd,General Civils,2021-04-14,40527.92
Construction Marine Ltd,General Civils,2021-04-14,126837.23
Construction Marine Ltd,General Civils,2021-04-14,57112.11
Construction Marine Ltd,General Civils,2021-04-14,95099.01
Construction Marine Ltd,General Civils,2021-04-14,335954.26
Construction Marine Ltd,General Civils,2021-04-14,234661.49
Construction Marine Ltd,General Civils,2021-04-14,193215.73
Construction Marine Ltd,General Civils,2021-04-14,179150.08
Construction Marine Ltd,General Civils,2021-04-14,93606.56
Construction Marine Ltd,General Civils,2021-04-14,107873.87
Construction Marine Ltd,General Civils,2021-04-14,91101.74
Construction Marine Ltd,General Civils,2021-04-14,147155.10
Construction Marine Ltd,General Civils,2021-04-15,32261.05
Construction Marine Ltd,General Civils,2021-04-26,25890.71
Construction Marine Ltd,General Civils,2021-04-27,59584.70
Construction Marine Ltd,General Civils,2021-04-27,76236.52
Construction Marine Ltd,General Civils,2021-04-27,58606.92
Construction Marine Ltd,General Civils,2021-04-27,180050.04
Coombes Forestry Ltd,Infrastructure Support Services,2021-04-08,584984.92
Coombes Forestry Ltd,Infrastructure Support Services,2021-04-08,53850.00
Coombes Forestry Ltd,Infrastructure Support Services,2021-04-12,789085.16
Coombes Forestry Ltd,Infrastructure Support Services,2021-04-13,37747.20
Coombes Forestry Ltd,Infrastructure Support Services,2021-04-15,428099.87
Coombes Forestry Ltd,Infrastructure Support Services,2021-04-20,39397.60
Coombes Forestry Ltd,Infrastructure Support Services,2021-04-21,66660.00
Coombes Forestry Ltd,Infrastructure Support Services,2021-04-29,261155.44
Costain Ltd,Buildings,2021-04-15,3703704.54
Coyle Personnel plc,Contingent Labour,2021-04-27,25055.96
D-SEC Ltd,Buildings,2021-04-08,37469.27
D-SEC Ltd,Buildings,2021-04-08,49927.53
D-SEC Ltd,Buildings,2021-04-08,31140.00
D-SEC Ltd,Buildings,2021-04-21,89561.73
D-SEC Ltd,Buildings,2021-04-21,29694.49
D-SEC Ltd,Buildings,2021-04-21,35666.45
DYWIDAG Ltd,General Civils,2021-04-08,35440.51
DYWIDAG Ltd,General Civils,2021-04-08,70385.21
Dentons UK and Middle East LLP,Land & Property Acquisitions (incl. Business Consultancy),2021-04-06,54000.00
Dentons UK and Middle East LLP,Land & Property Acquisitions (incl. Business Consultancy),2021-04-07,303500.00
Dentons UK and Middle East LLP,Land & Property Acquisitions (incl. Business Consultancy),2021-04-26,48067.64
Dyer & Butler,Buildings,2021-04-01,36106.78
Dyer & Butler,Buildings,2021-04-01,38115.44
Dyer & Butler,Buildings,2021-04-01,556846.00
Dyer & Butler,Buildings,2021-04-01,141058.75
Dyer & Butler,Buildings,2021-04-13,51340.27
Dyer & Butler,Buildings,2021-04-13,120441.05
Dyer & Butler,Buildings,2021-04-14,69300.56
Dyer & Butler,Buildings,2021-04-14,49935.04
Dyer & Butler,Buildings,2021-04-14,84665.21
Dyer & Butler,Buildings,2021-04-16,52375.25
Dyer & Butler,Buildings,2021-04-20,82401.69
Dyer & Butler,Buildings,2021-04-21,25807.75
Dyer & Butler,Buildings,2021-04-21,378589.52
Dyer & Butler,Buildings,2021-04-21,175129.84
Dyer & Butler,Buildings,2021-04-21,36852.77
Dyer & Butler,Buildings,2021-04-26,522559.68
Dyer & Butler,Buildings,2021-04-26,810062.88
Dyer & Butler,Buildings,2021-04-28,196574.76
Dyer & Butler,Buildings,2021-04-28,68991.15
Dyer & Butler,Buildings,2021-04-29,361577.89
Dyer & Butler,Buildings,2021-04-30,259258.61
Dyer & Butler,Buildings,2021-04-30,50017.53
Dyer & Butler,Buildings,2021-04-30,99817.28
Dyer & Butler,Buildings,2021-04-30,1549792.94
Dyer & Butler,General Civils,2021-04-01,71233.85
Dyer & Butler,General Civils,2021-04-01,79856.49
Dyer & Butler,General Civils,2021-04-01,51617.02
Dyer & Butler,General Civils,2021-04-08,606888.41
Dyer & Butler,General Civils,2021-04-13,52688.02
Dyer & Butler,General Civils,2021-04-14,28040.08
Dyer & Butler,General Civils,2021-04-16,207224.55
Dyer & Butler,General Civils,2021-04-16,31295.59
Dyer & Butler,General Civils,2021-04-16,45272.73
Dyer & Butler,General Civils,2021-04-16,25969.47
Dyer & Butler,General Civils,2021-04-16,59283.88
Dyer & Butler,General Civils,2021-04-19,123932.07
Dyer & Butler,General Civils,2021-04-19,127270.15
Dyer & Butler,General Civils,2021-04-20,185655.88
Dyer & Butler,General Civils,2021-04-21,41593.28
Dyer & Butler,General Civils,2021-04-21,76833.57
Dyer & Butler,General Civils,2021-04-21,40521.34
Dyer & Butler,General Civils,2021-04-21,39120.49
Dyer & Butler,General Civils,2021-04-22,223865.79
Dyer & Butler,General Civils,2021-04-30,71235.28
Dyer & Butler,Track,2021-04-14,27940.09
Dyer & Butler,Track,2021-04-30,237296.54
EDF Energy Customers Ltd,Utilities,2021-04-15,29417561.93
East West Rail Phase 2 Alliance,General Civils,2021-04-16,19713923.40
Ede & Wilkinson Ltd,Buildings,2021-04-22,105608.56
Ede & Wilkinson Ltd,Buildings,2021-04-28,59736.57
Ede & Wilkinson Ltd,Buildings,2021-04-28,45272.65
Environmental Forestry UK Ltd,Infrastructure Support Services,2021-04-08,45000.00
Environmental Forestry UK Ltd,Infrastructure Support Services,2021-04-09,110000.00
Environmental Forestry UK Ltd,Infrastructure Support Services,2021-04-12,91757.00
Environmental Forestry UK Ltd,Infrastructure Support Services,2021-04-12,85969.71
Environmental Forestry UK Ltd,Infrastructure Support Services,2021-04-15,49800.00
Environmental Forestry UK Ltd,Infrastructure Support Services,2021-04-26,47203.65
Eversheds Sutherland (International) LLP,Land & Property Acquisitions (incl. Business Consultancy),2021-04-15,2532640.00
Eversheds Sutherland (International) LLP,Land & Property Acquisitions (incl. Business Consultancy),2021-04-26,25600.00
Fourway Communication Ltd,Telecoms,2021-04-27,458445.72
Furrer & Frey AG,Professional Services Direct,2021-04-23,293999.50
Galliford Try Building 2014 Ltd,Buildings,2021-04-01,29448.41
Galliford Try Building 2014 Ltd,Buildings,2021-04-12,27730.86
Galliford Try Building 2014 Ltd,Buildings,2021-04-12,118581.69
Galliford Try Building 2014 Ltd,Buildings,2021-04-12,37397.39
Galliford Try Building 2014 Ltd,Buildings,2021-04-12,99914.99
Galliford Try Building 2014 Ltd,General Civils,2021-04-21,77000.00
Galliford Try Building 2014 Ltd,General Civils,2021-04-26,382193.06
Ganymede Solutions Ltd,Contingent Labour,2021-04-19,28446.00
Global Rail Construction Ltd,General Civils,2021-04-19,873554.76
Global Rail Construction Ltd,General Civils,2021-04-23,318944.24
Govia Thameslink Railway Ltd,Buildings,2021-04-16,814125.00
Ground Control Ltd,Infrastructure Support Services,2021-04-01,136087.51
Ground Control Ltd,Infrastructure Support Services,2021-04-12,181914.52
Ground Control Ltd,Infrastructure Support Services,2021-04-15,265582.26
Ground Control Ltd,Infrastructure Support Services,2021-04-15,37916.03
Ground Control Ltd,Infrastructure Support Services,2021-04-21,56249.22
Ground Control Ltd,Infrastructure Support Services,2021-04-29,97824.46
Ground Control Ltd,Infrastructure Support Services,2021-04-29,174837.40
H W Martin (Fencing Contractors) Ltd,Infrastructure Support Services,2021-04-15,31235.53
H W Martin (Fencing Contractors) Ltd,Infrastructure Support Services,2021-04-15,121029.10
H W Martin (Fencing Contractors) Ltd,Infrastructure Support Services,2021-04-19,25147.30
H W Martin (Fencing Contractors) Ltd,Infrastructure Support Services,2021-04-23,142265.10
H W Martin (Fencing Contractors) Ltd,Infrastructure Support Services,2021-04-23,68000.00
Hitachi Rail Ltd,Signalling,2021-04-21,8115800.86
Hitachi Rail STS UK Ltd,Signalling,2021-04-13,327459.72
Hochtief (Uk) Construction Ltd,Buildings,2021-04-01,3095875.85
Hochtief (Uk) Construction Ltd,Buildings,2021-04-22,2825402.09
Homegrown Timber (Rail) Ltd,Infrastructure Support Services,2021-04-08,212036.69
Homegrown Timber (Rail) Ltd,Infrastructure Support Services,2021-04-21,120328.34
Infrasig Ltd,Signalling,2021-04-08,236380.99
Infrasig Ltd,Signalling,2021-04-09,58282.42
J Murphy & Sons Ltd,Buildings,2021-04-01,163876.68
J Murphy & Sons Ltd,Buildings,2021-04-01,38655.46
J Murphy & Sons Ltd,Buildings,2021-04-12,364631.34
J Murphy & Sons Ltd,Buildings,2021-04-12,27813.00
J Murphy & Sons Ltd,Buildings,2021-04-14,25929.83
J Murphy & Sons Ltd,Buildings,2021-04-15,77700.96
J Murphy & Sons Ltd,Buildings,2021-04-15,763535.53
J Murphy & Sons Ltd,Buildings,2021-04-19,132954.18
J Murphy & Sons Ltd,Buildings,2021-04-21,709307.76
J Murphy & Sons Ltd,Buildings,2021-04-26,39606.21
J Murphy & Sons Ltd,Buildings,2021-04-26,44086.83
J Murphy & Sons Ltd,Buildings,2021-04-28,42823.47
J Murphy & Sons Ltd,Electrification and Fixed Plant,2021-04-01,1628372.61
J Murphy & Sons Ltd,Electrification and Fixed Plant,2021-04-14,40002.49
J Murphy & Sons Ltd,Electrification and Fixed Plant,2021-04-14,25035.72
J Murphy & Sons Ltd,Electrification and Fixed Plant,2021-04-14,212271.61
J Murphy & Sons Ltd,Electrification and Fixed Plant,2021-04-21,42022.39
J Murphy & Sons Ltd,Electrification and Fixed Plant,2021-04-23,5762792.23
J Murphy & Sons Ltd,Electrification and Fixed Plant,2021-04-28,39588.61
J Murphy & Sons Ltd,Electrification and Fixed Plant,2021-04-28,31777.32
J Murphy & Sons Ltd,General Civils,2021-04-01,1546172.77
J Murphy & Sons Ltd,General Civils,2021-04-01,52831.77
J Murphy & Sons Ltd,General Civils,2021-04-06,188421.75
J Murphy & Sons Ltd,General Civils,2021-04-07,70095.00
J Murphy & Sons Ltd,General Civils,2021-04-07,26175.81
J Murphy & Sons Ltd,General Civils,2021-04-08,144042.44
J Murphy & Sons Ltd,General Civils,2021-04-08,47048.99
J Murphy & Sons Ltd,General Civils,2021-04-08,217032.48
J Murphy & Sons Ltd,General Civils,2021-04-08,43952.08
J Murphy & Sons Ltd,General Civils,2021-04-08,135757.55
J Murphy & Sons Ltd,General Civils,2021-04-08,26115.36
J Murphy & Sons Ltd,General Civils,2021-04-09,47387.62
J Murphy & Sons Ltd,General Civils,2021-04-09,30507.62
J Murphy & Sons Ltd,General Civils,2021-04-11,78291.44
J Murphy & Sons Ltd,General Civils,2021-04-12,809020.05
J Murphy & Sons Ltd,General Civils,2021-04-12,37432.17
J Murphy & Sons Ltd,General Civils,2021-04-12,317596.91
J Murphy & Sons Ltd,General Civils,2021-04-12,743397.18
J Murphy & Sons Ltd,General Civils,2021-04-12,471742.30
J Murphy & Sons Ltd,General Civils,2021-04-12,73114.86
J Murphy & Sons Ltd,General Civils,2021-04-12,1109726.12
J Murphy & Sons Ltd,General Civils,2021-04-13,30791.06
J Murphy & Sons Ltd,General Civils,2021-04-13,44165.85
J Murphy & Sons Ltd,General Civils,2021-04-13,196510.21
J Murphy & Sons Ltd,General Civils,2021-04-13,104948.85
J Murphy & Sons Ltd,General Civils,2021-04-13,45043.63
J Murphy & Sons Ltd,General Civils,2021-04-13,205747.35
J Murphy & Sons Ltd,General Civils,2021-04-13,785688.79
J Murphy & Sons Ltd,General Civils,2021-04-13,449588.17
J Murphy & Sons Ltd,General Civils,2021-04-13,136252.00
J Murphy & Sons Ltd,General Civils,2021-04-13,559920.45
J Murphy & Sons Ltd,General Civils,2021-04-13,26336.02
J Murphy & Sons Ltd,General Civils,2021-04-13,26772.40
J Murphy & Sons Ltd,General Civils,2021-04-13,192834.45
J Murphy & Sons Ltd,General Civils,2021-04-13,92033.00
J Murphy & Sons Ltd,General Civils,2021-04-14,234202.44
J Murphy & Sons Ltd,General Civils,2021-04-14,108472.99
J Murphy & Sons Ltd,General Civils,2021-04-14,87691.59
J Murphy & Sons Ltd,General Civils,2021-04-14,39262.55
J Murphy & Sons Ltd,General Civils,2021-04-14,116380.75
J Murphy & Sons Ltd,General Civils,2021-04-14,220722.15
J Murphy & Sons Ltd,General Civils,2021-04-14,88219.79
J Murphy & Sons Ltd,General Civils,2021-04-14,46286.54
J Murphy & Sons Ltd,General Civils,2021-04-14,491029.64
J Murphy & Sons Ltd,General Civils,2021-04-14,202701.63
J Murphy & Sons Ltd,General Civils,2021-04-14,48007.33
J Murphy & Sons Ltd,General Civils,2021-04-16,44416.63
J Murphy & Sons Ltd,General Civils,2021-04-19,65345.00
J Murphy & Sons Ltd,General Civils,2021-04-19,306110.34
J Murphy & Sons Ltd,General Civils,2021-04-21,146669.36
J Murphy & Sons Ltd,General Civils,2021-04-23,37911.66
J Murphy & Sons Ltd,General Civils,2021-04-26,38615.05
J Murphy & Sons Ltd,General Civils,2021-04-27,130298.13
J Murphy & Sons Ltd,General Civils,2021-04-28,329933.22
J Murphy & Sons Ltd,General Civils,2021-04-28,211476.77
J Murphy & Sons Ltd,General Civils,2021-04-28,45679.37
J Murphy & Sons Ltd,General Civils,2021-04-28,51703.64
J Murphy & Sons Ltd,General Civils,2021-04-28,33064.74
J Murphy & Sons Ltd,General Civils,2021-04-28,31917.08
J Murphy & Sons Ltd,General Civils,2021-04-29,94304.52
J Murphy & Sons Ltd,General Civils,2021-04-30,49342.71
J Murphy & Sons Ltd,General Civils,2021-04-30,41382.42
J Murphy & Sons Ltd,General Civils,2021-04-30,38384.93
J Murphy & Sons Ltd,Professional Services Direct,2021-04-11,78979.79
J Murphy & Sons Ltd,Professional Services Direct,2021-04-12,45405.38
J Murphy & Sons Ltd,Professional Services Direct,2021-04-16,62267.15
J Murphy & Sons Ltd,Professional Services Direct,2021-04-23,29653.81
J Murphy & Sons Ltd,Professional Services Direct,2021-04-23,151526.52
J Murphy & Sons Ltd,Professional Services Direct,2021-04-23,55025.74
J Murphy & Sons Ltd,Professional Services Direct,2021-04-23,78539.91
J Murphy & Sons Ltd,Professional Services Direct,2021-04-23,76294.52
J Murphy & Sons Ltd,Regulatory Charges,2021-04-16,39690.95
J Murphy & Sons Ltd,Track,2021-04-06,43649.00
J Murphy & Sons Ltd,Track,2021-04-12,133219.95
J Murphy & Sons Ltd,Track,2021-04-12,139247.94
J Murphy & Sons Ltd,Track,2021-04-12,43138.52
J Murphy & Sons Ltd,Track,2021-04-12,216932.59
J Murphy & Sons Ltd,Track,2021-04-12,944192.29
J Murphy & Sons Ltd,Track,2021-04-13,691188.31
JSS Rail Ltd t/a Sisk Rail,Buildings,2021-04-01,25034.57
JSS Rail Ltd t/a Sisk Rail,Buildings,2021-04-06,45032.60
JSS Rail Ltd t/a Sisk Rail,Buildings,2021-04-08,72961.99
JSS Rail Ltd t/a Sisk Rail,Buildings,2021-04-09,231258.90
JSS Rail Ltd t/a Sisk Rail,Buildings,2021-04-12,41551.82
JSS Rail Ltd t/a Sisk Rail,Buildings,2021-04-12,43780.51
JSS Rail Ltd t/a Sisk Rail,Buildings,2021-04-12,50616.86
JSS Rail Ltd t/a Sisk Rail,Buildings,2021-04-13,44232.86
JSS Rail Ltd t/a Sisk Rail,Buildings,2021-04-13,36985.43
JSS Rail Ltd t/a Sisk Rail,Buildings,2021-04-14,35493.56
JSS Rail Ltd t/a Sisk Rail,Buildings,2021-04-15,35425.91
JSS Rail Ltd t/a Sisk Rail,Buildings,2021-04-15,40316.88
JSS Rail Ltd t/a Sisk Rail,Buildings,2021-04-16,93043.18
JSS Rail Ltd t/a Sisk Rail,Buildings,2021-04-16,330407.35
JSS Rail Ltd t/a Sisk Rail,Buildings,2021-04-16,84850.85
JSS Rail Ltd t/a Sisk Rail,Buildings,2021-04-16,37713.03
JSS Rail Ltd t/a Sisk Rail,Buildings,2021-04-18,38935.42
JSS Rail Ltd t/a Sisk Rail,Buildings,2021-04-20,59048.14
JSS Rail Ltd t/a Sisk Rail,Buildings,2021-04-20,199186.12
JSS Rail Ltd t/a Sisk Rail,Buildings,2021-04-20,108906.54
JSS Rail Ltd t/a Sisk Rail,Buildings,2021-04-20,28920.01
JSS Rail Ltd t/a Sisk Rail,Buildings,2021-04-20,37311.36
JSS Rail Ltd t/a Sisk Rail,Buildings,2021-04-20,85647.49
JSS Rail Ltd t/a Sisk Rail,Buildings,2021-04-21,46817.74
JSS Rail Ltd t/a Sisk Rail,Buildings,2021-04-22,26859.98
JSS Rail Ltd t/a Sisk Rail,Buildings,2021-04-24,296583.39
JSS Rail Ltd t/a Sisk Rail,Buildings,2021-04-27,44776.22
JSS Rail Ltd t/a Sisk Rail,Buildings,2021-04-27,47469.54
JSS Rail Ltd t/a Sisk Rail,Buildings,2021-04-28,38416.95
JSS Rail Ltd t/a Sisk Rail,Buildings,2021-04-28,26181.38
JSS Rail Ltd t/a Sisk Rail,Buildings,2021-04-29,299327.27
JSS Rail Ltd t/a Sisk Rail,Buildings,2021-04-29,142244.52
JSS Rail Ltd t/a Sisk Rail,Buildings,2021-04-29,540638.10
JSS Rail Ltd t/a Sisk Rail,General Civils,2021-04-09,209562.41
Jamieson Contracting (NW) Ltd,Buildings,2021-04-15,25052.47
John Graham Construction Ltd,Buildings,2021-04-22,2681893.94
Keltbray Rail,Electrification and Fixed Plant,2021-04-01,2008253.26
Keltbray Rail,Electrification and Fixed Plant,2021-04-26,387013.39
Keltbray Rail,General Civils,2021-04-01,306575.59
Keltbray Rail,General Civils,2021-04-26,90386.45
Keltbray Rail,General Civils,2021-04-27,73632.60
Keltbray Rail,General Civils,2021-04-27,48958.15
Keltbray Rail,General Civils,2021-04-27,33024.81
Keltbray Rail,General Civils,2021-04-28,36378.88
Keltbray Rail,General Civils,2021-04-29,25247.75
Keltbray Rail,General Civils,2021-04-29,32571.01
Keltbray Rail,Infrastructure Support Services,2021-04-08,170031.56
Keltbray Rail,Infrastructure Support Services,2021-04-30,161193.29
Keltbray Rail,Track,2021-04-01,37958.88
Keltbray Rail,Track,2021-04-01,75450.53
Keltbray Rail,Track,2021-04-01,64355.82
Keltbray Rail,Track,2021-04-01,82668.96
Keltbray Rail,Track,2021-04-01,64815.65
Keltbray Rail,Track,2021-04-01,59677.62
Keltbray Rail,Track,2021-04-01,132025.96
Keltbray Rail,Track,2021-04-28,327850.51
Keltbray Rail,Track,2021-04-30,27351.38
Keltbray Rail,Track,2021-04-30,80108.13
Kent P H K Ltd,Electrification and Fixed Plant,2021-04-15,47586.34
Kier Construction Ltd t/a Kier Integrated Services Ltd,Signalling,2021-04-26,127977.97
Kier Infrastructure and Overseas Ltd,Buildings,2021-04-16,60638.05
Kier Integrated Services Ltd - Utilities,Electrification and Fixed Plant,2021-04-20,464424.03
Kier Integrated Services Ltd - Utilities,Electrification and Fixed Plant,2021-04-25,166378.61
L & W Contractors Ltd,On Track Plant,2021-04-26,25380.00
Linbrooke Services Ltd,Contingent Labour,2021-04-07,66616.44
Linbrooke Services Ltd,Contingent Labour,2021-04-22,30558.00
Linbrooke Services Ltd,Electrification and Fixed Plant,2021-04-21,25832.33
Linbrooke Services Ltd,Signalling,2021-04-08,48298.82
Linbrooke Services Ltd,Signalling,2021-04-13,92055.19
Linbrooke Services Ltd,Signalling,2021-04-19,99282.81
Linbrooke Services Ltd,Signalling,2021-04-21,79806.27
Linbrooke Services Ltd,Signalling,2021-04-21,268899.59
Linbrooke Services Ltd,Signalling,2021-04-23,497448.26
Linbrooke Services Ltd,Signalling,2021-04-23,127598.81
Linbrooke Services Ltd,Signalling,2021-04-26,47756.05
Linbrooke Services Ltd,Signalling,2021-04-27,49457.78
Linbrooke Services Ltd,Signalling,2021-04-27,86799.91
Linbrooke Services Ltd,Telecoms,2021-04-01,98885.97
Linbrooke Services Ltd,Telecoms,2021-04-09,34241.98
Linbrooke Services Ltd,Telecoms,2021-04-19,72317.96
Linbrooke Services Ltd,Telecoms,2021-04-19,28246.60
Linbrooke Services Ltd,Telecoms,2021-04-20,328469.61
Linbrooke Services Ltd,Telecoms,2021-04-22,182832.85
Linbrooke Services Ltd,Telecoms,2021-04-23,89000.00
Linbrooke Services Ltd,Telecoms,2021-04-23,126002.39
Linbrooke Services Ltd,Telecoms,2021-04-27,26984.90
Lowery Ltd,Electrification and Fixed Plant,2021-04-20,39001.00
Lowery Ltd,General Civils,2021-04-17,59116.63
Lowery Ltd,Signalling,2021-04-14,464264.06
MPH Construction Ltd,Buildings,2021-04-23,58400.81
McGinley Support Services (Infrastructure) Ltd,Contingent Labour,2021-04-01,43097.69
McGinley Support Services (Infrastructure) Ltd,Contingent Labour,2021-04-06,41588.75
McGinley Support Services (Infrastructure) Ltd,Contingent Labour,2021-04-07,64961.64
McGinley Support Services (Infrastructure) Ltd,Contingent Labour,2021-04-16,95031.56
McGinley Support Services (Infrastructure) Ltd,Contingent Labour,2021-04-16,42709.67
McGinley Support Services (Infrastructure) Ltd,Contingent Labour,2021-04-16,38286.56
McGinley Support Services (Infrastructure) Ltd,Contingent Labour,2021-04-19,35450.07
McGinley Support Services (Infrastructure) Ltd,Contingent Labour,2021-04-20,80770.70
McGinley Support Services (Infrastructure) Ltd,Contingent Labour,2021-04-27,30013.46
McGinley Support Services (Infrastructure) Ltd,Contingent Labour,2021-04-27,45110.13
McGinley Support Services (Infrastructure) Ltd,Contingent Labour,2021-04-28,29314.66
McGinley Support Services (Infrastructure) Ltd,Contingent Labour,2021-04-29,54045.97
McLaughlin & Harvey Ltd,General Civils,2021-04-13,98528.03
McNicholas Construction Services Limited,Electrification and Fixed Plant,2021-04-06,91609.67
McNicholas Construction Services Limited,Electrification and Fixed Plant,2021-04-13,30451.73
McNicholas Construction Services Limited,Electrification and Fixed Plant,2021-04-27,356618.16
McNicholas Construction Services Limited,General Civils,2021-04-20,34959.62
McNicholas Construction Services Limited,General Civils,2021-04-27,38789.50
McNicholas Construction Services Limited,General Civils,2021-04-27,242131.13
McNicholas Construction Services Limited,Professional Services Direct,2021-04-27,50280.58
Messrs A Baillie,Regulatory Charges,2021-04-01,26000.00
Midas Construction Ltd,Buildings,2021-04-20,622353.56
Morgan Sindall Construction & Infrastructure Ltd,Electrification and Fixed Plant,2021-04-23,3085429.93
Morgan Sindall Construction & Infrastructure Ltd,General Civils,2021-04-16,4855477.37
Morson Human Resources Ltd t/a Morson International,Contingent Labour,2021-04-14,53923.55
Morson Human Resources Ltd t/a Morson International,Contingent Labour,2021-04-23,27612.00
Morson Human Resources Ltd t/a Morson International,Contingent Labour,2021-04-23,31076.78
Mott MacDonald Ltd,Professional Services Direct,2021-04-22,744623.87
Mott MacDonald Ltd,Professional Services Direct,2021-04-27,303215.00
Nationwide Rail Ltd,Buildings,2021-04-07,72624.73
Neary Rail,Buildings,2021-04-01,72546.40
Npower Ltd,Utilities,2021-04-27,240238.66
Onsite Central Ltd,Infrastructure Support Services,2021-04-26,199165.86
Oracle Corporation UK Ltd,Information Technology,2021-04-30,34637.83
Osborne Infrastructure Ltd,Buildings,2021-04-07,78000.00
Osborne Infrastructure Ltd,Buildings,2021-04-07,70952.78
Osborne Infrastructure Ltd,Buildings,2021-04-09,79706.85
Osborne Infrastructure Ltd,Buildings,2021-04-13,150979.76
Osborne Infrastructure Ltd,Buildings,2021-04-13,26607.82
Osborne Infrastructure Ltd,Buildings,2021-04-14,26069.78
Osborne Infrastructure Ltd,Buildings,2021-04-14,35571.12
Osborne Infrastructure Ltd,Buildings,2021-04-14,51516.86
Osborne Infrastructure Ltd,Buildings,2021-04-14,31057.52
Osborne Infrastructure Ltd,Buildings,2021-04-14,41661.98
Osborne Infrastructure Ltd,Buildings,2021-04-14,27625.18
Osborne Infrastructure Ltd,Buildings,2021-04-14,49503.82
Osborne Infrastructure Ltd,Buildings,2021-04-15,403243.04
Osborne Infrastructure Ltd,Buildings,2021-04-15,96384.42
Osborne Infrastructure Ltd,Buildings,2021-04-15,39300.00
Osborne Infrastructure Ltd,Buildings,2021-04-15,429821.31
Osborne Infrastructure Ltd,Buildings,2021-04-15,31427.85
Osborne Infrastructure Ltd,Buildings,2021-04-16,35086.41
Osborne Infrastructure Ltd,Buildings,2021-04-16,35546.67
Osborne Infrastructure Ltd,Buildings,2021-04-16,224537.35
Osborne Infrastructure Ltd,Buildings,2021-04-16,39253.39
Osborne Infrastructure Ltd,Buildings,2021-04-16,63545.88
Osborne Infrastructure Ltd,Buildings,2021-04-21,85000.00
Osborne Infrastructure Ltd,Buildings,2021-04-21,45442.54
Osborne Infrastructure Ltd,Buildings,2021-04-21,28961.43
Osborne Infrastructure Ltd,Buildings,2021-04-21,38095.75
Osborne Infrastructure Ltd,Buildings,2021-04-21,125000.00
Osborne Infrastructure Ltd,Buildings,2021-04-22,40000.00
Osborne Infrastructure Ltd,Buildings,2021-04-22,242936.73
Osborne Infrastructure Ltd,Buildings,2021-04-22,46319.20
Osborne Infrastructure Ltd,Buildings,2021-04-22,46285.55
Osborne Infrastructure Ltd,Buildings,2021-04-22,49006.64
Osborne Infrastructure Ltd,Buildings,2021-04-22,40674.73
Osborne Infrastructure Ltd,Buildings,2021-04-22,35985.53
Osborne Infrastructure Ltd,Buildings,2021-04-22,28864.61
Osborne Infrastructure Ltd,Buildings,2021-04-23,33298.82
Osborne Infrastructure Ltd,Buildings,2021-04-26,55064.69
Osborne Infrastructure Ltd,Buildings,2021-04-26,28770.84
Osborne Infrastructure Ltd,Buildings,2021-04-26,53541.29
Osborne Infrastructure Ltd,Buildings,2021-04-26,75776.06
Osborne Infrastructure Ltd,Buildings,2021-04-26,30000.00
Osborne Infrastructure Ltd,Buildings,2021-04-26,125562.45
Osborne Infrastructure Ltd,Buildings,2021-04-26,55713.00
Osborne Infrastructure Ltd,Buildings,2021-04-26,42846.39
Osborne Infrastructure Ltd,Buildings,2021-04-26,43463.12
Osborne Infrastructure Ltd,Buildings,2021-04-26,27470.98
Osborne Infrastructure Ltd,Buildings,2021-04-29,40012.16
Osborne Infrastructure Ltd,Electrification and Fixed Plant,2021-04-14,75253.09
Osborne Infrastructure Ltd,Electrification and Fixed Plant,2021-04-16,401333.30
Osborne Infrastructure Ltd,Electrification and Fixed Plant,2021-04-16,1288185.27
Osborne Infrastructure Ltd,General Civils,2021-04-01,107799.63
Osborne Infrastructure Ltd,General Civils,2021-04-12,33952.84
Osborne Infrastructure Ltd,General Civils,2021-04-12,545654.68
Osborne Infrastructure Ltd,General Civils,2021-04-12,208882.25
Osborne Infrastructure Ltd,General Civils,2021-04-12,176328.80
Osborne Infrastructure Ltd,General Civils,2021-04-12,626392.12
Osborne Infrastructure Ltd,General Civils,2021-04-13,137220.12
Osborne Infrastructure Ltd,General Civils,2021-04-13,622065.17
Osborne Infrastructure Ltd,General Civils,2021-04-15,292915.24
Osborne Infrastructure Ltd,General Civils,2021-04-16,77006.95
Osborne Infrastructure Ltd,General Civils,2021-04-16,1962919.81
Osborne Infrastructure Ltd,General Civils,2021-04-20,535479.20
Osborne Infrastructure Ltd,General Civils,2021-04-20,207866.93
Osborne Infrastructure Ltd,General Civils,2021-04-23,362515.08
Osborne Infrastructure Ltd,General Civils,2021-04-23,272830.03
Osborne Infrastructure Ltd,General Civils,2021-04-23,412126.53
Osborne Infrastructure Ltd,Professional Services Direct,2021-04-11,117793.23
Osborne Infrastructure Ltd,Professional Services Direct,2021-04-12,72424.20
Osborne Infrastructure Ltd,Professional Services Direct,2021-04-12,27957.01
Osborne Infrastructure Ltd,Professional Services Direct,2021-04-15,362106.73
Osborne Infrastructure Ltd,Professional Services Direct,2021-04-20,40004.77
Osborne Infrastructure Ltd,Professional Services Direct,2021-04-21,176315.31
Osborne Infrastructure Ltd,Professional Services Direct,2021-04-23,81420.13
Osborne Infrastructure Ltd,Professional Services Direct,2021-04-27,430327.68
Ove Arup & Partners Ltd,Professional Services Direct,2021-04-01,54420.77
Ove Arup & Partners Ltd,Professional Services Direct,2021-04-15,69541.16
Ove Arup & Partners Ltd,Professional Services Direct,2021-04-16,1071202.10
Ove Arup & Partners Ltd,Professional Services Direct,2021-04-16,66653.51
Ove Arup & Partners Ltd,Professional Services Direct,2021-04-16,359595.48
Ove Arup & Partners Ltd,Professional Services Direct,2021-04-16,335010.40
Philip Shovlin Plant Hire Ltd,On Track Plant,2021-04-01,40022.44
Pod-Trak Ltd,Buildings,2021-04-27,1691188.29
Pro Rail Services Ltd,Infrastructure Support Services,2021-04-12,83387.34
Pro Rail Services Ltd,Infrastructure Support Services,2021-04-15,25289.26
Pro Rail Services Ltd,Infrastructure Support Services,2021-04-15,111764.94
Pro Rail Services Ltd,Infrastructure Support Services,2021-04-16,50528.21
QTS Group Ltd,General Civils,2021-04-01,103837.11
QTS Group Ltd,General Civils,2021-04-14,26808.44
QTS Group Ltd,General Civils,2021-04-14,171843.68
QTS Group Ltd,General Civils,2021-04-14,333927.85
QTS Group Ltd,General Civils,2021-04-14,55544.91
QTS Group Ltd,General Civils,2021-04-14,189333.00
QTS Group Ltd,General Civils,2021-04-15,27357.80
QTS Group Ltd,General Civils,2021-04-16,34487.27
QTS Group Ltd,General Civils,2021-04-16,123146.97
QTS Group Ltd,General Civils,2021-04-16,38284.81
QTS Group Ltd,General Civils,2021-04-16,27465.42
QTS Group Ltd,General Civils,2021-04-16,122460.75
QTS Group Ltd,General Civils,2021-04-16,99195.16
QTS Group Ltd,General Civils,2021-04-16,38660.49
QTS Group Ltd,General Civils,2021-04-16,97867.49
QTS Group Ltd,General Civils,2021-04-16,135401.23
QTS Group Ltd,General Civils,2021-04-16,33793.94
QTS Group Ltd,General Civils,2021-04-16,73495.86
QTS Group Ltd,General Civils,2021-04-19,313669.54
QTS Group Ltd,General Civils,2021-04-22,129078.41
QTS Group Ltd,General Civils,2021-04-22,319769.27
QTS Group Ltd,General Civils,2021-04-22,216209.95
QTS Group Ltd,General Civils,2021-04-22,308439.47
QTS Group Ltd,General Civils,2021-04-22,81667.97
QTS Group Ltd,General Civils,2021-04-22,391638.27
QTS Group Ltd,General Civils,2021-04-27,65170.37
QTS Group Ltd,Infrastructure Support Services,2021-04-06,110700.00
QTS Group Ltd,Infrastructure Support Services,2021-04-06,126005.16
QTS Group Ltd,Infrastructure Support Services,2021-04-06,42763.50
QTS Group Ltd,Infrastructure Support Services,2021-04-08,96955.04
QTS Group Ltd,Infrastructure Support Services,2021-04-09,77702.40
QTS Group Ltd,Infrastructure Support Services,2021-04-09,26542.14
QTS Group Ltd,Infrastructure Support Services,2021-04-12,90913.19
QTS Group Ltd,Infrastructure Support Services,2021-04-12,35103.06
QTS Group Ltd,Infrastructure Support Services,2021-04-13,28918.29
QTS Group Ltd,Infrastructure Support Services,2021-04-13,201172.33
QTS Group Ltd,Infrastructure Support Services,2021-04-14,32582.46
QTS Group Ltd,Infrastructure Support Services,2021-04-16,47393.94
QTS Group Ltd,Infrastructure Support Services,2021-04-19,33219.23
QTS Group Ltd,Infrastructure Support Services,2021-04-20,92748.89
QTS Group Ltd,Infrastructure Support Services,2021-04-20,95979.85
QTS Group Ltd,Infrastructure Support Services,2021-04-20,39093.66
QTS Group Ltd,Infrastructure Support Services,2021-04-26,99152.89
QTS Group Ltd,Infrastructure Support Services,2021-04-26,43791.45
QTS Group Ltd,Infrastructure Support Services,2021-04-27,46529.11
QTS Group Ltd,Infrastructure Support Services,2021-04-27,97575.90
QTS Group Ltd,Infrastructure Support Services,2021-04-29,249344.53
QTS Group Ltd,Infrastructure Support Services,2021-04-29,595411.77
QTS Group Ltd,Infrastructure Support Services,2021-04-30,51216.57
QTS Group Ltd,Track,2021-04-19,37500.00
QTS Group Ltd,Track,2021-04-26,98931.17
Quattro Plant Ltd,On Track Plant,2021-04-08,27272.70
Quattro Plant Ltd,On Track Plant,2021-04-09,46298.80
Quattro Plant Ltd,On Track Plant,2021-04-26,31150.20
R & W Rail,General Civils,2021-04-15,58554.16
R & W Rail,General Civils,2021-04-19,168292.16
R & W Rail,General Civils,2021-04-22,524222.69
RSS Infrastructure Ltd,Infrastructure Support Services,2021-04-12,43934.00
RSS Infrastructure Ltd,Signalling,2021-04-27,43848.33
Rail Op OHL Ltd,Infrastructure Support Services,2021-04-01,308880.99
Rail Op OHL Ltd,Infrastructure Support Services,2021-04-13,176533.51
Rail Op OHL Ltd,Infrastructure Support Services,2021-04-27,246622.71
Rail Staff Travel,HR and Training,2021-04-01,384397.65
Railscape Ltd,Infrastructure Support Services,2021-04-01,25236.00
Railscape Ltd,Infrastructure Support Services,2021-04-13,257697.35
Railscape Ltd,Infrastructure Support Services,2021-04-13,37686.44
Railscape Ltd,Infrastructure Support Services,2021-04-14,118061.94
Railscape Ltd,Infrastructure Support Services,2021-04-15,110038.80
Railscape Ltd,Infrastructure Support Services,2021-04-15,30704.60
Railscape Ltd,Infrastructure Support Services,2021-04-16,87100.00
Railscape Ltd,Infrastructure Support Services,2021-04-20,360465.08
Railscape Ltd,Infrastructure Support Services,2021-04-21,30203.00
Railscape Ltd,Infrastructure Support Services,2021-04-26,289818.00
Ramboll UK Ltd,Professional Services Direct,2021-04-14,107561.27
Readypower Rail Services Ltd,On Track Plant,2021-04-13,38934.00
Readypower Rail Services Ltd,On Track Plant,2021-04-19,25350.00
Readypower Rail Services Ltd,On Track Plant,2021-04-22,25897.48
Readypower Rail Services Ltd,On Track Plant,2021-04-22,37107.01
Resonate Group Ltd,Signalling,2021-04-12,36077.48
Resonate Group Ltd,Signalling,2021-04-12,1990000.00
Resonate Group Ltd,Signalling,2021-04-12,1357491.10
Resonate Group Ltd,Signalling,2021-04-26,60296.00
Resourcing Solutions Ltd,Contingent Labour,2021-04-07,45918.06
Resourcing Solutions Ltd,Contingent Labour,2021-04-09,40984.00
Rothwell Group Ltd,Buildings,2021-04-09,45040.59
Rothwell Group Ltd,Buildings,2021-04-12,77669.90
Rothwell Group Ltd,Buildings,2021-04-20,79167.40
S & T Cover Ltd,Signalling,2021-04-30,105402.51
SPL Powerlines UK Ltd,Electrification and Fixed Plant,2021-04-12,279376.45
SPL Powerlines UK Ltd,Electrification and Fixed Plant,2021-04-13,1514011.68
SPL Powerlines UK Ltd,Electrification and Fixed Plant,2021-04-14,288222.67
SPL Powerlines UK Ltd,Electrification and Fixed Plant,2021-04-16,1210004.87
SPL Powerlines UK Ltd,Electrification and Fixed Plant,2021-04-19,253838.82
SPL Powerlines UK Ltd,Electrification and Fixed Plant,2021-04-19,607437.73
SPL Powerlines UK Ltd,Electrification and Fixed Plant,2021-04-22,102790.56
SPL Powerlines UK Ltd,Electrification and Fixed Plant,2021-04-30,531583.37
SPL Powerlines UK Ltd,Professional Services Direct,2021-04-01,29813.03
SPL Powerlines UK Ltd,Professional Services Direct,2021-04-15,64532.18
SRS Rail System Ltd,On Track Plant,2021-04-12,39182.08
SSE Contracting Ltd,Buildings,2021-04-09,59113.00
SSE Contracting Ltd,Buildings,2021-04-20,103665.06
SSE Contracting Ltd,Buildings,2021-04-30,71634.88
SW Global Resourcing Limited,Contingent Labour,2021-04-07,65821.75
Schweerbau GMBH & Co KG,On Track Machines,2021-04-13,313832.87
Scottish Woodlands Ltd,Infrastructure Support Services,2021-04-15,32214.11
Scottish Woodlands Ltd,Infrastructure Support Services,2021-04-15,36633.14
Scottish Woodlands Ltd,Infrastructure Support Services,2021-04-23,51877.67
Scottish Woodlands Ltd,Infrastructure Support Services,2021-04-23,51231.90
Shannon Rail Services Ltd,Plant and Tools,2021-04-16,56000.00
Shared Services Manual Payments,Regulatory Charges,2021-04-13,45375.00
Shared Services Manual Payments,Regulatory Charges,2021-04-26,60000.00
Shorterm Limited,Contingent Labour,2021-04-13,28693.44
Shorterm Limited,Contingent Labour,2021-04-22,74294.00
Siemens Mobility - Rail Infrastructure (div. of Siemens Plc),Electrification and Fixed Plant,2021-04-13,36789.27
Siemens Mobility - Rail Infrastructure (div. of Siemens Plc),Signalling,2021-04-20,70000.00
Siemens Mobility Limited,Professional Services Direct,2021-04-16,1975018.54
Siemens Mobility Limited,Professional Services Direct,2021-04-22,889888.00
Siemens Mobility Limited,Professional Services Direct,2021-04-23,126229.64
Siemens Mobility Limited,Signalling,2021-04-01,2483237.31
Siemens Mobility Limited,Signalling,2021-04-02,34089.59
Siemens Mobility Limited,Signalling,2021-04-06,38067.09
Siemens Mobility Limited,Signalling,2021-04-07,35561.54
Siemens Mobility Limited,Signalling,2021-04-07,565724.38
Siemens Mobility Limited,Signalling,2021-04-07,861207.96
Siemens Mobility Limited,Signalling,2021-04-09,142251.96
Siemens Mobility Limited,Signalling,2021-04-09,50000.00
Siemens Mobility Limited,Signalling,2021-04-12,37324.69
Siemens Mobility Limited,Signalling,2021-04-13,214609.60
Siemens Mobility Limited,Signalling,2021-04-13,127753.96
Siemens Mobility Limited,Signalling,2021-04-13,174441.89
Siemens Mobility Limited,Signalling,2021-04-13,731669.93
Siemens Mobility Limited,Signalling,2021-04-13,295666.03
Siemens Mobility Limited,Signalling,2021-04-14,325649.26
Siemens Mobility Limited,Signalling,2021-04-15,90000.00
Siemens Mobility Limited,Signalling,2021-04-19,246113.96
Siemens Mobility Limited,Signalling,2021-04-19,167511.97
Siemens Mobility Limited,Signalling,2021-04-19,137428.19
Siemens Mobility Limited,Signalling,2021-04-19,533426.14
Siemens Mobility Limited,Signalling,2021-04-21,411506.60
Siemens Mobility Limited,Signalling,2021-04-21,405378.00
Siemens Mobility Limited,Signalling,2021-04-22,3854327.28
Siemens Mobility Limited,Signalling,2021-04-22,725617.75
Siemens Mobility Limited,Signalling,2021-04-22,40269.62
Siemens Mobility Limited,Signalling,2021-04-23,205870.16
Siemens Mobility Limited,Signalling,2021-04-26,409535.00
Siemens Mobility Limited,Signalling,2021-04-26,2171352.69
Siemens Mobility Limited,Signalling,2021-04-26,182504.66
Siemens Mobility Limited,Signalling,2021-04-26,483145.05
Siemens Mobility Limited,Signalling,2021-04-27,33102.78
Siemens Mobility Limited,Signalling,2021-04-27,83140.01
Siemens Mobility Limited,Signalling,2021-04-29,276197.38
Siemens Mobility Limited,Signalling,2021-04-29,1114546.41
Siemens Mobility Limited,Signalling,2021-04-29,405408.51
Siemens PLC,Electrification and Fixed Plant,2021-04-01,41303.57
Siemens PLC,Electrification and Fixed Plant,2021-04-01,1893742.25
Siemens PLC,Electrification and Fixed Plant,2021-04-20,106105.31
Siemens PLC,Electrification and Fixed Plant,2021-04-20,209060.70
Siemens PLC,Electrification and Fixed Plant,2021-04-23,731124.97
Siemens PLC,Electrification and Fixed Plant,2021-04-23,604550.06
Skanska Construction UK Ltd,Buildings,2021-04-21,3738164.82
Skanska Construction UK Ltd,General Civils,2021-04-07,2285143.20
Skanska Construction UK Ltd,General Civils,2021-04-20,2339914.85
Skanska Construction UK Ltd,General Civils,2021-04-21,809537.98
Skanska Construction UK Ltd (IPC Project),General Civils,2021-04-09,1367499.78
Skanska Construction UK Ltd (IPC Project),General Civils,2021-04-09,4994219.30
Skanska Construction UK Ltd (IPC Project),General Civils,2021-04-20,163806.67
Skanska Construction UK Ltd (IPC Project),General Civils,2021-04-26,315729.70
Spence Refit Ltd,Buildings,2021-04-16,114464.10
Statutory Payments to Utility Suppliers,General Civils,2021-04-09,29596.56
Statutory Payments to Utility Suppliers,General Civils,2021-04-22,48001.95
Statutory Payments to Utility Suppliers,General Civils,2021-04-27,39650.00
Statutory Payments to Utility Suppliers,General Civils,2021-04-27,44950.00
Story Contracting Ltd,Buildings,2021-04-09,52560.68
Story Contracting Ltd,Buildings,2021-04-12,53152.72
Story Contracting Ltd,Buildings,2021-04-12,223772.00
Story Contracting Ltd,Buildings,2021-04-12,40663.29
Story Contracting Ltd,Buildings,2021-04-12,25375.30
Story Contracting Ltd,Buildings,2021-04-12,466236.83
Story Contracting Ltd,Buildings,2021-04-12,32143.60
Story Contracting Ltd,Buildings,2021-04-14,116207.59
Story Contracting Ltd,Buildings,2021-04-16,310864.01
Story Contracting Ltd,Buildings,2021-04-16,61094.90
Story Contracting Ltd,Buildings,2021-04-21,39812.78
Story Contracting Ltd,Buildings,2021-04-21,150368.46
Story Contracting Ltd,General Civils,2021-04-06,557000.00
Story Contracting Ltd,General Civils,2021-04-06,229641.96
Story Contracting Ltd,General Civils,2021-04-06,84008.51
Story Contracting Ltd,General Civils,2021-04-06,162210.43
Story Contracting Ltd,General Civils,2021-04-06,149041.38
Story Contracting Ltd,General Civils,2021-04-06,63896.56
Story Contracting Ltd,General Civils,2021-04-07,50000.00
Story Contracting Ltd,General Civils,2021-04-07,250000.00
Story Contracting Ltd,General Civils,2021-04-07,182652.00
Story Contracting Ltd,General Civils,2021-04-07,134889.46
Story Contracting Ltd,General Civils,2021-04-07,214205.18
Story Contracting Ltd,General Civils,2021-04-07,82314.38
Story Contracting Ltd,General Civils,2021-04-07,26435.50
Story Contracting Ltd,General Civils,2021-04-07,34093.44
Story Contracting Ltd,General Civils,2021-04-07,34093.45
Story Contracting Ltd,General Civils,2021-04-07,34093.45
Story Contracting Ltd,General Civils,2021-04-07,34093.45
Story Contracting Ltd,General Civils,2021-04-07,34093.45
Story Contracting Ltd,General Civils,2021-04-07,70376.27
Story Contracting Ltd,General Civils,2021-04-07,300000.00
Story Contracting Ltd,General Civils,2021-04-07,100000.00
Story Contracting Ltd,General Civils,2021-04-07,230657.13
Story Contracting Ltd,General Civils,2021-04-07,141066.00
Story Contracting Ltd,General Civils,2021-04-07,63899.65
Story Contracting Ltd,General Civils,2021-04-07,69803.78
Story Contracting Ltd,General Civils,2021-04-07,63879.48
Story Contracting Ltd,General Civils,2021-04-07,158725.13
Story Contracting Ltd,General Civils,2021-04-08,52524.04
Story Contracting Ltd,General Civils,2021-04-08,273267.01
Story Contracting Ltd,General Civils,2021-04-12,287157.11
Story Contracting Ltd,General Civils,2021-04-12,74933.88
Story Contracting Ltd,General Civils,2021-04-12,248587.00
Story Contracting Ltd,General Civils,2021-04-13,79282.90
Story Contracting Ltd,General Civils,2021-04-13,74032.46
Story Contracting Ltd,General Civils,2021-04-13,64518.30
Story Contracting Ltd,General Civils,2021-04-13,33629.91
Story Contracting Ltd,General Civils,2021-04-13,74432.03
Story Contracting Ltd,General Civils,2021-04-15,292000.00
Story Contracting Ltd,General Civils,2021-04-15,279743.15
Story Contracting Ltd,General Civils,2021-04-15,34021.68
Story Contracting Ltd,General Civils,2021-04-15,39441.72
Story Contracting Ltd,General Civils,2021-04-15,155568.12
Story Contracting Ltd,General Civils,2021-04-15,39904.22
Story Contracting Ltd,General Civils,2021-04-15,87549.35
Story Contracting Ltd,General Civils,2021-04-15,438000.00
Story Contracting Ltd,General Civils,2021-04-15,90674.31
Story Contracting Ltd,General Civils,2021-04-15,33353.03
Story Contracting Ltd,General Civils,2021-04-15,83705.49
Story Contracting Ltd,General Civils,2021-04-16,1228767.29
Story Contracting Ltd,General Civils,2021-04-16,34949.53
Story Contracting Ltd,General Civils,2021-04-16,138809.44
Story Contracting Ltd,General Civils,2021-04-16,39791.59
Story Contracting Ltd,General Civils,2021-04-19,367681.36
Story Contracting Ltd,General Civils,2021-04-19,31850.33
Story Contracting Ltd,General Civils,2021-04-20,601013.11
Story Contracting Ltd,General Civils,2021-04-21,29688.31
Story Contracting Ltd,General Civils,2021-04-21,40644.88
Story Contracting Ltd,General Civils,2021-04-21,35304.20
Story Contracting Ltd,General Civils,2021-04-21,307065.26
Story Contracting Ltd,General Civils,2021-04-21,441748.21
Story Contracting Ltd,General Civils,2021-04-21,66733.92
Story Contracting Ltd,General Civils,2021-04-21,143822.35
Story Contracting Ltd,General Civils,2021-04-21,36380.83
Story Contracting Ltd,General Civils,2021-04-21,35464.66
Story Contracting Ltd,General Civils,2021-04-21,63555.44
Story Contracting Ltd,General Civils,2021-04-21,28774.41
Story Contracting Ltd,General Civils,2021-04-21,55795.45
Story Contracting Ltd,General Civils,2021-04-21,42564.54
Story Contracting Ltd,General Civils,2021-04-21,39576.29
Story Contracting Ltd,General Civils,2021-04-22,255272.11
Story Contracting Ltd,General Civils,2021-04-26,67671.24
Story Contracting Ltd,General Civils,2021-04-26,346000.00
Story Contracting Ltd,General Civils,2021-04-27,53016.12
Story Contracting Ltd,General Civils,2021-04-28,116663.05
Story Contracting Ltd,General Civils,2021-04-28,26694.12
Suttle Projects Ltd,General Civils,2021-04-16,681540.37
TRAC Engineering Ltd,Infrastructure Support Services,2021-04-27,55302.70
TSO SAS (RS Alliance Use Only),Track,2021-04-13,86380.51
TSO SAS (RS Alliance Use Only),Track,2021-04-14,32717.57
TSO SAS (RS Alliance Use Only),Track,2021-04-14,27087.93
TSO SAS (RS Alliance Use Only),Track,2021-04-14,60013.16
TSO SAS (RS Alliance Use Only),Track,2021-04-14,51879.50
TSO SAS (RS Alliance Use Only),Track,2021-04-14,36851.84
TSO SAS (RS Alliance Use Only),Track,2021-04-14,142796.49
TSO SAS (RS Alliance Use Only),Track,2021-04-14,45060.81
TSO SAS (RS Alliance Use Only),Track,2021-04-14,38733.83
TSO SAS (RS Alliance Use Only),Track,2021-04-14,186381.98
TSO SAS (RS Alliance Use Only),Track,2021-04-19,104137.14
TSO SAS (RS Alliance Use Only),Track,2021-04-19,54322.36
TSO SAS (RS Alliance Use Only),Track,2021-04-20,48822.47
TSO SAS (RS Alliance Use Only),Track,2021-04-21,261308.69
TSO SAS (RS Alliance Use Only),Track,2021-04-21,25541.20
TSO SAS (RS Alliance Use Only),Track,2021-04-23,1593176.02
TSO SAS (RS Alliance Use Only),Track,2021-04-25,53320.62
TSO SAS (RS Alliance Use Only),Track,2021-04-26,766835.36
TSO SAS (RS Alliance Use Only),Track,2021-04-26,80336.91
TSO SAS (RS Alliance Use Only),Track,2021-04-27,257335.96
TXM Plant Ltd,On Track Plant,2021-04-07,28306.32
TXM Plant Ltd,On Track Plant,2021-04-07,25566.00
TXM Plant Ltd,On Track Plant,2021-04-14,26516.04
TXM Plant Ltd,On Track Plant,2021-04-14,34675.52
TXM Plant Ltd,On Track Plant,2021-04-20,30074.70
TXM Plant Ltd,On Track Plant,2021-04-27,47447.92
Taziker Industrial Ltd,Buildings,2021-04-19,115653.51
Taziker Industrial Ltd,Buildings,2021-04-20,464982.06
Taziker Industrial Ltd,Buildings,2021-04-27,47013.40
Taziker Industrial Ltd,General Civils,2021-04-16,523055.99
Taziker Industrial Ltd,General Civils,2021-04-21,54156.00
Telent Technology Services Limited,Electrification and Fixed Plant,2021-04-15,932749.06
Telent Technology Services Limited,Electrification and Fixed Plant,2021-04-28,752075.44
Telent Technology Services Limited,Telecoms,2021-04-01,259182.41
Telent Technology Services Limited,Telecoms,2021-04-01,843510.46
Telent Technology Services Limited,Telecoms,2021-04-09,43884.23
Telent Technology Services Limited,Telecoms,2021-04-09,54595.27
Telent Technology Services Limited,Telecoms,2021-04-12,83764.31
Telent Technology Services Limited,Telecoms,2021-04-12,40619.85
Telent Technology Services Limited,Telecoms,2021-04-12,172545.45
Telent Technology Services Limited,Telecoms,2021-04-17,36246.80
Telent Technology Services Limited,Telecoms,2021-04-29,60319.71
Thales Transport & Security Ltd,Signalling,2021-04-02,49482.00
UKDN Waterflow (LG) Ltd,Infrastructure Support Services,2021-04-29,196322.32
VP PLC t/a Torrent,Plant and Tools,2021-04-01,86477.12
VP PLC t/a Torrent,Plant and Tools,2021-04-01,37252.25
VP PLC t/a Torrent,Plant and Tools,2021-04-07,30634.13
VP PLC t/a Torrent,Plant and Tools,2021-04-08,30552.23
VP PLC t/a Torrent,Plant and Tools,2021-04-08,74019.83
VP PLC t/a Torrent,Plant and Tools,2021-04-09,197989.10
VP PLC t/a Torrent,Plant and Tools,2021-04-09,63043.26
VP PLC t/a Torrent,Plant and Tools,2021-04-09,82556.00
VP PLC t/a Torrent,Plant and Tools,2021-04-16,142405.89
VP PLC t/a Torrent,Plant and Tools,2021-04-16,25358.20
VP PLC t/a Torrent,Plant and Tools,2021-04-21,31725.76
VP PLC t/a Torrent,Plant and Tools,2021-04-23,50143.04
VP PLC t/a Torrent,Plant and Tools,2021-04-29,336138.26
VP PLC t/a Torrent,Plant and Tools,2021-04-29,59168.23
VolkerFitzpatrick Ltd,Buildings,2021-04-28,1222023.72
VolkerFitzpatrick Ltd,General Civils,2021-04-14,441000.00
VolkerRail Ltd,Electrification and Fixed Plant,2021-04-01,1268297.15
VolkerRail Ltd,Electrification and Fixed Plant,2021-04-20,70535.67
VolkerRail Ltd,Electrification and Fixed Plant,2021-04-23,134690.61
VolkerRail Ltd,Electrification and Fixed Plant,2021-04-23,1318501.27
VolkerRail Ltd,Electrification and Fixed Plant,2021-04-23,4612607.67
VolkerRail Ltd,Electrification and Fixed Plant,2021-04-28,43360.88
VolkerRail Ltd,Professional Services Direct,2021-04-14,95207.94
VolkerRail Ltd,Professional Services Direct,2021-04-21,526612.75
VolkerRail Ltd,Signalling,2021-04-28,80424.96
VolkerRail Specialist Businesses Ltd,Electrification and Fixed Plant,2021-04-15,51069.43
VolkerRail Specialist Businesses Ltd,Electrification and Fixed Plant,2021-04-21,126650.32
VolkerRail Specialist Businesses Ltd,Electrification and Fixed Plant,2021-04-21,74192.46
VolkerRail Specialist Businesses Ltd,Electrification and Fixed Plant,2021-04-24,172347.09
VolkerRail Specialist Businesses Ltd,Electrification and Fixed Plant,2021-04-24,316101.68
VolkerRail Specialist Businesses Ltd,Signalling,2021-04-06,161801.07
VolkerRail Specialist Businesses Ltd,Signalling,2021-04-07,161938.01
VolkerRail Specialist Businesses Ltd,Signalling,2021-04-12,221313.55
VolkerRail Specialist Businesses Ltd,Signalling,2021-04-13,139269.16
VolkerRail Specialist Businesses Ltd,Signalling,2021-04-16,34257.51
VolkerRail Specialist Businesses Ltd,Signalling,2021-04-16,36383.82
VolkerRail Specialist Businesses Ltd,Signalling,2021-04-16,219351.58
VolkerRail Specialist Businesses Ltd,Signalling,2021-04-16,51086.99
VolkerRail Specialist Businesses Ltd,Signalling,2021-04-16,262499.93
VolkerRail Specialist Businesses Ltd,Signalling,2021-04-16,32148.50
VolkerRail Specialist Businesses Ltd,Signalling,2021-04-16,26718.04
VolkerRail Specialist Businesses Ltd,Signalling,2021-04-20,31966.21
VolkerRail Specialist Businesses Ltd,Signalling,2021-04-21,383544.19
VolkerRail Specialist Businesses Ltd,Signalling,2021-04-22,59305.67
VolkerRail Specialist Businesses Ltd,Signalling,2021-04-24,129642.68
VolkerRail Specialist Businesses Ltd,Signalling,2021-04-24,93169.68
VolkerRail Specialist Businesses Ltd,Signalling,2021-04-24,32143.50
VolkerRail Specialist Businesses Ltd,Signalling,2021-04-27,38699.72
Vp Plc t/a Brandon Hire,Plant and Tools,2021-04-01,121679.12
Vp Plc t/a Brandon Hire,Plant and Tools,2021-04-09,26657.06
Vp Plc t/a Brandon Hire,Plant and Tools,2021-04-09,61411.46
Vp Plc t/a Brandon Hire,Plant and Tools,2021-04-09,77492.83
Vp Plc t/a Brandon Hire,Plant and Tools,2021-04-13,144535.64
Vp Plc t/a Brandon Hire,Plant and Tools,2021-04-16,31194.68
WJ Project Services Ltd,Electrification and Fixed Plant,2021-04-27,34125.00
WSP UK Ltd,DSF National Multi-Discipline,2021-04-01,48187.15
WSP UK Ltd,DSF National Multi-Discipline,2021-04-14,36687.60
WSP UK Ltd,DSF National Multi-Discipline,2021-04-15,45514.82
XYZ Rail Ltd,Buildings,2021-04-08,50000.00
XYZ Rail Ltd,Buildings,2021-04-22,53500.00
XYZ Rail Ltd,General Civils,2021-04-15,53799.14
XYZ Rail Ltd,General Civils,2021-04-16,549140.94
XYZ Rail Ltd,General Civils,2021-04-20,25412.41
XYZ Rail Ltd,Infrastructure Support Services,2021-04-12,110385.87
Zollner UK Ltd,Signalling,2021-04-13,182843.66
Grand Total,,,410476063.55
,, Copyright Network Rail 2021,
