Departmental Family,Entity,Date,Expense Type,Expense Area,Supplier,Transaction number,Amount
CAB,CABINET OFFICE,2019-08-01,EXP - CURRENT GRANTS TO LOCAL GOVERNMENT,ELECTIONS DIVISION PROGRAMME,WATFORD BOROUGH COUNCIL,10004146,70760.20
CAB,CABINET OFFICE,2019-08-01,EXP - CURRENT GRANTS TO LOCAL GOVERNMENT,ELECTIONS DIVISION PROGRAMME,MID SUSSEX DISTRICT COUNCIL,10004147,70760.20
CAB,CABINET OFFICE,2019-08-19,EXP - CURRENT GRANTS TO PRIVATE SECTOR - NON PROFIT INSTITUTIONS SERVING H'HOLD - GRANT IN AID CS BODIES,CIVIL SERVICE WELFARE,CIVIL SERVICE SPORTS COUNCIL LTD,10004175,100000.00
CAB,CABINET OFFICE,2019-08-19,EXP - CURRENT GRANTS TO PRIVATE SECTOR - NON PROFIT INSTITUTIONS SERVING H'HOLD - GRANT IN AID CS BODIES,CIVIL SERVICE WELFARE,THE CHARITY FOR CIVIL SERVANTS,10004176,110000.00
CAB,CABINET OFFICE,2019-08-23,EXP - CURRENT GRANTS TO LOCAL GOVERNMENT,REGISTRATION REFORM DESIGN & DELIVERY,ROYAL BOROUGH OF KINGSTON UPON THAMES,10004182,59620.63
CAB,CABINET OFFICE,2019-08-23,EXP - CURRENT GRANTS TO LOCAL GOVERNMENT,REGISTRATION REFORM DESIGN & DELIVERY,DERBY CITY COUNCIL,10004183,78541.25
CAB,CABINET OFFICE,2019-08-23,EXP - CURRENT GRANTS TO LOCAL GOVERNMENT,REGISTRATION REFORM DESIGN & DELIVERY,NORTHAMPTON BOROUGH COUNCIL,10004186,37262.42
CAB,CABINET OFFICE,2019-08-08,EXP - PURCHASE OF GOODS/SERVICES - MARKETING & MEDIA,GCS INTERNATIONAL,J. WALTER THOMPSON,20001008,34800.00
CAB,CABINET OFFICE,2019-08-14,EXP - PURCHASE OF GOODS/SERVICES - OTHER ICT COSTS,SERVICE SUPPORT & OPS,FASTLY INC,20001021,41706.73
CAB,CABINET OFFICE,2019-08-12,EXP - PURCHASE OF GOODS/SERVICES - ACCOMMODATION & BLDNG MANAGEMENT,70 WHITEHALL,GOVERNMENT PROPERTY AGENCY GPA,30000256,1245030.88
CAB,CABINET OFFICE,2019-08-01,EXP - PURCHASE OF GOODS/SERVICES - OTHER - RESEARCH AND DEVELOPMENT,GOVERNMENT EQUALITIES OFFICE PROG,OMB RESEARCH LTD,1037061630,30000.00
CAB,CABINET OFFICE,2019-08-01,EXP - PURCHASE OF GOODS/SERVICES - PERSONNEL RELATED,HR CAPABILITY & TALENT,CAPITA BUSINESS SERVICES LTD,1037061640,36920.21
CAB,CABINET OFFICE,2019-08-01,EXP - PURCHASE OF GOODS/SERVICES - MARKETING & MEDIA - ADVERTISING,ADVERTS & CHECKS,TMP UK LTD,1037061692,26954.00
CAB,CABINET OFFICE,2019-08-02,EXP - PURCHASE OF GOODS/SERVICES - PERSONNEL RELATED,HR CAPABILITY & TALENT,CAPITA BUSINESS SERVICES LTD,1037061756,164916.90
CAB,CABINET OFFICE,2019-08-02,EXP - PURCHASE OF GOODS/SERVICES - TRAINING & DEVELOPMENT,GCS LEVY,CAPITA BUSINESS SERVICES LTD,1037061756,29194.52
CAB,CABINET OFFICE,2019-08-02,EXP - PURCHASE OF GOODS/SERVICES - OTHER ICT COSTS,DIGITAL & TECHNOLOGY INFRASTRUCTURE TEAM,XMA LTD,1037061781,89920.00
CAB,CABINET OFFICE,2019-08-02,EXP - PURCHASE OF GOODS/SERVICES - OTHER - PENSIONS ADMINISTRATION (ADDITIONAL COSTS [MyCSP]),SME CONTRACT MANAGMENT LEAD,MYCSP LTD,1037061792,58897.00
CAB,CABINET OFFICE,2019-08-02,EXP - PURCHASE OF GOODS/SERVICES - PERSONNEL RELATED - PENSIONS PAYROLL CONTRACTOR (FIXED FEE),SME CONTRACT MANAGMENT LEAD,MYCSP LTD,1037061792,2168114.41
CAB,CABINET OFFICE,2019-08-02,EXP - PURCHASE OF GOODS/SERVICES - ACCOMMODATION & BLDNG MANAGEMENT,ADMIRALTY HOUSE,GOVERNMENT PROPERTY AGENCY GPA,1037061807,192141.80
CAB,CABINET OFFICE,2019-08-02,EXP - PURCHASE OF GOODS/SERVICES - ACCOMMODATION & BLDNG MANAGEMENT,35 GREAT SMITH STREET,GOVERNMENT PROPERTY AGENCY GPA,1037061807,606499.50
CAB,CABINET OFFICE,2019-08-02,EXP - PURCHASE OF GOODS/SERVICES - ACCOMMODATION & BLDNG MANAGEMENT,10 VICTORIA STREET,GOVERNMENT PROPERTY AGENCY GPA,1037061807,158001.00
CAB,CABINET OFFICE,2019-08-02,EXP - PURCHASE OF GOODS/SERVICES - ACCOMMODATION & BLDNG MANAGEMENT,1 HORSEGUARDS ROAD,GOVERNMENT PROPERTY AGENCY GPA,1037061807,3195578.91
CAB,CABINET OFFICE,2019-08-05,EXP - CURRENT GRANTS TO LOCAL GOVERNMENT,REGISTRATION REFORM DESIGN & DELIVERY,EAST SUFFOLK COUNCIL,1037061851,27393.54
CAB,CABINET OFFICE,2019-08-05,EXP - CURRENT GRANTS TO LOCAL GOVERNMENT,REGISTRATION REFORM DESIGN & DELIVERY,WEST DORSET DISTRICT COUNCIL,1037061852,47382.69
CAB,CABINET OFFICE,2019-08-05,EXP - PURCHASE OF GOODS/SERVICES - CATERING & HOSPITALITY,NATIONAL LEADERSHIP CENTRE - PROG,LUCKNAM PARK HOTELS LTD,1037061879,35104.17
CAB,CABINET OFFICE,2019-08-05,EXP - PURCHASE OF GOODS/SERVICES - CATERING & HOSPITALITY,NATIONAL LEADERSHIP CENTRE - PROG,LUCKNAM PARK HOTELS LTD,1037061879,35104.17
CAB,CABINET OFFICE,2019-08-05,EXP - PURCHASE OF GOODS/SERVICES - OTHER ICT COSTS - COMPUTER SOFTWARE,GEOSPATIAL COMMISSION,GETMAPPING PLC,1037061894,127500.00
CAB,CABINET OFFICE,2019-08-05,EXP - PURCHASE OF GOODS/SERVICES - OTHER ICT COSTS - COMPUTER SOFTWARE,GEOSPATIAL COMMISSION,GETMAPPING PLC,1037061894,25500.00
CAB,CABINET OFFICE,2019-08-06,EXP - PURCHASE OF GOODS/SERVICES - RESEARCH & DEVELOPMENT - OTHER OUTSOURCED,GEOSPATIAL COMMISSION,BLUESKY INTERNATIONAL LTD,1037061996,130000.00
CAB,CABINET OFFICE,2019-08-06,EXP - PURCHASE OF GOODS/SERVICES - RESEARCH & DEVELOPMENT - OTHER OUTSOURCED,GEOSPATIAL COMMISSION,BLUESKY INTERNATIONAL LTD,1037061996,26000.00
CAB,CABINET OFFICE,2019-08-06,EXP - PURCHASE OF GOODS/SERVICES - PERSONNEL RELATED,ADVERTS & CHECKS,SECURITY WATCHDOG,1037062015,37566.00
CAB,CABINET OFFICE,2019-08-06,EXP - PURCHASE OF GOODS/SERVICES - TRAINING & DEVELOPMENT,ORGANISATIONAL DEVELOPMENT & DESIGN,CAPITA BUSINESS SERVICES LTD,1037062022,44965.17
CAB,CABINET OFFICE,2019-08-06,EXP - PURCHASE OF GOODS/SERVICES - RAIL TRAVEL,COMMERCIAL SPECIALISTS,CLARITY TRAVEL MANAGEMENT,1037062053,38927.75
CAB,CABINET OFFICE,2019-08-06,EXP - PURCHASE OF GOODS/SERVICES - OTHER - SERVICE PAYMENTS,CAPABILITY - ENABLING,ERNST & YOUNG LLP,1037062054,43450.00
CAB,CABINET OFFICE,2019-08-06,EXP - PURCHASE OF GOODS/SERVICES - ACCOMMODATION & BLDNG MANAGEMENT,FACILITIES MANAGEMENT,INTERSERVE FACILITIES MANAGEMENT LTD,1037062062,57894.99
CAB,CABINET OFFICE,2019-08-06,EXP - PURCHASE OF GOODS/SERVICES - ACCOMMODATION & BLDNG MANAGEMENT - NON PRIME UTILITIES,FACILITIES MANAGEMENT,INTERSERVE FACILITIES MANAGEMENT LTD,1037062062,26000.00
CAB,CABINET OFFICE,2019-08-06,EXP - PURCHASE OF GOODS/SERVICES - TELECOMS - TELECOM RENTALS,DIGITAL & TECHNOLOGY INFRASTRUCTURE TEAM,TELEFONICA UK LTD,1037062085,109112.00
CAB,CABINET OFFICE,2019-08-07,EXP - PURCHASE OF GOODS/SERVICES - TRAINING & DEVELOPMENT,GCS LEVY,INSPIRATIONAL DEVELOPMENT GROUP LTD,1037062141,29650.00
CAB,CABINET OFFICE,2019-08-07,EXP - PURCHASE OF GOODS/SERVICES - TRAINING & DEVELOPMENT - MANAGEMENT CONFERENCES,DIGITAL DESIGN & ENGAGEMENT,CALDER WORLD OF TRAVEL,1037062231,44305.00
CAB,CABINET OFFICE,2019-08-08,EXP - PURCHASE OF GOODS/SERVICES - ACCOMMODATION & BLDNG MANAGEMENT - FM CONTRACT VARIABLE,FACULTY AND SERVICE DELIVERY,CENTRAL CITY TRAINING VENUES LTD,1037062310,31415.00
CAB,CABINET OFFICE,2019-08-08,EXP - PURCHASE OF GOODS/SERVICES - ACCOMMODATION & BLDNG MANAGEMENT,70 WHITEHALL,GOVERNMENT PROPERTY AGENCY GPA,1037062315,1245030.88
CAB,CABINET OFFICE,2019-08-08,EXP - PURCHASE OF GOODS/SERVICES - MARKETING & MEDIA,GOV COMMS EU EXIT PROG,ENGINE PARTNERS UK LLP,1037062324,40400.00
CAB,CABINET OFFICE,2019-08-08,EXP - PURCHASE OF GOODS/SERVICES - MARKETING & MEDIA - ADVERTISING,GOV COMMS EU EXIT PROG,ENGINE PARTNERS UK LLP,1037062324,111630.25
CAB,CABINET OFFICE,2019-08-08,EXP - CURRENT GRANTS TO LOCAL GOVERNMENT,REGISTRATION REFORM DESIGN & DELIVERY,BOURNEMOUTH CHRISTCHURCH & POOLE COUNCIL,1037062342,82783.50
CAB,CABINET OFFICE,2019-08-08,Exp - Purchase Of Goods/Services - Consultancy,ECONOMIC & DOMESTIC SECRETARIAT,THE BEHAVIOURAL INSIGHTS TEAM,1037062358,69936.95
CAB,CABINET OFFICE,2019-08-08,EXP - PURCHASE OF GOODS/SERVICES - OTHER ICT COSTS - COMPUTER SOFTWARE,GOVERNMENT EQUALITIES OFFICE PROG,CADENCE INNOVA,1037062392,112071.40
CAB,CABINET OFFICE,2019-08-09,EXP - PURCHASE OF GOODS/SERVICES - ACCOMMODATION & BLDNG MANAGEMENT,10 GREAT GEORGE STREET,GOVERNMENT PROPERTY AGENCY GPA,1037062405,178262.20
CAB,CABINET OFFICE,2019-08-12,EXP - CURRENT GRANTS TO LOCAL GOVERNMENT,REGISTRATION REFORM DESIGN & DELIVERY,LANARKSHIRE VALUATION JOINT BOARD,1037062576,282462.46
CAB,CABINET OFFICE,2019-08-12,EXP - PURCHASE OF GOODS/SERVICES - OTHER PROFESSIONAL SERVICES,GRANTS PATHFINDER PROGRAMME,XANSIUM CONSULTING LTD,1037062619,62825.00
CAB,CABINET OFFICE,2019-08-12,IA - WEBSITES - COST - ADDITIONS,DIGITAL & TECHNOLOGY TEAM - CROWN COMMERCIAL SERVICE,XANSIUM CONSULTING LTD,1037062619,31462.50
CAB,CABINET OFFICE,2019-08-13,Exp - Purchase Of Goods/Services - Consultancy,GSS TECHNOLOGY,HCM SOLUTIONS LTD,1037062646,40287.50
CAB,CABINET OFFICE,2019-08-13,EXP - PURCHASE OF GOODS/SERVICES - OTHER PROFESSIONAL SERVICES,PROSPERITY FUND,WYG,1037062694,621407.53
CAB,CABINET OFFICE,2019-08-13,EXP - PURCHASE OF GOODS/SERVICES - OTHER PROFESSIONAL SERVICES,PROSPERITY FUND,PA CONSULTING SERVICES LTD,1037062710,131392.63
CAB,CABINET OFFICE,2019-08-13,EXP - CURRENT GRANTS TO LOCAL GOVERNMENT,REGISTRATION REFORM DESIGN & DELIVERY,HIGHLAND & WESTERN ISLES VALUATION JOINT BOARD,1037062714,110770.29
CAB,CABINET OFFICE,2019-08-13,Exp - Purchase Of Goods/Services - Consultancy,GOVERNMENT EQUALITIES OFFICE PROG,LGBT CONSORTIUM,1037062759,32592.00
CAB,CABINET OFFICE,2019-08-13,EXP - PURCHASE OF GOODS/SERVICES - OTHER ICT COSTS,PUBLIC SERVICES NETWORK,VODAFONE LTD,1037062766,55872.00
CAB,CABINET OFFICE,2019-08-13,Exp - Purchase Of Goods/Services - Consultancy,IPA STRATEGY & POLICY,ROUTEMAP LTD,1037062768,33737.46
CAB,CABINET OFFICE,2019-08-14,EXP - SHORT-TERM CONTRACT & AGENCY STAFF - FULL COST,GSG PROFESSIONS TEAM,MINISTRY OF JUSTICE,1037062814,28800.00
CAB,CABINET OFFICE,2019-08-14,EXP - PURCHASE OF GOODS/SERVICES - OTHER ICT COSTS,ERTP IER LIVE SERVICE,CARRENZA LTD,1037062825,36977.79
CAB,CABINET OFFICE,2019-08-14,EXP - PURCHASE OF GOODS/SERVICES - OTHER,GOVERNMENT EQUALITIES OFFICE PROG,LGBT CONSORTIUM,1037062840,80000.00
CAB,CABINET OFFICE,2019-08-14,Exp - Purchase Of Goods/Services - Consultancy,CENTRAL EU EXIT CONSULTANCY (PROG),DELOITTE LLP,1037062844,207994.90
CAB,CABINET OFFICE,2019-08-14,Exp - Purchase Of Goods/Services - Consultancy,CENTRAL EU EXIT CONSULTANCY (PROG),PRICEWATERHOUSE COOPERS,1037062856,31773.00
CAB,CABINET OFFICE,2019-08-14,Exp - Purchase Of Goods/Services - Consultancy,CENTRAL EU EXIT CONSULTANCY (PROG),PRICEWATERHOUSE COOPERS,1037062856,133905.00
CAB,CABINET OFFICE,2019-08-14,Exp - Purchase Of Goods/Services - Consultancy,CENTRAL EU EXIT CONSULTANCY (PROG),PRICEWATERHOUSE COOPERS,1037062856,141479.50
CAB,CABINET OFFICE,2019-08-14,Exp - Purchase Of Goods/Services - Consultancy,CENTRAL EU EXIT CONSULTANCY (PROG),PRICEWATERHOUSE COOPERS,1037062856,150566.00
CAB,CABINET OFFICE,2019-08-14,Exp - Purchase Of Goods/Services - Consultancy,CENTRAL EU EXIT CONSULTANCY (PROG),PRICEWATERHOUSE COOPERS,1037062856,158859.00
CAB,CABINET OFFICE,2019-08-14,Exp - Purchase Of Goods/Services - Consultancy,CENTRAL EU EXIT CONSULTANCY (PROG),PRICEWATERHOUSE COOPERS,1037062856,321342.00
CAB,CABINET OFFICE,2019-08-14,EXP - PURCHASE OF GOODS/SERVICES - OTHER ICT COSTS,GSG CORPORATE SERVICES,HEWLETT PACKARD LTD,1037062865,62569.83
CAB,CABINET OFFICE,2019-08-14,Exp - Purchase Of Goods/Services - Consultancy,CENTRAL EU EXIT CONSULTANCY (PROG),DELOITTE LLP,1037062894,83175.00
CAB,CABINET OFFICE,2019-08-14,Exp - Purchase Of Goods/Services - Consultancy,CENTRAL EU EXIT CONSULTANCY (PROG),DELOITTE LLP,1037062894,146880.00
CAB,CABINET OFFICE,2019-08-14,EXP - PURCHASE OF GOODS/SERVICES - ACCOMMODATION & BLDNG MANAGEMENT,10 GREAT GEORGE STREET,GOVERNMENT PROPERTY AGENCY GPA,1037062901,125650.44
CAB,CABINET OFFICE,2019-08-15,EXP - PURCHASE OF GOODS/SERVICES - OTHER PROFESSIONAL SERVICES,FAST STREAM LEARNING & DEVELOPMENT,WORKDAY LTD,1037062988,66245.00
CAB,CABINET OFFICE,2019-08-15,EXP - CURRENT GRANTS TO LOCAL GOVERNMENT,REGISTRATION REFORM DESIGN & DELIVERY,SCOTTISH BORDERS COUNCIL,1037062990,70270.34
CAB,CABINET OFFICE,2019-08-15,EXP - PURCHASE OF GOODS/SERVICES - CONSULTANCY - IT,CIVIL SERVICE JOBS PORTAL & SYSTEM,OLEEO PLC,1037063012,26880.00
CAB,CABINET OFFICE,2019-08-15,Exp - Purchase Of Goods/Services - Consultancy,SME CONTRACT MANAGMENT LEAD,GOVERNMENT ACTUARYS DEPARTMENT GAD,1037063047,29718.13
CAB,CABINET OFFICE,2019-08-15,Exp - Purchase Of Goods/Services - Consultancy,SME CONTRACT MANAGMENT LEAD,GOVERNMENT INTERNAL AUDIT AGENCY,1037063062,46965.00
CAB,CABINET OFFICE,2019-08-15,EXP - CURRENT GRANTS TO LOCAL GOVERNMENT,REGISTRATION REFORM DESIGN & DELIVERY,DUMFRIES & GALLOWAY,1037063072,114952.88
CAB,CABINET OFFICE,2019-08-15,EXP - CURRENT GRANTS TO LOCAL GOVERNMENT,REGISTRATION REFORM DESIGN & DELIVERY,AYRSHIRE VALUATION JOINT BOARD,1037063081,124441.07
CAB,CABINET OFFICE,2019-08-15,Exp - Purchase Of Goods/Services - Consultancy,CENTRAL EU EXIT CONSULTANCY (PROG),THE BOSTON CONSULTING GROUP,1037063092,229600.00
CAB,CABINET OFFICE,2019-08-15,Exp - Purchase Of Goods/Services - Consultancy,CENTRAL EU EXIT CONSULTANCY (PROG),THE BOSTON CONSULTING GROUP,1037063092,628944.00
CAB,CABINET OFFICE,2019-08-15,EXP - PURCHASE OF GOODS/SERVICES - TELECOMS - TELECOM RENTALS,DIGITAL & TECHNOLOGY INFRASTRUCTURE TEAM,TELEFONICA UK LTD,1037063094,31473.55
CAB,CABINET OFFICE,2019-08-16,EXP - CURRENT GRANTS TO LOCAL GOVERNMENT,REGISTRATION REFORM DESIGN & DELIVERY,CHESHIRE WEST CHESTER COUNCIL,1037063098,49343.42
CAB,CABINET OFFICE,2019-08-16,EXP - CURRENT GRANTS TO LOCAL GOVERNMENT,REGISTRATION REFORM DESIGN & DELIVERY,MANSFIELD DISTRICT COUNCIL,1037063105,34367.34
CAB,CABINET OFFICE,2019-08-16,EXP - CURRENT GRANTS TO LOCAL GOVERNMENT,REGISTRATION REFORM DESIGN & DELIVERY,LONDON BOROUGH OF HOUNSLOW,1037063106,122437.54
CAB,CABINET OFFICE,2019-08-16,EXP - CURRENT GRANTS TO LOCAL GOVERNMENT,REGISTRATION REFORM DESIGN & DELIVERY,LEICESTER CITY COUNCIL,1037063108,130730.19
CAB,CABINET OFFICE,2019-08-16,EXP - CURRENT GRANTS TO LOCAL GOVERNMENT,REGISTRATION REFORM DESIGN & DELIVERY,CARDIFF CITY COUNCIL,1037063117,119233.08
CAB,CABINET OFFICE,2019-08-16,EXP - CURRENT GRANTS TO LOCAL GOVERNMENT,REGISTRATION REFORM DESIGN & DELIVERY,BIRMINGHAM CITY COUNCIL,1037063118,271552.05
CAB,CABINET OFFICE,2019-08-16,EXP - CURRENT GRANTS TO LOCAL GOVERNMENT,REGISTRATION REFORM DESIGN & DELIVERY,NORTH TYNESIDE COUNCIL,1037063120,27065.24
CAB,CABINET OFFICE,2019-08-16,EXP - CURRENT GRANTS TO LOCAL GOVERNMENT,REGISTRATION REFORM DESIGN & DELIVERY,WARRINGTON BOROUGH COUNCIL,1037063121,29195.73
CAB,CABINET OFFICE,2019-08-16,EXP - CURRENT GRANTS TO LOCAL GOVERNMENT,REGISTRATION REFORM DESIGN & DELIVERY,TORFAEN COUNTY BOROUGH COUNCIL,1037063123,25261.76
CAB,CABINET OFFICE,2019-08-16,EXP - CURRENT GRANTS TO LOCAL GOVERNMENT,REGISTRATION REFORM DESIGN & DELIVERY,TEST VALLEY BOROUGH COUNCIL,1037063125,28701.97
CAB,CABINET OFFICE,2019-08-16,EXP - CURRENT GRANTS TO LOCAL GOVERNMENT,REGISTRATION REFORM DESIGN & DELIVERY,BRACKNELL FOREST BOROUGH COUNCIL,1037063128,32891.80
CAB,CABINET OFFICE,2019-08-16,EXP - CURRENT GRANTS TO LOCAL GOVERNMENT,REGISTRATION REFORM DESIGN & DELIVERY,CALDERDALE METROPOLITAN BOROUGH COUNCIL,1037063131,31525.11
CAB,CABINET OFFICE,2019-08-16,EXP - CURRENT GRANTS TO LOCAL GOVERNMENT,REGISTRATION REFORM DESIGN & DELIVERY,LONDON BOROUGH OF BROMLEY,1037063133,82353.86
CAB,CABINET OFFICE,2019-08-16,EXP - CURRENT GRANTS TO LOCAL GOVERNMENT,REGISTRATION REFORM DESIGN & DELIVERY,COVENTRY CITY COUNCIL,1037063136,142112.88
CAB,CABINET OFFICE,2019-08-16,EXP - CURRENT GRANTS TO LOCAL GOVERNMENT,REGISTRATION REFORM DESIGN & DELIVERY,LEEDS CITY COUNCIL,1037063142,130249.36
CAB,CABINET OFFICE,2019-08-16,EXP - CURRENT GRANTS TO LOCAL GOVERNMENT,REGISTRATION REFORM DESIGN & DELIVERY,MEDWAY COUNCIL,1037063144,66486.97
CAB,CABINET OFFICE,2019-08-16,EXP - CURRENT GRANTS TO LOCAL GOVERNMENT,REGISTRATION REFORM DESIGN & DELIVERY,MANCHESTER CITY COUNCIL,1037063145,260584.30
CAB,CABINET OFFICE,2019-08-16,EXP - CURRENT GRANTS TO LOCAL GOVERNMENT,REGISTRATION REFORM DESIGN & DELIVERY,LONDON BOROUGH OF LEWISHAM,1037063147,53005.36
CAB,CABINET OFFICE,2019-08-16,EXP - CURRENT GRANTS TO LOCAL GOVERNMENT,REGISTRATION REFORM DESIGN & DELIVERY,LONDON BOROUGH OF MERTON,1037063148,46380.33
CAB,CABINET OFFICE,2019-08-16,EXP - CURRENT GRANTS TO LOCAL GOVERNMENT,REGISTRATION REFORM DESIGN & DELIVERY,LONDON BOROUGH OF SUTTON,1037063149,29134.87
CAB,CABINET OFFICE,2019-08-16,EXP - CURRENT GRANTS TO LOCAL GOVERNMENT,REGISTRATION REFORM DESIGN & DELIVERY,STEVENAGE BOROUGH COUNCIL,1037063155,27958.58
CAB,CABINET OFFICE,2019-08-16,EXP - CURRENT GRANTS TO LOCAL GOVERNMENT,REGISTRATION REFORM DESIGN & DELIVERY,STAFFORD BOROUGH COUNCIL,1037063156,38851.08
CAB,CABINET OFFICE,2019-08-16,EXP - CURRENT GRANTS TO LOCAL GOVERNMENT,REGISTRATION REFORM DESIGN & DELIVERY,BLACKBURN WITH DARWEN BOROUGH COUNCIL,1037063157,37157.76
CAB,CABINET OFFICE,2019-08-16,EXP - CURRENT GRANTS TO LOCAL GOVERNMENT,REGISTRATION REFORM DESIGN & DELIVERY,LONDON BOROUGH OF ISLINGTON,1037063161,62586.77
CAB,CABINET OFFICE,2019-08-16,EXP - CURRENT GRANTS TO LOCAL GOVERNMENT,REGISTRATION REFORM DESIGN & DELIVERY,PEMBROKESHIRE COUNTY COUNCIL,1037063162,47878.14
CAB,CABINET OFFICE,2019-08-16,EXP - CURRENT GRANTS TO LOCAL GOVERNMENT,REGISTRATION REFORM DESIGN & DELIVERY,LONDON BOROUGH OF LAMBETH,1037063164,75224.71
CAB,CABINET OFFICE,2019-08-16,EXP - PURCHASE OF GOODS/SERVICES - ACCOMMODATION & BLDNG MANAGEMENT,ESTATES MANAGEMENT,GOVERNMENT PROPERTY AGENCY GPA,1037063173,72501.90
CAB,CABINET OFFICE,2019-08-16,EXP - PURCHASE OF GOODS/SERVICES - ACCOMMODATION & BLDNG MANAGEMENT,ESTATES MANAGEMENT,GOVERNMENT PROPERTY AGENCY GPA,1037063173,198896.71
CAB,CABINET OFFICE,2019-08-16,EXP - CURRENT GRANTS TO LOCAL GOVERNMENT,REGISTRATION REFORM DESIGN & DELIVERY,LINCOLN CITY COUNCIL,1037063174,56144.31
CAB,CABINET OFFICE,2019-08-16,EXP - CURRENT GRANTS TO LOCAL GOVERNMENT,REGISTRATION REFORM DESIGN & DELIVERY,LEWES DISTRICT COUNCIL,1037063176,33034.97
CAB,CABINET OFFICE,2019-08-16,EXP - CURRENT GRANTS TO LOCAL GOVERNMENT,REGISTRATION REFORM DESIGN & DELIVERY,KNOWSLEY METROPOLITIAN BOROUGH COUNCIL,1037063177,57294.44
CAB,CABINET OFFICE,2019-08-16,EXP - CURRENT GRANTS TO LOCAL GOVERNMENT,REGISTRATION REFORM DESIGN & DELIVERY,BRIDGEND COUNTY BOROUGH COUNCIL,1037063179,48578.63
CAB,CABINET OFFICE,2019-08-16,EXP - CURRENT GRANTS TO LOCAL GOVERNMENT,REGISTRATION REFORM DESIGN & DELIVERY,CITY OF STOKE ON TRENT,1037063181,48605.94
CAB,CABINET OFFICE,2019-08-16,EXP - CURRENT GRANTS TO LOCAL GOVERNMENT,REGISTRATION REFORM DESIGN & DELIVERY,READING BOROUGH COUNCIL,1037063182,56798.42
CAB,CABINET OFFICE,2019-08-16,EXP - CURRENT GRANTS TO LOCAL GOVERNMENT,REGISTRATION REFORM DESIGN & DELIVERY,AYLESBURY VALE DISTRICT COUNCIL,1037063193,44983.03
CAB,CABINET OFFICE,2019-08-16,EXP - SHORT-TERM CONTRACT & AGENCY STAFF - FULL COST,GPSU,ACCENTURE UK LTD,1037063195,112000.00
CAB,CABINET OFFICE,2019-08-16,EXP - CURRENT GRANTS TO LOCAL GOVERNMENT,REGISTRATION REFORM DESIGN & DELIVERY,LONDON BOROUGH OF HAMMERSMITH AND FULHAM,1037063196,46903.01
CAB,CABINET OFFICE,2019-08-16,EXP - CURRENT GRANTS TO LOCAL GOVERNMENT,REGISTRATION REFORM DESIGN & DELIVERY,PLYMOUTH CITY COUNCIL,1037063202,107286.14
CAB,CABINET OFFICE,2019-08-16,EXP - CURRENT GRANTS TO LOCAL GOVERNMENT,REGISTRATION REFORM DESIGN & DELIVERY,EASTLEIGH BOROUGH COUNCIL,1037063204,40025.86
CAB,CABINET OFFICE,2019-08-16,EXP - CURRENT GRANTS TO LOCAL GOVERNMENT,REGISTRATION REFORM DESIGN & DELIVERY,ROYAL BOROUGH OF KENSINGTON AND CHELSEA,1037063206,36904.08
CAB,CABINET OFFICE,2019-08-16,EXP - CURRENT GRANTS TO LOCAL GOVERNMENT,REGISTRATION REFORM DESIGN & DELIVERY,LONDON BOROUGH OF HILLINGDON,1037063208,44048.71
CAB,CABINET OFFICE,2019-08-16,EXP - CURRENT GRANTS TO LOCAL GOVERNMENT,REGISTRATION REFORM DESIGN & DELIVERY,HIGH PEAK BOROUGH COUNCIL,1037063209,43700.00
CAB,CABINET OFFICE,2019-08-16,EXP - CURRENT GRANTS TO LOCAL GOVERNMENT,REGISTRATION REFORM DESIGN & DELIVERY,MAIDSTONE BOROUGH COUNCIL,1037063214,37559.93
CAB,CABINET OFFICE,2019-08-16,EXP - CURRENT GRANTS TO LOCAL GOVERNMENT,REGISTRATION REFORM DESIGN & DELIVERY,SLOUGH BOROUGH COUNCIL,1037063215,47764.65
CAB,CABINET OFFICE,2019-08-16,EXP - CURRENT GRANTS TO LOCAL GOVERNMENT,REGISTRATION REFORM DESIGN & DELIVERY,SHEFFIELD CITY COUNCIL,1037063216,80948.06
CAB,CABINET OFFICE,2019-08-16,EXP - CURRENT GRANTS TO LOCAL GOVERNMENT,REGISTRATION REFORM DESIGN & DELIVERY,SCARBOROUGH BOROUGH COUNCIL,1037063217,30525.44
CAB,CABINET OFFICE,2019-08-16,EXP - CURRENT GRANTS TO LOCAL GOVERNMENT,REGISTRATION REFORM DESIGN & DELIVERY,ROYAL BOROUGH OF WINDSOR AND MAIDENHEAD COUNCIL,1037063219,31908.63
CAB,CABINET OFFICE,2019-08-16,EXP - CURRENT GRANTS TO LOCAL GOVERNMENT,REGISTRATION REFORM DESIGN & DELIVERY,WYCOMBE DISTRICT COUNCIL,1037063221,48001.22
CAB,CABINET OFFICE,2019-08-16,EXP - CURRENT GRANTS TO LOCAL GOVERNMENT,REGISTRATION REFORM DESIGN & DELIVERY,WYRE FOREST DISTRICT COUNCIL,1037063222,37590.88
CAB,CABINET OFFICE,2019-08-16,EXP - CURRENT GRANTS TO LOCAL GOVERNMENT,REGISTRATION REFORM DESIGN & DELIVERY,CITY OF YORK COUNCIL,1037063223,35636.22
CAB,CABINET OFFICE,2019-08-16,EXP - CURRENT GRANTS TO LOCAL GOVERNMENT,REGISTRATION REFORM DESIGN & DELIVERY,PORTSMOUTH CITY COUNCIL,1037063224,61728.95
CAB,CABINET OFFICE,2019-08-16,EXP - CURRENT GRANTS TO LOCAL GOVERNMENT,REGISTRATION REFORM DESIGN & DELIVERY,LONDON BOROUGH OF HARINGEY,1037063225,62458.83
CAB,CABINET OFFICE,2019-08-16,EXP - CURRENT GRANTS TO LOCAL GOVERNMENT,REGISTRATION REFORM DESIGN & DELIVERY,GLASGOW CITY COUNCIL,1037063226,384514.97
CAB,CABINET OFFICE,2019-08-16,EXP - CURRENT GRANTS TO LOCAL GOVERNMENT,REGISTRATION REFORM DESIGN & DELIVERY,NORWICH CITY COUNCIL,1037063229,48839.31
CAB,CABINET OFFICE,2019-08-16,EXP - CURRENT GRANTS TO LOCAL GOVERNMENT,REGISTRATION REFORM DESIGN & DELIVERY,SANDWELL MBC,1037063236,65411.78
CAB,CABINET OFFICE,2019-08-16,EXP - CURRENT GRANTS TO LOCAL GOVERNMENT,REGISTRATION REFORM DESIGN & DELIVERY,RUGBY BOROUGH COUNCIL,1037063238,53097.40
CAB,CABINET OFFICE,2019-08-16,EXP - CURRENT GRANTS TO LOCAL GOVERNMENT,REGISTRATION REFORM DESIGN & DELIVERY,ROTHERHAM METROPOLITAN BOROUGH COUNCIL,1037063239,85603.93
CAB,CABINET OFFICE,2019-08-16,EXP - CURRENT GRANTS TO LOCAL GOVERNMENT,REGISTRATION REFORM DESIGN & DELIVERY,ROCHDALE METROPOLITAN BOROUGH COUNCIL,1037063240,117448.89
CAB,CABINET OFFICE,2019-08-16,EXP - CURRENT GRANTS TO LOCAL GOVERNMENT,REGISTRATION REFORM DESIGN & DELIVERY,EAST HERTFORDSHIRE DISTRICT COUNCIL,1037063241,51131.66
CAB,CABINET OFFICE,2019-08-16,EXP - CURRENT GRANTS TO LOCAL GOVERNMENT,REGISTRATION REFORM DESIGN & DELIVERY,LONDON BOROUGH OF BRENT,1037063289,51889.42
CAB,CABINET OFFICE,2019-08-16,EXP - CURRENT GRANTS TO LOCAL GOVERNMENT,REGISTRATION REFORM DESIGN & DELIVERY,NORTH EAST LINCOLNSHIRE COUNCIL,1037063301,27959.53
CAB,CABINET OFFICE,2019-08-16,EXP - CURRENT GRANTS TO LOCAL GOVERNMENT,REGISTRATION REFORM DESIGN & DELIVERY,WORCESTER CITY COUNCIL,1037063303,25186.25
CAB,CABINET OFFICE,2019-08-16,EXP - CURRENT GRANTS TO LOCAL GOVERNMENT,REGISTRATION REFORM DESIGN & DELIVERY,WOLVERHAMPTON CITY COUNCIL,1037063304,52244.98
CAB,CABINET OFFICE,2019-08-16,EXP - CURRENT GRANTS TO LOCAL GOVERNMENT,REGISTRATION REFORM DESIGN & DELIVERY,SALFORD CITY COUNCIL,1037063308,101543.01
CAB,CABINET OFFICE,2019-08-16,EXP - CURRENT GRANTS TO LOCAL GOVERNMENT,REGISTRATION REFORM DESIGN & DELIVERY,NOTTINGHAM CITY COUNCIL,1037063309,70726.17
CAB,CABINET OFFICE,2019-08-16,EXP - CURRENT GRANTS TO LOCAL GOVERNMENT,REGISTRATION REFORM DESIGN & DELIVERY,NORTH SOMERSET COUNCIL,1037063310,65401.83
CAB,CABINET OFFICE,2019-08-16,EXP - CURRENT GRANTS TO LOCAL GOVERNMENT,REGISTRATION REFORM DESIGN & DELIVERY,KIRKLEES METROPOLITAN COUNCIL,1037063312,56757.48
CAB,CABINET OFFICE,2019-08-16,EXP - CURRENT GRANTS TO LOCAL GOVERNMENT,REGISTRATION REFORM DESIGN & DELIVERY,CHELMSFORD BOROUGH COUNCIL,1037063314,31092.99
CAB,CABINET OFFICE,2019-08-16,EXP - CURRENT GRANTS TO LOCAL GOVERNMENT,REGISTRATION REFORM DESIGN & DELIVERY,LONDON BOROUGH OF BARNET,1037063315,57842.02
CAB,CABINET OFFICE,2019-08-16,EXP - PURCHASE OF GOODS/SERVICES - CONSULTANCY - IT,CIVIL SERVICE JOBS PORTAL & SYSTEM,OLEEO PLC,1037063322,95999.97
CAB,CABINET OFFICE,2019-08-16,EXP - CURRENT GRANTS TO LOCAL GOVERNMENT,REGISTRATION REFORM DESIGN & DELIVERY,TELFORD & WREKIN COUNCIL,1037063326,34506.74
CAB,CABINET OFFICE,2019-08-16,EXP - CURRENT GRANTS TO LOCAL GOVERNMENT,REGISTRATION REFORM DESIGN & DELIVERY,CITY & COUNCIL OF SWANSEA,1037063328,55317.21
CAB,CABINET OFFICE,2019-08-16,EXP - CURRENT GRANTS TO LOCAL GOVERNMENT,REGISTRATION REFORM DESIGN & DELIVERY,CAMBRIDGE CITY COUNCIL,1037063332,33539.37
CAB,CABINET OFFICE,2019-08-16,EXP - CURRENT GRANTS TO LOCAL GOVERNMENT,REGISTRATION REFORM DESIGN & DELIVERY,SOUTH GLOUCESTERSHIRE DISTRICT COUNCIL,1037063348,33412.26
CAB,CABINET OFFICE,2019-08-16,EXP - CURRENT GRANTS TO LOCAL GOVERNMENT,REGISTRATION REFORM DESIGN & DELIVERY,SOLIHULL METROPOLITAN BOROUGH COUNCIL,1037063356,40078.03
CAB,CABINET OFFICE,2019-08-16,EXP - CURRENT GRANTS TO LOCAL GOVERNMENT,REGISTRATION REFORM DESIGN & DELIVERY,LONDON BOROUGH OF NEWHAM,1037063366,57949.89
CAB,CABINET OFFICE,2019-08-16,EXP - CURRENT GRANTS TO LOCAL GOVERNMENT,REGISTRATION REFORM DESIGN & DELIVERY,STOCKPORT MBC,1037063371,40085.25
CAB,CABINET OFFICE,2019-08-16,EXP - CURRENT GRANTS TO LOCAL GOVERNMENT,REGISTRATION REFORM DESIGN & DELIVERY,SOUTH KESTEVEN DISTRICT COUNCIL,1037063376,25697.04
CAB,CABINET OFFICE,2019-08-16,EXP - CURRENT GRANTS TO LOCAL GOVERNMENT,REGISTRATION REFORM DESIGN & DELIVERY,CHESHIRE EAST BOROUGH COUNCIL,1037063388,141695.12
CAB,CABINET OFFICE,2019-08-16,EXP - CURRENT GRANTS TO LOCAL GOVERNMENT,REGISTRATION REFORM DESIGN & DELIVERY,CHARNWOOD BOROUGH COUNCIL,1037063389,32271.23
CAB,CABINET OFFICE,2019-08-16,EXP - CURRENT GRANTS TO LOCAL GOVERNMENT,REGISTRATION REFORM DESIGN & DELIVERY,CENTRAL BEDFORDSHIRE DISTRICT COUNCIL,1037063390,51483.45
CAB,CABINET OFFICE,2019-08-16,EXP - CURRENT GRANTS TO LOCAL GOVERNMENT,REGISTRATION REFORM DESIGN & DELIVERY,CARMARTHENSHIRE COUNTY COUNCIL,1037063391,31013.51
CAB,CABINET OFFICE,2019-08-16,EXP - CURRENT GRANTS TO LOCAL GOVERNMENT,REGISTRATION REFORM DESIGN & DELIVERY,SEFTON METROPOLITAN BOROUGH COUNCIL,1037063393,33553.84
CAB,CABINET OFFICE,2019-08-16,EXP - CURRENT GRANTS TO LOCAL GOVERNMENT,REGISTRATION REFORM DESIGN & DELIVERY,METROPOLITAN BOROUGH OF WIRRAL,1037063394,35364.06
CAB,CABINET OFFICE,2019-08-16,EXP - CURRENT GRANTS TO LOCAL GOVERNMENT,REGISTRATION REFORM DESIGN & DELIVERY,WIGAN METROPOLITAN BOROUGH COUNCIL,1037063395,77682.39
CAB,CABINET OFFICE,2019-08-16,EXP - CURRENT GRANTS TO LOCAL GOVERNMENT,REGISTRATION REFORM DESIGN & DELIVERY,LONDON BOROUGH OF WESTMINSTER,1037063396,61673.85
CAB,CABINET OFFICE,2019-08-16,EXP - CURRENT GRANTS TO LOCAL GOVERNMENT,REGISTRATION REFORM DESIGN & DELIVERY,CANTERBURY CITY COUNCIL,1037063408,39197.38
CAB,CABINET OFFICE,2019-08-16,EXP - CURRENT GRANTS TO LOCAL GOVERNMENT,REGISTRATION REFORM DESIGN & DELIVERY,HEREFORDSHIRE COUNCIL,1037063411,70526.40
CAB,CABINET OFFICE,2019-08-16,EXP - CURRENT GRANTS TO LOCAL GOVERNMENT,REGISTRATION REFORM DESIGN & DELIVERY,LONDON BOROUGH OF HAVERING,1037063412,43726.61
CAB,CABINET OFFICE,2019-08-16,EXP - CURRENT GRANTS TO LOCAL GOVERNMENT,REGISTRATION REFORM DESIGN & DELIVERY,ISLE OF WIGHT COUNTY COUNCIL,1037063423,25131.50
CAB,CABINET OFFICE,2019-08-16,EXP - CURRENT GRANTS TO LOCAL GOVERNMENT,REGISTRATION REFORM DESIGN & DELIVERY,LIVERPOOL CITY COUNCIL,1037063424,184578.35
CAB,CABINET OFFICE,2019-08-16,EXP - CURRENT GRANTS TO LOCAL GOVERNMENT,REGISTRATION REFORM DESIGN & DELIVERY,LONDON BOROUGH OF HARROW,1037063436,51302.85
CAB,CABINET OFFICE,2019-08-16,EXP - CURRENT GRANTS TO LOCAL GOVERNMENT,REGISTRATION REFORM DESIGN & DELIVERY,LONDON BOROUGH OF GREENWICH,1037063438,94937.24
CAB,CABINET OFFICE,2019-08-16,EXP - CURRENT GRANTS TO LOCAL GOVERNMENT,REGISTRATION REFORM DESIGN & DELIVERY,WALSALL METROPOLITAN BOROUGH COUNCIL,1037063439,40551.38
CAB,CABINET OFFICE,2019-08-16,EXP - CURRENT GRANTS TO LOCAL GOVERNMENT,REGISTRATION REFORM DESIGN & DELIVERY,LONDON BOROUGH OF WANDSWORTH,1037063440,70645.53
CAB,CABINET OFFICE,2019-08-16,EXP - CURRENT GRANTS TO LOCAL GOVERNMENT,REGISTRATION REFORM DESIGN & DELIVERY,THE VALE OF GLAMORGAN COUNCIL,1037063441,51408.57
CAB,CABINET OFFICE,2019-08-16,EXP - CURRENT GRANTS TO LOCAL GOVERNMENT,REGISTRATION REFORM DESIGN & DELIVERY,TRAFFORD METROPOLITAN BOROUGH COUNCIL,1037063442,41796.83
CAB,CABINET OFFICE,2019-08-16,EXP - CURRENT GRANTS TO LOCAL GOVERNMENT,REGISTRATION REFORM DESIGN & DELIVERY,GATESHEAD METROPOLITAN BOROUGH COUNCIL,1037063462,26378.37
CAB,CABINET OFFICE,2019-08-16,EXP - CURRENT GRANTS TO LOCAL GOVERNMENT,REGISTRATION REFORM DESIGN & DELIVERY,LONDON BOROUGH OF ENFIELD,1037063464,50483.76
CAB,CABINET OFFICE,2019-08-16,EXP - CURRENT GRANTS TO LOCAL GOVERNMENT,REGISTRATION REFORM DESIGN & DELIVERY,BRAINTREE DISTRICT COUNCIL,1037063466,40668.55
CAB,CABINET OFFICE,2019-08-16,EXP - CURRENT GRANTS TO LOCAL GOVERNMENT,REGISTRATION REFORM DESIGN & DELIVERY,BOLTON METROPOLITAN BOROUGH COUNCIL,1037063467,31700.86
CAB,CABINET OFFICE,2019-08-16,EXP - CURRENT GRANTS TO LOCAL GOVERNMENT,REGISTRATION REFORM DESIGN & DELIVERY,BLACKPOOL BOROUGH COUNCIL,1037063468,28768.49
CAB,CABINET OFFICE,2019-08-16,EXP - CURRENT GRANTS TO LOCAL GOVERNMENT,REGISTRATION REFORM DESIGN & DELIVERY,BEXLEY COUNCIL,1037063469,77004.22
CAB,CABINET OFFICE,2019-08-16,EXP - CURRENT GRANTS TO LOCAL GOVERNMENT,REGISTRATION REFORM DESIGN & DELIVERY,EXETER CITY COUNCIL,1037063474,28141.39
CAB,CABINET OFFICE,2019-08-16,EXP - CURRENT GRANTS TO LOCAL GOVERNMENT,REGISTRATION REFORM DESIGN & DELIVERY,EASTBOURNE BOROUGH COUNCIL,1037063486,42052.89
CAB,CABINET OFFICE,2019-08-16,EXP - CURRENT GRANTS TO LOCAL GOVERNMENT,REGISTRATION REFORM DESIGN & DELIVERY,LONDON BOROUGH OF EALING,1037063488,68186.13
CAB,CABINET OFFICE,2019-08-16,EXP - CURRENT GRANTS TO LOCAL GOVERNMENT,REGISTRATION REFORM DESIGN & DELIVERY,DURHAM COUNTY COUNCIL,1037063489,68625.38
CAB,CABINET OFFICE,2019-08-16,EXP - CURRENT GRANTS TO LOCAL GOVERNMENT,REGISTRATION REFORM DESIGN & DELIVERY,NEWCASTLE UNDER LYME BOROUGH COUNCIL,1037063490,34556.96
CAB,CABINET OFFICE,2019-08-16,EXP - CURRENT GRANTS TO LOCAL GOVERNMENT,REGISTRATION REFORM DESIGN & DELIVERY,BASILDON DISTRICT COUNCIL,1037063492,39996.71
CAB,CABINET OFFICE,2019-08-16,EXP - CURRENT GRANTS TO LOCAL GOVERNMENT,REGISTRATION REFORM DESIGN & DELIVERY,BARNSLEY METROPOLITAN BOROUGH COUNCIL,1037063493,27916.85
CAB,CABINET OFFICE,2019-08-16,EXP - CURRENT GRANTS TO LOCAL GOVERNMENT,REGISTRATION REFORM DESIGN & DELIVERY,LONDON BOROUGH OF BARKING & DAGENHAM,1037063494,35094.50
CAB,CABINET OFFICE,2019-08-16,EXP - CURRENT GRANTS TO LOCAL GOVERNMENT,REGISTRATION REFORM DESIGN & DELIVERY,SOUTHEND ON SEA BOROUGH COUNCIL,1037063497,31560.33
CAB,CABINET OFFICE,2019-08-16,EXP - CURRENT GRANTS TO LOCAL GOVERNMENT,REGISTRATION REFORM DESIGN & DELIVERY,SWINDON BOROUGH COUNCIL,1037063498,41643.06
CAB,CABINET OFFICE,2019-08-16,EXP - CURRENT GRANTS TO LOCAL GOVERNMENT,REGISTRATION REFORM DESIGN & DELIVERY,SOUTHAMPTON CITY COUNCIL,1037063500,53726.19
CAB,CABINET OFFICE,2019-08-16,EXP - CURRENT GRANTS TO LOCAL GOVERNMENT,REGISTRATION REFORM DESIGN & DELIVERY,STOCKTON ON TEES BOROUGH COUNCIL,1037063503,52459.76
CAB,CABINET OFFICE,2019-08-16,EXP - CURRENT GRANTS TO LOCAL GOVERNMENT,REGISTRATION REFORM DESIGN & DELIVERY,EAST RIDING OF YORKSHIRE BOROUGH COUNCIL,1037063506,37701.09
CAB,CABINET OFFICE,2019-08-16,EXP - CURRENT GRANTS TO LOCAL GOVERNMENT,REGISTRATION REFORM DESIGN & DELIVERY,DUDLEY MBC,1037063508,29056.89
CAB,CABINET OFFICE,2019-08-16,EXP - CURRENT GRANTS TO LOCAL GOVERNMENT,REGISTRATION REFORM DESIGN & DELIVERY,NEATH PORT TALBOT COUNTY BOROUGH COUNCIL,1037063520,58691.26
CAB,CABINET OFFICE,2019-08-16,EXP - CURRENT GRANTS TO LOCAL GOVERNMENT,REGISTRATION REFORM DESIGN & DELIVERY,MILTON KEYNES BOROUGH COUNCIL,1037063521,31694.36
CAB,CABINET OFFICE,2019-08-16,EXP - CURRENT GRANTS TO LOCAL GOVERNMENT,REGISTRATION REFORM DESIGN & DELIVERY,BEDFORD BOROUGH COUNCIL,1037063528,46536.71
CAB,CABINET OFFICE,2019-08-16,EXP - CURRENT GRANTS TO LOCAL GOVERNMENT,REGISTRATION REFORM DESIGN & DELIVERY,WYCHAVON DISTRICT COUNCIL,1037063533,25573.62
CAB,CABINET OFFICE,2019-08-16,EXP - CURRENT GRANTS TO LOCAL GOVERNMENT,REGISTRATION REFORM DESIGN & DELIVERY,CORBY BOROUGH COUNCIL,1037063540,26250.84
CAB,CABINET OFFICE,2019-08-16,EXP - CURRENT GRANTS TO LOCAL GOVERNMENT,REGISTRATION REFORM DESIGN & DELIVERY,LONDON BOROUGH OF CAMDEN,1037063541,119300.17
CAB,CABINET OFFICE,2019-08-16,EXP - CURRENT GRANTS TO LOCAL GOVERNMENT,REGISTRATION REFORM DESIGN & DELIVERY,LONDON BOROUGH OF WALTHAM FOREST,1037063581,88070.11
CAB,CABINET OFFICE,2019-08-16,EXP - PURCHASE OF GOODS/SERVICES - OTHER ICT COSTS,CONTRACT MANAGEMENT - PROJECT SET UP,CSL KPMG LLP,1037063602,127705.20
CAB,CABINET OFFICE,2019-08-19,EXP - PURCHASE OF GOODS/SERVICES - PERSONNEL RELATED,ADVERTS & CHECKS,SECURITY WATCHDOG,1037063649,32827.00
CAB,CABINET OFFICE,2019-08-19,EXP - CURRENT GRANTS TO LOCAL GOVERNMENT,REGISTRATION REFORM DESIGN & DELIVERY,ROSSENDALE BOROUGH COUNCIL,1037063658,25323.39
CAB,CABINET OFFICE,2019-08-19,EXP - CURRENT GRANTS TO LOCAL GOVERNMENT,REGISTRATION REFORM DESIGN & DELIVERY,ST ALBANS DISTRICT COUNCIL,1037063662,43140.45
CAB,CABINET OFFICE,2019-08-19,EXP - PERMANENT UK STAFF - EMPLOYER'S SOCIAL SECURITY COSTS - APPRENTICESHIP LEVY,APPRENTICESHIP LEVY,INLAND REVENUE SHIPLEY PAYE,1037063697,147008.00
CAB,CABINET OFFICE,2019-08-19,Exp - Purchase Of Goods/Services - Consultancy,CENTRAL EU EXIT CONSULTANCY (PROG),PA CONSULTING GROUP,1037063698,154000.00
CAB,CABINET OFFICE,2019-08-19,Exp - Purchase Of Goods/Services - Consultancy,CENTRAL EU EXIT CONSULTANCY (PROG),DELOITTE LLP,1037063708,41700.00
CAB,CABINET OFFICE,2019-08-19,Exp - Purchase Of Goods/Services - Consultancy,CENTRAL EU EXIT CONSULTANCY (PROG),DELOITTE LLP,1037063708,49713.00
CAB,CABINET OFFICE,2019-08-19,EXP - PURCHASE OF GOODS/SERVICES - TELECOMS - DATA COMMUNICATIONS,DIGITAL & TECHNOLOGY INFRASTRUCTURE TEAM,XMA LTD,1037063711,150000.00
CAB,CABINET OFFICE,2019-08-20,EXP - PURCHASE OF GOODS/SERVICES - PERSONNEL RELATED - RECRUITMENT ADVERTISING,FAST STREAM RECRUITMENT,SPECIALIST COMPUTER CENTRE NON EDI,1037063733,61350.00
CAB,CABINET OFFICE,2019-08-20,EXP - CURRENT GRANTS TO LOCAL GOVERNMENT,REGISTRATION REFORM DESIGN & DELIVERY,KINGSTON UPON HULL CITY COUNCIL,1037063744,37465.86
CAB,CABINET OFFICE,2019-08-20,EXP - PURCHASE OF GOODS/SERVICES - OTHER - SERVICE PAYMENTS,OUTSOURCING IMPLEMENTATION,DELOITTE LLP,1037063780,162653.00
CAB,CABINET OFFICE,2019-08-20,EXP - PURCHASE OF GOODS/SERVICES - OTHER ICT COSTS,DIGITAL & TECHNOLOGY INFRASTRUCTURE TEAM,XMA LTD,1037063789,61134.70
CAB,CABINET OFFICE,2019-08-20,EXP - PURCHASE OF GOODS/SERVICES -OTHER PROFESSIONAL SERVICES - LEGAL,GSS STRATEGY,FIELD FISHER WATERHOUSE LLP,1037063790,71193.95
CAB,CABINET OFFICE,2019-08-20,EXP - CURRENT GRANTS TO LOCAL GOVERNMENT,REGISTRATION REFORM DESIGN & DELIVERY,TORBAY BOROUGH COUNCIL,1037063799,30080.42
CAB,CABINET OFFICE,2019-08-20,EXP - CURRENT GRANTS TO LOCAL GOVERNMENT,REGISTRATION REFORM DESIGN & DELIVERY,RHONDDA CYNON TAFF COUNCIL,1037063800,33777.01
CAB,CABINET OFFICE,2019-08-20,EXP - PURCHASE OF GOODS/SERVICES - ACCOMMODATION & BLDNG MANAGEMENT,ESTATES MANAGEMENT,GOVERNMENT PROPERTY AGENCY GPA,1037063848,72501.90
CAB,CABINET OFFICE,2019-08-21,EXP - PURCHASE OF GOODS/SERVICES - OFFICE RELATED - PRINTING,DIGITAL & TECHNOLOGY INFRASTRUCTURE TEAM,CANON (UK) LTD,1037063877,137203.48
CAB,CABINET OFFICE,2019-08-21,EXP - PURCHASE OF GOODS/SERVICES - CONSULTANCY - IT,FAST STREAM RECRUITMENT,VALTECH LTD,1037063946,83437.50
CAB,CABINET OFFICE,2019-08-21,EXP - PURCHASE OF GOODS/SERVICES - TRAINING & DEVELOPMENT,COMMERCIAL FAST STREAM,CIPS THE CHARTERED INSTITUTE OF PURCHASING & SUPPLY,1037063954,75400.00
CAB,CABINET OFFICE,2019-08-21,EXP - PURCHASE OF GOODS/SERVICES - TRAINING & DEVELOPMENT,CAPABILITY - LEARNING AND DEVELOPMENT,KORN FERRY UK LTD,1037063995,29719.00
CAB,CABINET OFFICE,2019-08-22,EXP - PURCHASE OF GOODS/SERVICES - OTHER ICT COSTS,DIGITAL & TECHNOLOGY INFRASTRUCTURE TEAM,XMA LTD,1037064045,113182.20
CAB,CABINET OFFICE,2019-08-22,EXP - PURCHASE OF GOODS/SERVICES - OTHER ICT COSTS,DIGITAL & TECHNOLOGY INFRASTRUCTURE TEAM,XMA LTD,1037064045,70962.75
CAB,CABINET OFFICE,2019-08-22,EXP - PURCHASE OF GOODS/SERVICES - SHARED SERVICES OUTSOURCING,STERIA SHARED SERVICES,SHARED SERVICES CONNECTED LTD,1037064064,173773.88
CAB,CABINET OFFICE,2019-08-22,EXP - PURCHASE OF GOODS/SERVICES - SHARED SERVICES OUTSOURCING,STERIA SHARED SERVICES,SHARED SERVICES CONNECTED LTD,1037064064,191295.08
CAB,CABINET OFFICE,2019-08-22,EXP - PURCHASE OF GOODS/SERVICES - SHARED SERVICES OUTSOURCING,STERIA SHARED SERVICES,SHARED SERVICES CONNECTED LTD,1037064064,228188.99
CAB,CABINET OFFICE,2019-08-22,EXP - PURCHASE OF GOODS/SERVICES - PERSONNEL RELATED - PENSIONS PAYROLL CONTRACTOR (FIXED FEE),SME CONTRACT MANAGMENT LEAD,MYCSP LTD,1037064066,2168114.41
CAB,CABINET OFFICE,2019-08-22,Exp - Purchase Of Goods/Services - Consultancy,SME CONTRACT MANAGMENT LEAD,MYCSP LTD,1037064066,62664.39
CAB,CABINET OFFICE,2019-08-22,EXP - CURRENT GRANTS TO LOCAL GOVERNMENT,REGISTRATION REFORM DESIGN & DELIVERY,LOTHIAN VALUATION JOINT BOARD,1037064085,228575.96
CAB,CABINET OFFICE,2019-08-23,EXP - SHORT-TERM CONTRACT & AGENCY STAFF - FULL COST,COMMERCIAL POLICY - INTERNATIONAL AND REFORM,CROWN COMMERCIAL SERVICE,1037064134,32400.00
CAB,CABINET OFFICE,2019-08-23,EXP - SHORT-TERM CONTRACT & AGENCY STAFF - FULL COST,COMMERCIAL POLICY - INTERNATIONAL AND REFORM,CROWN COMMERCIAL SERVICE,1037064134,48600.00
CAB,CABINET OFFICE,2019-08-23,EXP - CURRENT GRANTS TO LOCAL GOVERNMENT,OGP - ONE PUBLIC ESTATE,LONDON BOROUGH OF EALING,1037064215,400000.00
CAB,CABINET OFFICE,2019-08-23,EXP - PURCHASE OF GOODS/SERVICES - END USER SOFTWARE AND HARDWARE,DIGITAL & TECHNOLOGY APPLICATIONS TEAM,MICROSOFT LTD PSS,1037064232,31906.00
CAB,CABINET OFFICE,2019-08-23,EXP - PURCHASE OF GOODS/SERVICES - OTHER ICT COSTS - COMPUTER SOFTWARE,DIGITAL & TECHNOLOGY ENGAGEMENT TEAM,MICROSOFT LTD PSS,1037064232,43410.00
CAB,CABINET OFFICE,2019-08-23,EXP - PURCHASE OF GOODS/SERVICES - OTHER - RESEARCH AND DEVELOPMENT,DEVOLUTION STRATEGY DIVISION,IPSOS MORI LTD,1037064241,177850.00
CAB,CABINET OFFICE,2019-08-27,EXP - PURCHASE OF GOODS/SERVICES -OTHER PROFESSIONAL SERVICES - LEGAL,MARKET AND SUPPLIERS,ASHURST LLP,1037064296,73260.20
CAB,CABINET OFFICE,2019-08-27,EXP - PURCHASE OF GOODS/SERVICES - OTHER - RESEARCH AND DEVELOPMENT,GOVERNMENT EQUALITIES OFFICE PROG,THE BEHAVIOURAL INSIGHTS TEAM,1037064311,48471.93
CAB,CABINET OFFICE,2019-08-27,EXP - PURCHASE OF GOODS/SERVICES - OTHER - RESEARCH AND DEVELOPMENT,GOVERNMENT EQUALITIES OFFICE PROG,THE BEHAVIOURAL INSIGHTS TEAM,1037064311,138031.76
CAB,CABINET OFFICE,2019-08-27,EXP - PURCHASE OF GOODS/SERVICES - OTHER ICT COSTS,SERVICE SUPPORT & OPS,ZENDESK,1037064314,29625.00
CAB,CABINET OFFICE,2019-08-27,EXP - PURCHASE OF GOODS/SERVICES - OTHER ICT COSTS,FACULTY AND SERVICE DELIVERY,MATSSOFT LTD,1037064329,48630.00
CAB,CABINET OFFICE,2019-08-27,Exp - Purchase Of Goods/Services - Consultancy,GOVERNMENT COMMERCIAL FUNCTION,DENTONS UK & MIDDLE EAST LLP,1037064338,66274.74
CAB,CABINET OFFICE,2019-08-28,Exp - Purchase Of Goods/Services - Consultancy,CENTRAL EU EXIT CONSULTANCY (PROG),ERNST & YOUNG LLP,1037064427,131206.00
CAB,CABINET OFFICE,2019-08-28,Exp - Purchase Of Goods/Services - Consultancy,ROBOTICS,CAPGEMINI UK PLC,1037064428,310960.33
CAB,CABINET OFFICE,2019-08-28,Exp - Purchase Of Goods/Services - Consultancy,ROBOTICS,CAPGEMINI UK PLC,1037064428,62192.07
CAB,CABINET OFFICE,2019-08-29,EXP - PURCHASE OF GOODS/SERVICES - MARKETING & MEDIA - ADVERTISING,GOV COMMS EU EXIT PROG,ENGINE PARTNERS UK LLP,1037064459,216478.35
CAB,CABINET OFFICE,2019-08-29,EXP - PURCHASE OF GOODS/SERVICES - MARKETING & MEDIA - ADVERTISING,GOV COMMS EU EXIT PROG,ENGINE PARTNERS UK LLP,1037064459,43295.67
CAB,CABINET OFFICE,2019-08-29,Exp - Purchase Of Goods/Services - Consultancy,CENTRAL EU EXIT CONSULTANCY (PROG),PA CONSULTING GROUP,1037064484,50000.00
CAB,CABINET OFFICE,2019-08-29,Exp - Purchase Of Goods/Services - Consultancy,CENTRAL EU EXIT CONSULTANCY (PROG),PA CONSULTING GROUP,1037064484,125400.00
CAB,CABINET OFFICE,2019-08-29,EXP - PURCHASE OF GOODS/SERVICES - ACCOMMODATION & BLDNG MANAGEMENT,FACILITIES MANAGEMENT,INTERSERVE FACILITIES MANAGEMENT LTD,1037064492,57983.06
CAB,CABINET OFFICE,2019-08-29,EXP - PURCHASE OF GOODS/SERVICES - ACCOMMODATION & BLDNG MANAGEMENT - NON PRIME UTILITIES,FACILITIES MANAGEMENT,INTERSERVE FACILITIES MANAGEMENT LTD,1037064492,26000.00
CAB,CABINET OFFICE,2019-08-29,EXP - PURCHASE OF GOODS/SERVICES - OTHER ICT COSTS - COMPUTER HARDWARE,STERIA SHARED SERVICES,SHARED SERVICES CONNECTED LTD,1037064514,192037.58
CAB,CABINET OFFICE,2019-08-29,EXP - PURCHASE OF GOODS/SERVICES - OTHER ICT COSTS - COMPUTER HARDWARE,STERIA SHARED SERVICES,SHARED SERVICES CONNECTED LTD,1037064514,38407.52
CAB,CABINET OFFICE,2019-08-29,Exp - Purchase Of Goods/Services - Consultancy,CENTRAL EU EXIT CONSULTANCY (PROG),MOTT MACDONALD,1037064515,25139.86
CAB,CABINET OFFICE,2019-08-29,EXP - PURCHASE OF GOODS/SERVICES - OTHER - RESEARCH AND DEVELOPMENT,GOVERNMENT EQUALITIES OFFICE PROG,BEIS DEPARTMENT FOR BUSINESS INNOVATION & SKILLS,1037064522,35220.00
CAB,CABINET OFFICE,2019-08-29,EXP - SHORT-TERM CONTRACT & AGENCY STAFF - FULL COST,NATIONAL LEADERSHIP CENTRE - PROG,CONVIVIO TEAM LTD,1037064564,27000.00
CAB,CABINET OFFICE,2019-08-30,Exp - Purchase Of Goods/Services - Consultancy,CENTRAL EU EXIT CONSULTANCY (PROG),METHODS BUSINESS AND DIGITAL TECHNOLOGY LTD,1037064615,29295.00
CAB,CABINET OFFICE,2019-08-30,PPE - POA & AUC (OWNED) - COST - ADDITIONS - BUILDINGS,DOWNING STREET MODERNISATION PROGRAMME,INTERSERVE FACILITIES MANAGEMENT LTD,1037064634,72929.02
CAB,CABINET OFFICE,2019-08-30,EXP - PURCHASE OF GOODS/SERVICES - OTHER ICT COSTS,DIGITAL & TECHNOLOGY INFRASTRUCTURE TEAM,BRITISH TELECOMMUNICATIONS PLC,1037064644,25808.53
CAB,CABINET OFFICE,2019-08-30,EXP - PURCHASE OF GOODS/SERVICES - OTHER ICT COSTS - COMPUTER SOFTWARE,DIGITAL & TECHNOLOGY ENGAGEMENT TEAM,CLOUD TECHNOLOGY SOLUTIONS,1037064653,82467.00
CAB,CABINET OFFICE,2019-08-30,EXP - PURCHASE OF GOODS/SERVICES - OTHER ICT COSTS - COMPUTER SOFTWARE,DIGITAL & TECHNOLOGY ENGAGEMENT TEAM,CLOUD TECHNOLOGY SOLUTIONS,1037064653,37620.00
CAB,CABINET OFFICE,2019-08-30,EXP - PURCHASE OF GOODS/SERVICES - OTHER PROFESSIONAL SERVICES,CSG PEOPLE SURVEY,ENGINE TRANSFORMATION LTD,1037064654,64435.63
CAB,CABINET OFFICE,2019-08-30,EXP - CURRENT GRANTS TO LOCAL GOVERNMENT,GOVERNMENT EQUALITIES OFFICE PROG,HOME OFFICE,1037064657,80000.00
CAB,CABINET OFFICE,2019-08-30,EXP - PURCHASE OF GOODS/SERVICES - OTHER ICT COSTS - COMPUTER SOFTWARE,DIGITAL & TECHNOLOGY ENGAGEMENT TEAM,CLOUD TECHNOLOGY SOLUTIONS,1037064653,37620.00
CAB,CABINET OFFICE,2019-08-30,EXP - PURCHASE OF GOODS/SERVICES - OTHER PROFESSIONAL SERVICES,CSG PEOPLE SURVEY,ENGINE TRANSFORMATION LTD,1037064654,64435.63
CAB,CABINET OFFICE,2019-08-30,EXP - CURRENT GRANTS TO LOCAL GOVERNMENT,GOVERNMENT EQUALITIES OFFICE PROG,HOME OFFICE,1037064657,80000.00
CAB,CABINET OFFICE,2019-08-09,Exp - Purchase Of Goods/Services - Consultancy,CENTRAL EU EXIT CONSULTANCY (PROG),PA CONSULTING GROUP,1037064484,50000.00
CAB,Crown Commercial Service,2019-08-01,MOU Commission Share - Corporate Services,Travel,Yorkshire Purchasing Organisation,SINV-000001358,53842.86
CAB,Crown Commercial Service,2019-08-09,MOU Commission Share - Corporate Services,Document Management & Logistics,Yorkshire Purchasing Organisation,SINV-000001429,29319.00
CAB,Crown Commercial Service,2019-08-09,MOU Commission Share - Corporate Services,Document Management & Logistics,EASTERN SHIRES PURCHASING ORGA,SINV-000001430,33953.99
CAB,Crown Commercial Service,2019-08-09,MOU Commission Share - Corporate Services,Document Management & Logistics,Yorkshire Purchasing Organisation,SINV-000001429,37763.00
CAB,Crown Commercial Service,2019-08-16,MOU Commission Share - Corporate Services,Fleet,PCC For South Yorkshire,SINV-000001472,50871.46
CAB,Crown Commercial Service,2019-08-16,MOU Commission Share - Corporate Services,Fleet,PCC For South Yorkshire,SINV-000001473,50796.75
CAB,Crown Commercial Service,2019-08-16,MOU Commission Share - Corporate Services,Fleet,PCC For South Yorkshire,SINV-000001475,207188.64
CAB,Crown Commercial Service,2019-08-16,MOU Commission Share - Corporate Services,Fleet,PCC For South Yorkshire,SINV-000001476,206518.05
CAB,Crown Commercial Service,2019-08-19,MOU Commission Share - Technology,Technology Products & Services,EASTERN SHIRES PURCHASING ORGA,SINV-000001498,71677.77
CAB,Crown Commercial Service,2019-08-30,GCO Staff Charges from CO,HR,CABINET OFFICE,SINV-000001617,1492884.56
CAB,Crown Commercial Service,2019-08-22,GCO Hub Recruitment Costs,HR,CABINET OFFICE,SINV-000001547,64600.00
CAB,Crown Commercial Service,2019-08-02,Accommodation Costs,Finance,Redfern Travel Ltd,SINV-000001382,43001.87
CAB,Crown Commercial Service,2019-08-02,Travel - Rail,Finance,Trainline.com Limited,SINV-000001383,121836.65
CAB,Crown Commercial Service,2019-08-16,IT Development Costs,Find a Tender/Contracts Finder,NQC Ltd,SINV-000001479,41475.00
CAB,Crown Commercial Service,2019-08-16,Service Fee,Technology Support,BravoSolution UK Ltd,SINV-000001480,41650.00
CAB,Crown Commercial Service,2019-08-20,IT Development Costs,Transformation Programme,Brickendon Consulting Ltd,SINV-000001516,108250.00
CAB,Crown Commercial Service,2019-08-28,IT Development Costs,Find a Tender/Contracts Finder,NQC Ltd,SINV-000001592,41975.00
CAB,Crown Commercial Service,2019-08-06,Consultancy Fees (Advice & Guidance),Transformation Programme,Peopletoo Limited,SINV-000001406,50710.63
CAB,Crown Commercial Service,2019-08-12,Annual Statutory Audit Fees,Finance,NATIONAL AUDIT OFFICE,SINV-000001439,30500.00
CAB,Crown Commercial Service,2019-08-22,Legal Fees,Operations Liverpool,Government Legal Department,SINV-000001535,160500.00
CAB,Crown Commercial Service,2019-08-22,Legal Fees,Disputes & Policy Implementation,Government Legal Department,SINV-000001535,136500.00
CAB,Crown Commercial Service,2019-08-27,Internal Communications,Marketing & Communications,Access Intelligence Media and Communications Ltd,SINV-000001555,26000.50
CAB,Crown Commercial Service,2019-08-30,Data Purchase,Technology Products & Services,CBS Interactive Inc,SINV-000001641,26271.00
CAB,Crown Commercial Service,2019-08-20,ROCE Dividend,Finance,CABINET OFFICE,SINV-000001507,6158000.00
CAB,Government Property Agency,2019-08-05,Rent Payable,Head Lease Rent,ACAS,3,176563.32
CAB,Government Property Agency,2019-08-05,Service Charge on Account,Head Lease SC Expense,ACAS,6,38345.36
CAB,Government Property Agency,2019-08-05,Facilities Management,Facilities Management,Interserve (Facilities Management) Ltd,16,43362.43
CAB,Government Property Agency,2019-08-05,Facilities Management,Facilities Management,Arcadis (UK) Ltd,19,235499.13
CAB,Government Property Agency,2019-08-05,Rent Payable,Head Lease Rent,ACAS,3,47323.56
CAB,Government Property Agency,2019-08-05,Service Charge on Account,Head Lease SC Expense,ACAS,6,32382.00
CAB,Government Property Agency,2019-08-05,Rent Payable,Head Lease Rent,ACAS,12,59308.50
CAB,Government Property Agency,2019-08-06,AUC - Other Capital Expend,Capital Expenditure,Arcadis (UK) Ltd,6,213013.23
CAB,Government Property Agency,2019-08-06,AUC - Other Capital Expend,Capital Expenditure,Arcadis (UK) Ltd,9,211980.20
CAB,Government Property Agency,2019-08-07,Property Insurance,Insurance Expense,20 Cabot Square I Unit Trust,4,41007.89
CAB,Government Property Agency,2019-08-13,AUC - Other Capital Expend,Capital Expenditure,Arcadis (UK) Ltd,3,53289.45
CAB,Government Property Agency,2019-08-13,AUC - Other Capital Expend,Capital Expenditure,Arcadis (UK) Ltd,3,150464.38
CAB,Government Property Agency,2019-08-13,AUC - Other Capital Expend,Capital Expenditure,Arcadis (UK) Ltd,4,30092.88
CAB,Government Property Agency,2019-08-13,Facilities Management,Facilities Management,Interserve (Facilities Management) Ltd,7,36222.58
CAB,Government Property Agency,2019-08-13,Security Charges,Head Lease SC Expense,Interserve (Facilities Management) Ltd,10,53448.32
CAB,Government Property Agency,2019-08-14,Management Fees,Head Lease SC Expense,Montagu Evans (ACC 2),7,116523.60
CAB,Government Property Agency,2019-08-14,Facilities Management,Facilities Management,Interserve (Facilities Management) Ltd,6,102082.45
CAB,Government Property Agency,2019-08-14,Facilities Management,Facilities Management,ENGIE Services Limite,6,82417.05
CAB,Government Property Agency,2019-08-14,Utilities Expense Recovery,Sub Lease SC Income,Interserve (Facilities Management) Ltd,7,42758.83
CAB,Government Property Agency,2019-08-14,AUC - Other Capital Expend,Capital Expenditure,Arcadis (UK) Ltd,7,119894.37
CAB,Government Property Agency,2019-08-14,Facilities Management,Facilities Management,Interserve (Facilities Management) Ltd,3,526214.61
CAB,Government Property Agency,2019-08-14,Facilities Management,Facilities Management,Interserve (Facilities Management) Ltd,3,550899.47
CAB,Government Property Agency,2019-08-19,Facilities Management,Facilities Management,Interserve (Facilities Management) Ltd,13,43362.43
CAB,Government Property Agency,2019-08-19,Electricity,Utilities,SSE,11,92039.18
CAB,Government Property Agency,2019-08-19,Facilities Management,Facilities Management,Arcadis (UK) Ltd,3,60000.00
CAB,Government Property Agency,2019-08-19,AUC - Other Capital Expend,Capital Expenditure,Arcadis (UK) Ltd,6,76822.41
CAB,Government Property Agency,2019-08-19,Professional Fees,Head Lease SC Expense,Arcadis (UK) Ltd,3,69124.00
CAB,Government Property Agency,2019-08-21,Facilities Management,Facilities Management,Arcadis (UK) Ltd,15,350000.00
CAB,Government Property Agency,2019-08-21,Professional Fees,Head Lease SC Expense,Turner and Townsend Project Management Limited,3,33846.75
CAB,Government Property Agency,2019-08-21,Professional Services-General,Professional Fees,Carter Jonas LLP,13,26970.50
CAB,Government Property Agency,2019-08-21,Electricity,Utilities,SSE,17,72046.95
CAB,Government Property Agency,2019-08-21,Professional Fees,Head Lease SC Expense,Eversheds Sutherland MAIN Account,3,30003.00
CAB,Government Property Agency,2019-08-22,Hospitality,Hospitality,Interserve (Facilities Management) Ltd,3,27192.22
CAB,Government Property Agency,2019-08-28,Gov't Comm Org Costs,Gov't Comm Org Costs,Cabinet Office,10,86743.62
CAB,Government Property Agency,2019-08-28,Gov't Comm Org Costs,Gov't Comm Org Costs,Cabinet Office,13,170741.16
CAB,Government Property Agency,2019-08-28,Professional Services-General,Professional Fees,Montagu Evans (ACC 2),23,37500.00
CAB,Government Property Agency,2019-08-28,AUC - Other Capital Expend,Capital Expenditure,Interserve (Facilities Management) Ltd,33,31082.32
CAB,Government Property Agency,2019-08-28,Facilities Management,Facilities Management,Interserve (Facilities Management) Ltd,3,51541.26
CAB,Government Property Agency,2019-08-28,Rates,HL Rates,Westminster City Council,3,135367.00
CAB,Government Property Agency,2019-08-28,Rates,HL Rates,Westminster City Council,12,55456.00
CAB,Government Property Agency,2019-08-28,Rates,HL Rates,Broadlands District Council,15,25776.00
CAB,Government Property Agency,2019-08-28,Rates,HL Rates,London Borough of Tower Hamlets,30,681719.00
CAB,Government Property Agency,2019-08-28,Rates,HL Rates,Westminster City Council,69,228813.00
CAB,Government Property Agency,2019-08-28,Rates,HL Rates,Westminster City Council,93,130204.00
CAB,Government Property Agency,2019-08-28,Rates,HL Rates,Westminster City Council,96,440610.00
CAB,Government Property Agency,2019-08-28,Rates,HL Rates,Westminster City Council,99,418326.00
CAB,Government Property Agency,2019-08-28,Rates,HL Rates,Westminster City Council,102,69430.00
CAB,Government Property Agency,2019-08-28,Rates,HL Rates,City of London,108,135591.00
CAB,Government Property Agency,2019-08-28,Rates,HL Rates,London Borough of Tower Hamlets,132,33623.00
CAB,Government Property Agency,2019-08-28,Rates,HL Rates,London Borough of Tower Hamlets,135,32750.00
CAB,Government Property Agency,2019-08-29,Facilities Management,Facilities Management,Interserve (Facilities Management) Ltd,13,148041.21
