,,Directotate,Service,Supplier,Invoice Line Value (net of VAT),Account
INSERTED DETAIL,,Resources Group,Resources,ESRI (UK) LTD,17050.00,ICT SOFTWARE SUPPORT & MAINTENANCE
INSERTED DETAIL,,Resources Group,Resources,LOCAL GOVERNMENT IMPROVEMENT & DEVELOPMENT,1450.00,MEMBERSHIPS
INSERTED DETAIL,,Resources Group,Resources,MICHAEL PAGE INTERNATIONAL,1168.00,AGENCY STAFF COSTS - NON TEACHING
INSERTED DETAIL,,Resources Group,Resources,MICHAEL PAGE INTERNATIONAL,1280.00,AGENCY STAFF COSTS - NON TEACHING
INSERTED DETAIL,,Resources Group,Resources,ROYAL MAIL,1849.07,POSTAGES
INSERTED DETAIL,,Resources Group,Resources,ROYAL MAIL NORTH EAST,1946.70,POSTAGES
INSERTED DETAIL,,Resources Group,Resources,ROYAL MAIL NORTH EAST,522.91,POSTAGES
INSERTED DETAIL,,Resources Group,Resources,TNT POST LTD,2098.38,POSTAGES
INSERTED DETAIL,,Resources Group,Resources,TNT POST LTD,1941.97,POSTAGES
INSERTED DETAIL,,Resources Group,Resources,TNT POST LTD,1214.95,POSTAGES
INSERTED DETAIL,,Resources Group,Resources,TNT POST LTD,1474.20,POSTAGES
INSERTED DETAIL,,Resources Group,Finance,SECURICOR CASH SERVICES LTD,1327.45,SECURITY SERVICES
INSERTED DETAIL,,Resources Group,ICT,DAISY COMMUNICATIONS LTD,10775.87,TELEPHONE COSTS
INSERTED DETAIL,,Resources Group,Human resources management,ALLIANCE PSYCHOLOGICAL SERVICES,1550.00,COUNSELLING RECHARGE
INSERTED DETAIL,,Resources Group,Human resources management,ALLIANCE PSYCHOLOGICAL SERVICES,1700.00,COUNSELLING RECHARGE
INSERTED DETAIL,,Resources Group,Human resources management,BODY 2 FIT LTD,2120.00,PHYSIOTHERAPY RECHARGE
INSERTED DETAIL,,Resources Group,Human resources management,BODY 2 FIT LTD,2280.00,PHYSIOTHERAPY RECHARGE
INSERTED DETAIL,,Resources Group,Human resources management,MEDACS HEALTHCARE PLC,8497.41,PROFESSIONAL FEES & CONSULTANCY
INSERTED DETAIL,,Resources Group,Human resources management,REED BUSINESS INFORMATION LTD,1750.00,ICT SOFTWARE PURCHASE
INSERTED DETAIL,,Resources Group,Human resources management,SKILLGATE LTD,1040.95,EMPLOYEE TRAINING COURSE COSTS
INSERTED DETAIL,,Resources Group,Transformation,ADT FIRE & SECURITY PLC,958.54,Cyclical - Intruder Alarms
INSERTED DETAIL,,Resources Group,Transformation,ADT FIRE & SECURITY PLC,796.77,Cyclical - Fire Alarms
INSERTED DETAIL,,Resources Group,Transformation,ADT FIRE & SECURITY PLC,866.45,Cyclical - Intruder Alarms
INSERTED DETAIL,,Resources Group,Transformation,ADT FIRE & SECURITY PLC,1215.79,Repairs - Door Entry System
INSERTED DETAIL,,Resources Group,Transformation,CORONA ENERGY LTD,1861.04,GAS
INSERTED DETAIL,,Resources Group,Transformation,CORONA ENERGY LTD,76958.34,GAS
INSERTED DETAIL,,Resources Group,Transformation,CORONA ENERGY LTD,1377.70,GAS
INSERTED DETAIL,,Resources Group,Transformation,CORONA ENERGY LTD,156632.20,GAS
INSERTED DETAIL,,Resources Group,Transformation,NORTHUMBRIAN WATER,2185.73,WATER CHARGES
INSERTED DETAIL,,Resources Group,Transformation,NORTHUMBRIAN WATER,515.94,WATER CHARGES
INSERTED DETAIL,,Resources Group,Transformation,NORTHUMBRIAN WATER,3082.75,WATER CHARGES
INSERTED DETAIL,,Resources Group,Transformation,NPOWER NORTHERN FINANCE,5424.69,ELECTRICITY
INSERTED DETAIL,,Resources Group,Transformation,NPOWER NORTHERN FINANCE,3848.81,ELECTRICITY
INSERTED DETAIL,,Resources Group,Transformation,NPOWER NORTHERN FINANCE,8572.02,ELECTRICITY
INSERTED DETAIL,,Resources Group,Transformation,NPOWER NORTHERN FINANCE,1258.78,ELECTRICITY
INSERTED DETAIL,,Resources Group,Transformation,NPOWER NORTHERN FINANCE,806.08,ELECTRICITY
INSERTED DETAIL,,Resources Group,Transformation,NPOWER NORTHERN FINANCE,1028.74,ELECTRICITY
INSERTED DETAIL,,Resources Group,Transformation,NPOWER NORTHERN FINANCE,813.17,ELECTRICITY
INSERTED DETAIL,,Resources Group,Transformation,NPOWER NORTHERN FINANCE,1014.40,ELECTRICITY
INSERTED DETAIL,,Resources Group,Transformation,NPOWER NORTHERN FINANCE,10718.46,ELECTRICITY
INSERTED DETAIL,,Resources Group,Transformation,NPOWER NORTHERN FINANCE,3664.87,ELECTRICITY
INSERTED DETAIL,,Resources Group,Transformation,NPOWER NORTHERN FINANCE,47896.04,ELECTRICITY
INSERTED DETAIL,,Resources Group,Transformation,NPOWER NORTHERN FINANCE,662.25,ELECTRICITY
INSERTED DETAIL,,Resources Group,Transformation,SCHOTT REMOVALS TRANSPORT LTD,1250.20,REMOVAL COSTS - STAFF MOVES
INSERTED DETAIL,,Resources Group,Transformation,STOREYS:SSP,657.17,ELECTRICITY
INSERTED DETAIL,,Resources Group,Transformation,VIRGIN MEDIA BUSINESS LIMITED,1739.98,TELEPHONE COSTS
INSERTED DETAIL,,Resources Group,Transformation,WESTERN POWER DISTRIBUTION,830.25,ELECTRICITY
INSERTED DETAIL,,Place,Building Design Services,URS SCOTT WILSON LTD,6129.03,AGENCY STAFF COSTS - NON TEACHING
INSERTED DETAIL,,Place,Economic Regeneration,BATEY METALLIC PACKING CO LTD,1519.20,EQUIPMENT
INSERTED DETAIL,,Place,Economic Regeneration,BATEY METALLIC PACKING CO LTD,1519.20,EQUIPMENT
INSERTED DETAIL,,Place,Economic Regeneration,DARLINGTON RUGBY FOOTBALL CLUB LTD,629.17,MARKETING & ADVERTISING
INSERTED DETAIL,,Place,Commercial Services,AIRWAVE SOLUTIONS LTD,1457.50,EQUIPMENT
INSERTED DETAIL,,Place,Commercial Services,ASSET EPOS SYSTEMS,2368.42,MAINTENANCE AGREEMENTS - ADMIN
INSERTED DETAIL,,Place,Commercial Services,BAUER RADIO LTD,1539.15,MARKETING & ADVERTISING
INSERTED DETAIL,,Place,Commercial Services,BLACK & WHITE ADVERTISING (URWIN GARTON),905.00,MARKETING & ADVERTISING
INSERTED DETAIL,,Place,Commercial Services,EDEN FARM LTD,507.67,CATERING PROVISIONS
INSERTED DETAIL,,Place,Commercial Services,HEINEKEN UK,736.98,BAR PROVISIONS FOR RESALE
INSERTED DETAIL,,Place,Commercial Services,NABMA,795.00,SUBSCRIPTIONS
INSERTED DETAIL,,Place,Commercial Services,SMITH OF DERBY LTD,998.00,Repairs - Mechanical
INSERTED DETAIL,,Place,Commercial Services,STOBBS WHOLESALERS,563.36,CATERING PROVISIONS
INSERTED DETAIL,,Place,Commercial Services,WAVERLEY VINTERS LTD (scottish courage),511.43,BAR PROVISIONS FOR RESALE
INSERTED DETAIL,,Place,Commercial Services,WAVERLEY VINTERS LTD (scottish courage),624.14,BAR PROVISIONS FOR RESALE
INSERTED DETAIL,,Place,Culture,ADT FIRE & SECURITY PLC,916.35,MATERIALS
INSERTED DETAIL,,Place,Culture,ADT FIRE & SECURITY PLC,1330.34,MATERIALS
INSERTED DETAIL,,Place,Culture,ADT FIRE & SECURITY PLC,1666.12,Other Supplies & Services
INSERTED DETAIL,,Place,Culture,AGE UK DARLINGTON,15000.00,EQUIPMENT
INSERTED DETAIL,,Place,Culture,ALAN FAIRBAIRN MARQUEE HIRE LIMITED,600.00,EQUIPMENT HIRE
INSERTED DETAIL,,Place,Culture,ALREADY SORTED LTD,1300.00,Production Costs
INSERTED DETAIL,,Place,Culture,ALREADY SORTED LTD,800.00,Production Costs
INSERTED DETAIL,,Place,Culture,ALREADY SORTED LTD,2313.00,AGENCY STAFF COSTS - NON TEACHING
INSERTED DETAIL,,Place,Culture,BILL KENWRIGHT LTD,16607.80,Artist payments
INSERTED DETAIL,,Place,Culture,CHARTER FUELS LTD,1382.40,FUEL OIL FOR HEATING
INSERTED DETAIL,,Place,Culture,CHILDRENS TOURING PARTNERSHIP LLP,570.00,Programme Sales Paid to Others
INSERTED DETAIL,,Place,Culture,CHILDRENS TOURING PARTNERSHIP LLP,16919.46,Artist payments
INSERTED DETAIL,,Place,Culture,CHRYSTAL CONSULTING,2137.50,LEASING CHARGES
INSERTED DETAIL,,Place,Culture,CRIMSON FAIR LIMITED,6484.16,Artist payments
INSERTED DETAIL,,Place,Culture,ENCHANTED ENTERTAINMENT LTD,20000.00,Artist payments
INSERTED DETAIL,,Place,Culture,ENGLISH TOURING THEATRE,20000.00,Artist payments
INSERTED DETAIL,,Place,Culture,EXCHANGE EVENTS LIMITED,15904.71,Artist payments
INSERTED DETAIL,,Place,Culture,HORMONAL HOUSEWIVES LIMITED,9831.49,Artist payments
INSERTED DETAIL,,Place,Culture,INITIAL WASHROOM SOLUTIONS,2002.94,HYGIENE SERVICES
INSERTED DETAIL,,Place,Culture,INITIAL WASHROOM SOLUTIONS,1880.69,HYGIENE SERVICES
INSERTED DETAIL,,Place,Culture,J P LENNARD LTD,1767.38,EQUIPMENT
INSERTED DETAIL,,Place,Culture,MARK GOUCHER LTD,5631.07,Artist payments
INSERTED DETAIL,,Place,Culture,MIDDLE GROUND THEATRE COMPANY,10842.38,Artist payments
INSERTED DETAIL,,Place,Culture,MIDDLE GROUND THEATRE COMPANY,587.50,Programme Sales Paid to Others
INSERTED DETAIL,,Place,Culture,NISBETS,1121.93,BUILDING REPAIRS AND MAINTENANCE
INSERTED DETAIL,,Place,Culture,NORTHUMBRIAN WATER,2869.79,WATER CHARGES
INSERTED DETAIL,,Place,Culture,NORTHUMBRIAN WATER,1359.54,WATER CHARGES
INSERTED DETAIL,,Place,Culture,NORTHUMBRIAN WATER,2305.80,WATER CHARGES
INSERTED DETAIL,,Place,Culture,NORTHUMBRIAN WATER,2325.16,WATER CHARGES
INSERTED DETAIL,,Place,Culture,NORTHUMBRIAN WATER,2096.63,WATER CHARGES
INSERTED DETAIL,,Place,Culture,PAR 4 (IRRIGATION) LTD,2095.00,EQUIPMENT
INSERTED DETAIL,,Place,Culture,POLYTAN SPORTS SURFACES,12995.00,Other Supplies & Services
INSERTED DETAIL,,Place,Culture,RALPH GIVENS,2164.80,GOLF PROFESSIONALS RETAINER
INSERTED DETAIL,,Place,Culture,RALPH GIVENS,1966.00,GOLF PROFESSIONALS RETAINER
INSERTED DETAIL,,Place,Culture,RALPH GIVENS,1930.00,EQUIPMENT
INSERTED DETAIL,,Place,Culture,STONEGRAVE AGGREGATES LTD,819.06,WASTE DISPOSAL
INSERTED DETAIL,,Place,Culture,TECHNOGYM LTD,6180.62,Other Supplies & Services
INSERTED DETAIL,,Place,Culture,THE COMEDY STORE,530.01,Artist payments
INSERTED DETAIL,,Place,Culture,THE SYD LAWRENCE ORCHESTRA,4482.46,Artist payments
INSERTED DETAIL,,Place,Culture,XN LEISURE SYSTEMS LTD,9065.00,Other Supplies & Services
INSERTED DETAIL,,Place,DLO Services,A BUCKLER (HAULAGE) LTD,6598.13,DIRECT CHARGES - CONTRACTORS
INSERTED DETAIL,,Place,DLO Services,AGGREGATE INDUSTRIES UK LTD,823.78,DIRECT CHARGES - MATERIALS (DLO)
INSERTED DETAIL,,Place,DLO Services,AGGREGATE INDUSTRIES UK LTD,621.00,DIRECT CHARGES - MATERIALS (DLO)
INSERTED DETAIL,,Place,DLO Services,AGGREGATE INDUSTRIES UK LTD,734.40,DIRECT CHARGES - MATERIALS (DLO)
INSERTED DETAIL,,Place,DLO Services,AGGREGATE INDUSTRIES UK LTD,702.48,DIRECT CHARGES - MATERIALS (DLO)
INSERTED DETAIL,,Place,DLO Services,AGGREGATE INDUSTRIES UK LTD,702.48,DIRECT CHARGES - MATERIALS (DLO)
INSERTED DETAIL,,Place,DLO Services,AIRCON REFRIGERATION LTD,500.00,DIRECT CHARGES - CONTRACTORS
INSERTED DETAIL,,Place,DLO Services,APEC ENVIRONMENTAL,2210.00,DIRECT CHARGES - CONTRACTORS
INSERTED DETAIL,,Place,DLO Services,APSE PUBLICATIONS,2312.00,SUBSCRIPTIONS
INSERTED DETAIL,,Place,DLO Services,ARJO LIMITED,2755.00,EQUIPMENT
INSERTED DETAIL,,Place,DLO Services,ASSET EPOS SYSTEMS,2368.42,MAINTENANCE AGREEMENTS - ADMIN
INSERTED DETAIL,,Place,DLO Services,ASSET EPOS SYSTEMS,1578.94,MAINTENANCE AGREEMENTS - ADMIN
INSERTED DETAIL,,Place,DLO Services,ASSET EPOS SYSTEMS,1184.22,MAINTENANCE AGREEMENTS - ADMIN
INSERTED DETAIL,,Place,DLO Services,ASTLEY FACADES (NORTH EAST) LTD,1150.00,DIRECT CHARGES - CONTRACTORS
INSERTED DETAIL,,Place,DLO Services,ASTLEY FACADES (NORTH EAST) LTD,1841.13,DIRECT CHARGES - CONTRACTORS
INSERTED DETAIL,,Place,DLO Services,AT WAGGOTT HAULAGE,2001.00,DIRECT CHARGES - CONTRACTORS
INSERTED DETAIL,,Place,DLO Services,AUTOBAR UK  LTD,538.68,CATERING PROVISIONS
INSERTED DETAIL,,Place,DLO Services,BARCLAY ROOFING LTD,2874.00,DIRECT CHARGES - CONTRACTORS
INSERTED DETAIL,,Place,DLO Services,BARR & WRAY LTD,44060.00,DIRECT CHARGES - CONTRACTORS
INSERTED DETAIL,,Place,DLO Services,BISHOP AUCKLAND GLAZING CO LTD,1525.00,DIRECT CHARGES - CONTRACTORS
INSERTED DETAIL,,Place,DLO Services,BISHOP AUCKLAND GLAZING CO LTD,1279.00,DIRECT CHARGES - CONTRACTORS
INSERTED DETAIL,,Place,DLO Services,BRAKES BROS LTD,504.52,CATERING PROVISIONS
INSERTED DETAIL,,Place,DLO Services,BRAKES BROS LTD,507.12,CATERING PROVISIONS
INSERTED DETAIL,,Place,DLO Services,BRAKES BROS LTD,527.73,CATERING PROVISIONS
INSERTED DETAIL,,Place,DLO Services,BRAKES BROS LTD,550.07,CATERING PROVISIONS
INSERTED DETAIL,,Place,DLO Services,BRICKWORK DIRECT LIMITED,8184.19,DIRECT CHARGES - CONTRACTORS
INSERTED DETAIL,,Place,DLO Services,CAPITA BUSINESS SRV LTD (DARLINGTON),18505.00,ICT SOFTWARE SUPPORT & MAINTENANCE
INSERTED DETAIL,,Place,DLO Services,CATERERS CHOICE LTD,1782.00,CATERING PROVISIONS
INSERTED DETAIL,,Place,DLO Services,CDM RECRUITMENT LTD,675.25,AGENCY STAFF COSTS - NON TEACHING
INSERTED DETAIL,,Place,DLO Services,CDM RECRUITMENT LTD,675.25,AGENCY STAFF COSTS - NON TEACHING
INSERTED DETAIL,,Place,DLO Services,CDM RECRUITMENT LTD,675.25,AGENCY STAFF COSTS - NON TEACHING
INSERTED DETAIL,,Place,DLO Services,CDM RECRUITMENT LTD,675.25,AGENCY STAFF COSTS - NON TEACHING
INSERTED DETAIL,,Place,DLO Services,CDM RECRUITMENT LTD,675.25,AGENCY STAFF COSTS - NON TEACHING
INSERTED DETAIL,,Place,DLO Services,CLEVELAND ROOFING CENTRE (ASPHALTIC),642.00,STORES PURCHASES (DLO)
INSERTED DETAIL,,Place,DLO Services,COCA COLA ENTERPRISES LTD,605.99,BAR PROVISIONS FOR RESALE
INSERTED DETAIL,,Place,DLO Services,COLGRAVE SEEDS LTD,7732.72,Bedding Plug Plants
INSERTED DETAIL,,Place,DLO Services,COLGRAVE SEEDS LTD,585.58,Bedding Plug Plants
INSERTED DETAIL,,Place,DLO Services,CONTRACT FLOORING SERVICES (NE) LTD,775.12,DIRECT CHARGES - CONTRACTORS
INSERTED DETAIL,,Place,DLO Services,CONTRACT FLOORING SERVICES (NE) LTD,8692.36,DIRECT CHARGES - CONTRACTORS
INSERTED DETAIL,,Place,DLO Services,CONTRACT FLOORING SERVICES (NE) LTD,8269.97,DIRECT CHARGES - CONTRACTORS
INSERTED DETAIL,,Place,DLO Services,CONTRACT FLOORING SERVICES (NE) LTD,976.95,DIRECT CHARGES - CONTRACTORS
INSERTED DETAIL,,Place,DLO Services,CONTRACT FLOORING SERVICES (NE) LTD,10828.77,DIRECT CHARGES - CONTRACTORS
INSERTED DETAIL,,Place,DLO Services,COREPEOPLE RECRUITMENT LTD,556.11,AGENCY STAFF COSTS - NON TEACHING
INSERTED DETAIL,,Place,DLO Services,COREPEOPLE RECRUITMENT LTD,556.11,AGENCY STAFF COSTS - NON TEACHING
INSERTED DETAIL,,Place,DLO Services,CORGI (NOTIFICATIONS),2125.00,DIRECT CHARGES - CONTRACTORS
INSERTED DETAIL,,Place,DLO Services,CORMETON ELECTRONICS LTD,840.00,DIRECT CHARGES - CONTRACTORS
INSERTED DETAIL,,Place,DLO Services,CROSSLING LTD,814.49,DIRECT CHARGES - MATERIALS (DLO)
INSERTED DETAIL,,Place,DLO Services,CROSSLING LTD,606.48,DIRECT CHARGES - MATERIALS (DLO)
INSERTED DETAIL,,Place,DLO Services,CROSSLING LTD,1524.35,DIRECT CHARGES - MATERIALS (DLO)
INSERTED DETAIL,,Place,DLO Services,CROSSLING LTD,1565.94,DIRECT CHARGES - MATERIALS (DLO)
INSERTED DETAIL,,Place,DLO Services,CROSSLING LTD,1228.38,DIRECT CHARGES - MATERIALS (DLO)
INSERTED DETAIL,,Place,DLO Services,CROSSLING LTD,1745.71,DIRECT CHARGES - MATERIALS (DLO)
INSERTED DETAIL,,Place,DLO Services,CROSSLING LTD,1246.33,DIRECT CHARGES - MATERIALS (DLO)
INSERTED DETAIL,,Place,DLO Services,CROSSLING LTD,1078.17,DIRECT CHARGES - MATERIALS (DLO)
INSERTED DETAIL,,Place,DLO Services,CROSSLING LTD,1731.98,DIRECT CHARGES - MATERIALS (DLO)
INSERTED DETAIL,,Place,DLO Services,CROSSLING LTD,2048.00,DIRECT CHARGES - MATERIALS (DLO)
INSERTED DETAIL,,Place,DLO Services,CROSSLING LTD,649.17,DIRECT CHARGES - MATERIALS (DLO)
INSERTED DETAIL,,Place,DLO Services,CROSSLING LTD,852.62,DIRECT CHARGES - MATERIALS (DLO)
INSERTED DETAIL,,Place,DLO Services,CROSSLING LTD,1548.13,DIRECT CHARGES - MATERIALS (DLO)
INSERTED DETAIL,,Place,DLO Services,CROSSLING LTD,1036.75,DIRECT CHARGES - MATERIALS (DLO)
INSERTED DETAIL,,Place,DLO Services,CROSSLING LTD,1002.92,DIRECT CHARGES - MATERIALS (DLO)
INSERTED DETAIL,,Place,DLO Services,CROSSLING LTD,1470.28,DIRECT CHARGES - MATERIALS (DLO)
INSERTED DETAIL,,Place,DLO Services,CROSSLING LTD,1249.42,DIRECT CHARGES - MATERIALS (DLO)
INSERTED DETAIL,,Place,DLO Services,CROSSLING LTD,900.30,DIRECT CHARGES - MATERIALS (DLO)
INSERTED DETAIL,,Place,DLO Services,CROSSLING LTD,665.31,DIRECT CHARGES - MATERIALS (DLO)
INSERTED DETAIL,,Place,DLO Services,CROSSLING LTD,916.18,DIRECT CHARGES - MATERIALS (DLO)
INSERTED DETAIL,,Place,DLO Services,CROSSLING LTD,1143.03,DIRECT CHARGES - MATERIALS (DLO)
INSERTED DETAIL,,Place,DLO Services,CROSSLING LTD,1625.93,DIRECT CHARGES - MATERIALS (DLO)
INSERTED DETAIL,,Place,DLO Services,CROSSLING LTD,698.41,DIRECT CHARGES - MATERIALS (DLO)
INSERTED DETAIL,,Place,DLO Services,DARLINGTON SCAFFOLDING LTD,664.00,DIRECT CHARGES - CONTRACTORS
INSERTED DETAIL,,Place,DLO Services,DARLINGTON SCAFFOLDING LTD,605.00,DIRECT CHARGES - CONTRACTORS
INSERTED DETAIL,,Place,DLO Services,DARLINGTON SCAFFOLDING LTD,664.00,DIRECT CHARGES - CONTRACTORS
INSERTED DETAIL,,Place,DLO Services,DARLINGTON SCAFFOLDING LTD,664.00,DIRECT CHARGES - CONTRACTORS
INSERTED DETAIL,,Place,DLO Services,DARLINGTON SCAFFOLDING LTD,1289.00,DIRECT CHARGES - CONTRACTORS
INSERTED DETAIL,,Place,DLO Services,DARLINGTON SCAFFOLDING LTD,664.00,DIRECT CHARGES - CONTRACTORS
INSERTED DETAIL,,Place,DLO Services,DARLINGTON SCAFFOLDING LTD,605.00,DIRECT CHARGES - CONTRACTORS
INSERTED DETAIL,,Place,DLO Services,DARLINGTON SCAFFOLDING LTD,566.00,DIRECT CHARGES - CONTRACTORS
INSERTED DETAIL,,Place,DLO Services,DARLINGTON SCAFFOLDING LTD,625.00,DIRECT CHARGES - CONTRACTORS
INSERTED DETAIL,,Place,DLO Services,DARLINGTON SCAFFOLDING LTD,586.00,DIRECT CHARGES - CONTRACTORS
INSERTED DETAIL,,Place,DLO Services,DARLINGTON SCAFFOLDING LTD,664.00,DIRECT CHARGES - CONTRACTORS
INSERTED DETAIL,,Place,DLO Services,DARLINGTON SCAFFOLDING LTD,625.00,DIRECT CHARGES - CONTRACTORS
INSERTED DETAIL,,Place,DLO Services,DARLINGTON SCAFFOLDING LTD,664.00,DIRECT CHARGES - CONTRACTORS
INSERTED DETAIL,,Place,DLO Services,DARLINGTON SCAFFOLDING LTD,625.00,DIRECT CHARGES - CONTRACTORS
INSERTED DETAIL,,Place,DLO Services,DATADAY SOLUTIONS,3500.00,ICT HARDWARE SUPPORT & MAINTENANCE
INSERTED DETAIL,,Place,DLO Services,DELTA ELECTRICAL & MECHANICAL SERVICES LTD,16673.93,DIRECT CHARGES - CONTRACTORS
INSERTED DETAIL,,Place,DLO Services,EASBY FLOORING LTD,1798.52,DIRECT CHARGES - CONTRACTORS
INSERTED DETAIL,,Place,DLO Services,EASBY FLOORING LTD,4216.92,DIRECT CHARGES - CONTRACTORS
INSERTED DETAIL,,Place,DLO Services,EASBY FLOORING LTD,6833.49,DIRECT CHARGES - CONTRACTORS
INSERTED DETAIL,,Place,DLO Services,ELDERS WALKER GLASS LTD,767.98,DIRECT CHARGES - CONTRACTORS
INSERTED DETAIL,,Place,DLO Services,ELDERS WALKER GLASS LTD,750.00,DIRECT CHARGES - CONTRACTORS
INSERTED DETAIL,,Place,DLO Services,ELECTRIC CENTRE,521.03,DIRECT CHARGES - MATERIALS (DLO)
INSERTED DETAIL,,Place,DLO Services,ELECTRIC CENTRE,1254.00,DIRECT CHARGES - MATERIALS (DLO)
INSERTED DETAIL,,Place,DLO Services,ELECTRIC CENTRE,705.00,STORES PURCHASES (DLO)
INSERTED DETAIL,,Place,DLO Services,ELECTRIC CENTRE,572.00,STORES PURCHASES (DLO)
INSERTED DETAIL,,Place,DLO Services,ELECTRIC CENTRE,705.00,STORES PURCHASES (DLO)
INSERTED DETAIL,,Place,DLO Services,ELECTRIC CENTRE,2127.45,EQUIPMENT
INSERTED DETAIL,,Place,DLO Services,ELECTRICAL EXPRESS UK LTD,602.50,DIRECT CHARGES - MATERIALS (DLO)
INSERTED DETAIL,,Place,DLO Services,FREEMAN CATERING BUTCHERS,780.09,CATERING PROVISIONS
INSERTED DETAIL,,Place,DLO Services,GENTOO CONSTRUCTION LTD,35152.05,DIRECT CHARGES - CONTRACTORS
INSERTED DETAIL,,Place,DLO Services,GENTOO CONSTRUCTION LTD,6502.83,DIRECT CHARGES - CONTRACTORS
INSERTED DETAIL,,Place,DLO Services,GRAHAM,575.10,STORES PURCHASES (DLO)
INSERTED DETAIL,,Place,DLO Services,GRANWOOD FLOORING LTD,980.00,DIRECT CHARGES - CONTRACTORS
INSERTED DETAIL,,Place,DLO Services,GUS ROBINSON DEVELOPMENTS,1751.66,DIRECT CHARGES - CONTRACTORS
INSERTED DETAIL,,Place,DLO Services,GUS ROBINSON DEVELOPMENTS,527.66,DIRECT CHARGES - CONTRACTORS
INSERTED DETAIL,,Place,DLO Services,GUS ROBINSON DEVELOPMENTS,4056.91,DIRECT CHARGES - CONTRACTORS
INSERTED DETAIL,,Place,DLO Services,GUS ROBINSON DEVELOPMENTS,47021.17,DIRECT CHARGES - CONTRACTORS
INSERTED DETAIL,,Place,DLO Services,H JARVIS LIMITED,3969.91,DIRECT CHARGES - CONTRACTORS
INSERTED DETAIL,,Place,DLO Services,HARPERS ENVIRONMENTAL LIMITED,2458.84,WASTE DISPOSAL
INSERTED DETAIL,,Place,DLO Services,HAYS SPECIALIST SERVICES,552.78,AGENCY STAFF COSTS - NON TEACHING
INSERTED DETAIL,,Place,DLO Services,HAYS SPECIALIST SERVICES,502.09,AGENCY STAFF COSTS - NON TEACHING
INSERTED DETAIL,,Place,DLO Services,HAYS SPECIALIST SERVICES,545.27,AGENCY STAFF COSTS - NON TEACHING
INSERTED DETAIL,,Place,DLO Services,HAYS SPECIALIST SERVICES,588.54,AGENCY STAFF COSTS - NON TEACHING
INSERTED DETAIL,,Place,DLO Services,HAYS SPECIALIST SERVICES,683.75,AGENCY STAFF COSTS - NON TEACHING
INSERTED DETAIL,,Place,DLO Services,HAYS SPECIALIST SERVICES,552.78,AGENCY STAFF COSTS - NON TEACHING
INSERTED DETAIL,,Place,DLO Services,HAYS SPECIALIST SERVICES,552.78,AGENCY STAFF COSTS - NON TEACHING
INSERTED DETAIL,,Place,DLO Services,HAYS SPECIALIST SERVICES,502.09,AGENCY STAFF COSTS - NON TEACHING
INSERTED DETAIL,,Place,DLO Services,HAYS SPECIALIST SERVICES,552.78,AGENCY STAFF COSTS - NON TEACHING
INSERTED DETAIL,,Place,DLO Services,HAYS SPECIALIST SERVICES,582.75,AGENCY STAFF COSTS - NON TEACHING
INSERTED DETAIL,,Place,DLO Services,HAYS SPECIALIST SERVICES,552.78,AGENCY STAFF COSTS - NON TEACHING
INSERTED DETAIL,,Place,DLO Services,HAYS SPECIALIST SERVICES,683.75,AGENCY STAFF COSTS - NON TEACHING
INSERTED DETAIL,,Place,DLO Services,HAYS SPECIALIST SERVICES,502.09,AGENCY STAFF COSTS - NON TEACHING
INSERTED DETAIL,,Place,DLO Services,HAYS SPECIALIST SERVICES,683.75,AGENCY STAFF COSTS - NON TEACHING
INSERTED DETAIL,,Place,DLO Services,HAYS SPECIALIST SERVICES,552.78,AGENCY STAFF COSTS - NON TEACHING
INSERTED DETAIL,,Place,DLO Services,HEINEKEN UK,1656.53,BAR PROVISIONS FOR RESALE
INSERTED DETAIL,,Place,DLO Services,HEINEKEN UK,838.02,BAR PROVISIONS FOR RESALE
INSERTED DETAIL,,Place,DLO Services,HEINEKEN UK,997.19,BAR PROVISIONS FOR RESALE
INSERTED DETAIL,,Place,DLO Services,HEINEKEN UK,559.26,BAR PROVISIONS FOR RESALE
INSERTED DETAIL,,Place,DLO Services,HEINEKEN UK,897.31,BAR PROVISIONS FOR RESALE
INSERTED DETAIL,,Place,DLO Services,HEINEKEN UK,1933.75,BAR PROVISIONS FOR RESALE
INSERTED DETAIL,,Place,DLO Services,HEINEKEN UK,573.71,BAR PROVISIONS FOR RESALE
INSERTED DETAIL,,Place,DLO Services,HOPWELLS LIMITED,575.48,CATERING PROVISIONS
INSERTED DETAIL,,Place,DLO Services,HOPWELLS LIMITED,531.93,CATERING PROVISIONS
INSERTED DETAIL,,Place,DLO Services,HOPWELLS LIMITED,519.11,CATERING PROVISIONS
INSERTED DETAIL,,Place,DLO Services,HPS MAINTENANCE & RESTORATION LTD,1856.00,DIRECT CHARGES - CONTRACTORS
INSERTED DETAIL,,Place,DLO Services,INTERACTIVE PROJECTS & DESIGN LTD,978.20,DIRECT CHARGES - CONTRACTORS
INSERTED DETAIL,,Place,DLO Services,J FREELEY LIMITED,28548.32,DIRECT CHARGES - CONTRACTORS
INSERTED DETAIL,,Place,DLO Services,J L FARRINGTON T/A TAYLORS TILES,1733.29,DIRECT CHARGES - CONTRACTORS
INSERTED DETAIL,,Place,DLO Services,J L FARRINGTON T/A TAYLORS TILES,2933.77,DIRECT CHARGES - CONTRACTORS
INSERTED DETAIL,,Place,DLO Services,J L FARRINGTON T/A TAYLORS TILES,2079.27,DIRECT CHARGES - CONTRACTORS
INSERTED DETAIL,,Place,DLO Services,JACK TIGHE DECORATING LTD,1034.74,DIRECT CHARGES - CONTRACTORS
INSERTED DETAIL,,Place,DLO Services,LORD HIRE CENTRES,1470.00,EQUIPMENT
INSERTED DETAIL,,Place,DLO Services,LS SYSTEMS LTD,25589.76,Containers
INSERTED DETAIL,,Place,DLO Services,LUCY ZODION LTD,868.50,STORES PURCHASES (DLO)
INSERTED DETAIL,,Place,DLO Services,LYTESTREAM ELECTRICAL CONTRACTORS,919.52,DIRECT CHARGES - CONTRACTORS
INSERTED DETAIL,,Place,DLO Services,LYTESTREAM ELECTRICAL CONTRACTORS,4302.16,DIRECT CHARGES - CONTRACTORS
INSERTED DETAIL,,Place,DLO Services,M H LAVERICK & PARTNERS,804.00,DIRECT CHARGES - CONTRACTORS
INSERTED DETAIL,,Place,DLO Services,MAINTEL HOLDINGS PLC,650.57,TELEPHONE COSTS
INSERTED DETAIL,,Place,DLO Services,MANSE MASTERDOR  LTD,12354.51,DIRECT CHARGES - MATERIALS (DLO)
INSERTED DETAIL,,Place,DLO Services,MANSE MASTERDOR  LTD,662.00,STORES PURCHASES (DLO)
INSERTED DETAIL,,Place,DLO Services,MGM LTD,2457.00,DIRECT CHARGES - CONTRACTORS
INSERTED DETAIL,,Place,DLO Services,MITIE PROPERTY SERVICES (NORTH EAST) LTD,9971.43,DIRECT CHARGES - CONTRACTORS
INSERTED DETAIL,,Place,DLO Services,MITIE PROPERTY SERVICES (NORTH EAST) LTD,1313.00,DIRECT CHARGES - CONTRACTORS
INSERTED DETAIL,,Place,DLO Services,MKM BUILDING SUPPLIES (HULL) LTD,563.25,DIRECT CHARGES - MATERIALS (DLO)
INSERTED DETAIL,,Place,DLO Services,MKM BUILDING SUPPLIES (HULL) LTD,693.36,DIRECT CHARGES - MATERIALS (DLO)
INSERTED DETAIL,,Place,DLO Services,MKM BUILDING SUPPLIES (HULL) LTD,728.64,DIRECT CHARGES - MATERIALS (DLO)
INSERTED DETAIL,,Place,DLO Services,MKM BUILDING SUPPLIES (HULL) LTD,550.00,STORES PURCHASES (DLO)
INSERTED DETAIL,,Place,DLO Services,MR J MALONEY T/A STUMP MUNCHER,500.00,DIRECT CHARGES - CONTRACTORS
INSERTED DETAIL,,Place,DLO Services,MRC ROADS LIMITED,2536.79,DIRECT CHARGES - CONTRACTORS
INSERTED DETAIL,,Place,DLO Services,MRC ROADS LIMITED,1024.00,DIRECT CHARGES - CONTRACTORS
INSERTED DETAIL,,Place,DLO Services,MRC ROADS LIMITED,1250.00,DIRECT CHARGES - CONTRACTORS
INSERTED DETAIL,,Place,DLO Services,MRC ROADS LIMITED,2914.02,DIRECT CHARGES - CONTRACTORS
INSERTED DETAIL,,Place,DLO Services,NES SERVICES LTD,4667.12,DIRECT CHARGES - CONTRACTORS
INSERTED DETAIL,,Place,DLO Services,NETA TRAINING GROUP,500.00,EMPLOYEE TRAINING COURSE COSTS
INSERTED DETAIL,,Place,DLO Services,NETA TRAINING GROUP,500.00,EMPLOYEE TRAINING COURSE COSTS
INSERTED DETAIL,,Place,DLO Services,NEW ROW FARM NURSERIES,818.25,"Plantpots, Trees & Shrubs"
INSERTED DETAIL,,Place,DLO Services,NORTHUMBRIAN WATER,3430.10,WATER CHARGES
INSERTED DETAIL,,Place,DLO Services,OPTIMUM,2540.00,DIRECT CHARGES - CONTRACTORS
INSERTED DETAIL,,Place,DLO Services,PREMIER TRAFFIC MANAGEMENT,597.76,DIRECT CHARGES - CONTRACTORS
INSERTED DETAIL,,Place,DLO Services,PREMIER TRAFFIC MANAGEMENT,812.00,DIRECT CHARGES - CONTRACTORS
INSERTED DETAIL,,Place,DLO Services,PREMIER TRAFFIC MANAGEMENT,4254.00,DIRECT CHARGES - CONTRACTORS
INSERTED DETAIL,,Place,DLO Services,RANDSTAD CPE LTD,845.08,AGENCY STAFF COSTS - NON TEACHING
INSERTED DETAIL,,Place,DLO Services,RANDSTAD CPE LTD,519.82,AGENCY STAFF COSTS - NON TEACHING
INSERTED DETAIL,,Place,DLO Services,RENNYCO LTD,800.00,DIRECT CHARGES - CONTRACTORS
INSERTED DETAIL,,Place,DLO Services,RIDER INDUSTRIAL & SPECIALIST CLEANING,1739.50,DIRECT CHARGES - CONTRACTORS
INSERTED DETAIL,,Place,DLO Services,RIDER INDUSTRIAL & SPECIALIST CLEANING,1739.50,DIRECT CHARGES - CONTRACTORS
INSERTED DETAIL,,Place,DLO Services,RIDER INDUSTRIAL & SPECIALIST CLEANING,620.00,DIRECT CHARGES - CONTRACTORS
INSERTED DETAIL,,Place,DLO Services,RIDER INDUSTRIAL & SPECIALIST CLEANING,620.00,DIRECT CHARGES - CONTRACTORS
INSERTED DETAIL,,Place,DLO Services,RMS RECRUITMENT,1196.40,AGENCY STAFF COSTS - NON TEACHING
INSERTED DETAIL,,Place,DLO Services,RMS RECRUITMENT,1096.13,AGENCY STAFF COSTS - NON TEACHING
INSERTED DETAIL,,Place,DLO Services,RMS RECRUITMENT,1147.38,AGENCY STAFF COSTS - NON TEACHING
INSERTED DETAIL,,Place,DLO Services,RMS RECRUITMENT,1113.81,AGENCY STAFF COSTS - NON TEACHING
INSERTED DETAIL,,Place,DLO Services,RMS RECRUITMENT,744.81,AGENCY STAFF COSTS - NON TEACHING
INSERTED DETAIL,,Place,DLO Services,RMS RECRUITMENT,2234.43,AGENCY STAFF COSTS - NON TEACHING
INSERTED DETAIL,,Place,DLO Services,RMS RECRUITMENT,532.06,AGENCY STAFF COSTS - NON TEACHING
INSERTED DETAIL,,Place,DLO Services,RMS RECRUITMENT,686.35,AGENCY STAFF COSTS - NON TEACHING
INSERTED DETAIL,,Place,DLO Services,RMS RECRUITMENT,4863.76,AGENCY STAFF COSTS - NON TEACHING
INSERTED DETAIL,,Place,DLO Services,RMS RECRUITMENT,572.02,AGENCY STAFF COSTS - NON TEACHING
INSERTED DETAIL,,Place,DLO Services,RMS RECRUITMENT,508.40,AGENCY STAFF COSTS - NON TEACHING
INSERTED DETAIL,,Place,DLO Services,RMS RECRUITMENT,534.28,AGENCY STAFF COSTS - NON TEACHING
INSERTED DETAIL,,Place,DLO Services,RMS RECRUITMENT,546.49,AGENCY STAFF COSTS - NON TEACHING
INSERTED DETAIL,,Place,DLO Services,S & I STRUCTURES,1406.16,DIRECT CHARGES - CONTRACTORS
INSERTED DETAIL,,Place,DLO Services,S & I STRUCTURES,780.00,DIRECT CHARGES - CONTRACTORS
INSERTED DETAIL,,Place,DLO Services,S & I STRUCTURES,2130.00,DIRECT CHARGES - CONTRACTORS
INSERTED DETAIL,,Place,DLO Services,S & I STRUCTURES,530.00,DIRECT CHARGES - CONTRACTORS
INSERTED DETAIL,,Place,DLO Services,S & I STRUCTURES,545.00,DIRECT CHARGES - MATERIALS (DLO)
INSERTED DETAIL,,Place,DLO Services,S & I STRUCTURES,3000.00,DIRECT CHARGES - CONTRACTORS
INSERTED DETAIL,,Place,DLO Services,SHERBURN STONE CO LTD,577.98,DIRECT CHARGES - MATERIALS (DLO)
INSERTED DETAIL,,Place,DLO Services,SHERBURN STONE CO LTD,660.75,DIRECT CHARGES - MATERIALS (DLO)
INSERTED DETAIL,,Place,DLO Services,SIBCAS LTD,1040.00,DIRECT CHARGES - MATERIALS (DLO)
INSERTED DETAIL,,Place,DLO Services,SIEMENS FINANCIAL SERVICES LTD,44893.17,LEASING CHARGES
INSERTED DETAIL,,Place,DLO Services,SIMMON SIGNS,679.32,DIRECT CHARGES - MATERIALS (DLO)
INSERTED DETAIL,,Place,DLO Services,SIMMON SIGNS,621.52,DIRECT CHARGES - MATERIALS (DLO)
INSERTED DETAIL,,Place,DLO Services,SIMMON SIGNS,927.80,DIRECT CHARGES - MATERIALS (DLO)
INSERTED DETAIL,,Place,DLO Services,SPRINGS ROOFING LTD,1650.00,DIRECT CHARGES - CONTRACTORS
INSERTED DETAIL,,Place,DLO Services,STOBBS WHOLESALERS,648.45,CATERING PROVISIONS
INSERTED DETAIL,,Place,DLO Services,STONEGRAVE AGGREGATES LTD,896.90,DIRECT CHARGES - MATERIALS (DLO)
INSERTED DETAIL,,Place,DLO Services,STONEGRAVE AGGREGATES LTD,12302.68,DIRECT CHARGES - MATERIALS (DLO)
INSERTED DETAIL,,Place,DLO Services,STONEGRAVE AGGREGATES LTD,1034.02,DIRECT CHARGES - MATERIALS (DLO)
INSERTED DETAIL,,Place,DLO Services,STONEGRAVE AGGREGATES LTD,4315.68,DIRECT CHARGES - MATERIALS (DLO)
INSERTED DETAIL,,Place,DLO Services,TABNER PLASTERERS LTD,6002.71,DIRECT CHARGES - CONTRACTORS
INSERTED DETAIL,,Place,DLO Services,TARMAC LTD,10414.49,DIRECT CHARGES - CONTRACTORS
INSERTED DETAIL,,Place,DLO Services,TARMAC LTD,4248.40,DIRECT CHARGES - MATERIALS (DLO)
INSERTED DETAIL,,Place,DLO Services,TARMAC LTD,14311.47,DIRECT CHARGES - CONTRACTORS
INSERTED DETAIL,,Place,DLO Services,TARMAC LTD,51870.83,DIRECT CHARGES - CONTRACTORS
INSERTED DETAIL,,Place,DLO Services,TARMAC LTD,43090.28,DIRECT CHARGES - CONTRACTORS
INSERTED DETAIL,,Place,DLO Services,THE SYMPHONY GROUP PLC,584.16,DIRECT CHARGES - MATERIALS (DLO)
INSERTED DETAIL,,Place,DLO Services,TONY WARD PLANT HIRE (T W DEVELOPMENTS),912.00,DIRECT CHARGES - CONTRACTORS
INSERTED DETAIL,,Place,DLO Services,TONY WARD PLANT HIRE (T W DEVELOPMENTS),608.00,DIRECT CHARGES - CONTRACTORS
INSERTED DETAIL,,Place,DLO Services,TONY WARD PLANT HIRE (T W DEVELOPMENTS),702.00,DIRECT CHARGES - CONTRACTORS
INSERTED DETAIL,,Place,DLO Services,TONY WARD PLANT HIRE (T W DEVELOPMENTS),912.00,DIRECT CHARGES - CONTRACTORS
INSERTED DETAIL,,Place,DLO Services,TRADESLINK ASBESTOS SERVICES LTD,6694.52,AGENCY STAFF COSTS - NON TEACHING
INSERTED DETAIL,,Place,DLO Services,TRADESLINK ASBESTOS SERVICES LTD,5204.64,AGENCY STAFF COSTS - NON TEACHING
INSERTED DETAIL,,Place,DLO Services,TRADESLINK ASBESTOS SERVICES LTD,2399.70,AGENCY STAFF COSTS - NON TEACHING
INSERTED DETAIL,,Place,DLO Services,TRADESLINK ASBESTOS SERVICES LTD,5077.52,AGENCY STAFF COSTS - NON TEACHING
INSERTED DETAIL,,Place,DLO Services,TRADESLINK ASBESTOS SERVICES LTD,1795.80,AGENCY STAFF COSTS - NON TEACHING
INSERTED DETAIL,,Place,DLO Services,V & T (PLUMBING CENTRAL HEATING & BATHROOMS) LTD T/A AQUA INTERIORS,15323.43,DIRECT CHARGES - CONTRACTORS
INSERTED DETAIL,,Place,DLO Services,WALTER FORSHAW LTD,20892.70,DIRECT CHARGES - CONTRACTORS
INSERTED DETAIL,,Place,DLO Services,WAVERLEY VINTERS LTD (scottish courage),588.77,BAR PROVISIONS FOR RESALE
INSERTED DETAIL,,Place,DLO Services,WERNICK HIRE LTD,708.56,DIRECT CHARGES - MATERIALS (DLO)
INSERTED DETAIL,,Place,DLO Services,WESTWOOD TIMBER & FENCING,9365.47,DIRECT CHARGES - CONTRACTORS
INSERTED DETAIL,,Place,DLO Services,WESTWOOD TIMBER & FENCING,22303.82,DIRECT CHARGES - CONTRACTORS
INSERTED DETAIL,,Place,DLO Services,WESTWOOD TIMBER & FENCING,9365.47,DIRECT CHARGES - CONTRACTORS
INSERTED DETAIL,,Place,DLO Services,WESTWOOD TIMBER & FENCING,22303.82,DIRECT CHARGES - CONTRACTORS
INSERTED DETAIL,,Place,DLO Services,WOLSELEY UK LTD,714.30,STORES PURCHASES (DLO)
INSERTED DETAIL,,Place,DLO Services,WOLSELEY UK LTD,714.50,STORES PURCHASES (DLO)
INSERTED DETAIL,,Place,DLO Services,WYNYARD CONCIERGE SERVICES LTD,9030.30,DIRECT CHARGES - CONTRACTORS
INSERTED DETAIL,,Place,DLO Services,ZENITH,1460.00,DIRECT CHARGES - MATERIALS (DLO)
INSERTED DETAIL,,Place,Environmental Services,BANK OF SCOTLAND CORPORATE ASSET FINANCE,1421.73,R&M (VEHICLES)
INSERTED DETAIL,,Place,Environmental Services,BOURNE AMENITY LIMITED,1987.50,Other Supplies & Services
INSERTED DETAIL,,Place,Environmental Services,BRITISH HEART FOUNDATION,769.40,Refuse Services
INSERTED DETAIL,,Place,Environmental Services,DAWSONRENTALS SWEEPERS,1715.00,VEHICLE HIRE
INSERTED DETAIL,,Place,Environmental Services,DAWSONRENTALS SWEEPERS,1715.00,VEHICLE HIRE
INSERTED DETAIL,,Place,Environmental Services,DAWSONRENTALS SWEEPERS,1715.00,VEHICLE HIRE
INSERTED DETAIL,,Place,Environmental Services,DAWSONRENTALS SWEEPERS,1715.00,VEHICLE HIRE
INSERTED DETAIL,,Place,Environmental Services,DAWSONRENTALS SWEEPERS,1715.00,VEHICLE HIRE
INSERTED DETAIL,,Place,Environmental Services,DAWSONRENTALS SWEEPERS,1715.00,VEHICLE HIRE
INSERTED DETAIL,,Place,Environmental Services,DEERNESS KENNELS,906.60,COMMISSIONS & OTHER SERVICES
INSERTED DETAIL,,Place,Environmental Services,DEERNESS KENNELS,906.60,COMMISSIONS & OTHER SERVICES
INSERTED DETAIL,,Place,Environmental Services,GROUNDWORK NORTH EAST,1235.00,AGENCY STAFF COSTS - NON TEACHING
INSERTED DETAIL,,Place,Environmental Services,GROUNDWORK NORTH EAST,1344.00,3rd Part Apprentices
INSERTED DETAIL,,Place,Environmental Services,MR J MALONEY T/A STUMP MUNCHER,600.00,PLANT HIRE
INSERTED DETAIL,,Place,Environmental Services,RMS RECRUITMENT,865.80,AGENCY STAFF COSTS - NON TEACHING
INSERTED DETAIL,,Place,Environmental Services,STONEGRAVE AGGREGATES LTD,297294.27,Waste Management
INSERTED DETAIL,,Place,Environmental Services,STONEGRAVE AGGREGATES LTD,2001.66,Waste Management
INSERTED DETAIL,,Place,Environmental Services,TEMP-TEAM LIMITED,581.64,Other Supplies & Services
INSERTED DETAIL,,Place,Environmental Services,WYBONE LTD,1222.25,EQUIPMENT
INSERTED DETAIL,,Place,Environmental Services,WYBONE LTD,3000.00,Other Supplies & Services
INSERTED DETAIL,,Place,Environmental Services,WYBONE LTD,935.40,Other Supplies & Services
INSERTED DETAIL,,Place,Highway Asset Management,NORTHERN POWERGRID (NORTHEAST) LTD,2787.12,Routine Maintenance
INSERTED DETAIL,,Place,Highway Asset Management,NPOWER,46335.71,CCTV MONITORING CHARGE
INSERTED DETAIL,,Place,Highway Network Management,DIRECT SIGNS (NORTHERN) LTD,1420.68,Other Supplies & Services
INSERTED DETAIL,,Place,Highway Network Management,HATTON TRAFFIC MANAGEMENT LTD,555.00,Other Supplies & Services
INSERTED DETAIL,,Place,Highway Network Management,MRC ROADS LIMITED,2568.63,SIGNAGE
INSERTED DETAIL,,Place,Highway Network Management,MRC ROADS LIMITED,1169.00,SIGNAGE
INSERTED DETAIL,,Place,Highway Network Management,NPOWER,1114.00,ELECTRICITY
INSERTED DETAIL,,Place,Joint Leveys & Boards,ENVIRONMENT AGENCY,22131.75,Contributions/Donations
INSERTED DETAIL,,Place,Programme & Projects,AECOM LIMITED,77998.00,PROFESSIONAL FEES & CONSULTANCY
INSERTED DETAIL,,Place,Programme & Projects,ARRIVA NORTH EAST LIMITED,2200.50,Other Supplies & Services
INSERTED DETAIL,,Place,Programme & Projects,ARRIVA NORTH EAST LIMITED,20748.08,Other Supplies & Services
INSERTED DETAIL,,Place,Programme & Projects,ARRIVA NORTH EAST LIMITED,2108.76,Other Supplies & Services
INSERTED DETAIL,,Place,Regulatory Services,DISCLOSURE & BARRING SERVICE,616.00,CRB CHECKS
INSERTED DETAIL,,Place,Regulatory Services,HMCTS,4000.00,Other Supplies & Services
INSERTED DETAIL,,Place,Regulatory Services,IMPERIAL CIVIL ENFORCEMENT SOLUTIONS LTD,9918.29,ICT SOFTWARE PURCHASE
INSERTED DETAIL,,Place,Regulatory Services,KONICA MINOLTA BUSINESS SOLUTIONS EAST LTD,1777.34,PRINTING
INSERTED DETAIL,,Place,Regulatory Services,METRIC GROUP LIMITED,2376.36,"EQUPMENT, REPAIRS, SERVICE & INSURANCE (CURRICULUM)"
INSERTED DETAIL,,Place,Regulatory Services,NORTHUMBRIAN WATER,2460.00,WATER CHARGES
INSERTED DETAIL,,Place,Regulatory Services,NORTHUMBRIAN WATER,1317.00,WATER CHARGES
INSERTED DETAIL,,Place,Regulatory Services,NORTHUMBRIAN WATER,1317.00,WATER CHARGES
INSERTED DETAIL,,Place,Regulatory Services,NORTHUMBRIAN WATER,1317.00,WATER CHARGES
INSERTED DETAIL,,Place,Regulatory Services,NORTHUMBRIAN WATER,2460.00,WATER CHARGES
INSERTED DETAIL,,Place,Regulatory Services,NORTHUMBRIAN WATER,2460.00,WATER CHARGES
INSERTED DETAIL,,Place,Regulatory Services,NORTHUMBRIAN WATER,2460.00,WATER CHARGES
INSERTED DETAIL,,Place,Regulatory Services,NORTHUMBRIAN WATER,906.55,WATER CHARGES
INSERTED DETAIL,,Place,Regulatory Services,NORTHUMBRIAN WATER,1317.00,WATER CHARGES
INSERTED DETAIL,,Place,Regulatory Services,NSL LIMITED,4537.61,SECURITY SERVICES
INSERTED DETAIL,,Place,Transport & Building Cleaning,ATS EUROMASTER LTD,561.28,MATERIALS
INSERTED DETAIL,,Place,Transport & Building Cleaning,DAWSONRENTALS SWEEPERS,823.97,MATERIALS
INSERTED DETAIL,,Place,Transport & Building Cleaning,DENNIS EAGLE LTD,678.00,MATERIALS
INSERTED DETAIL,,Place,Transport & Building Cleaning,E A CLAYTON LTD,2700.00,MATERIALS
INSERTED DETAIL,,Place,Transport & Building Cleaning,GB OILS T/A BRETT FUELS,4425.20,VEHICLE FUEL
INSERTED DETAIL,,Place,Transport & Building Cleaning,GB OILS T/A BRETT FUELS,25743.74,VEHICLE FUEL
INSERTED DETAIL,,Place,Transport & Building Cleaning,GB OILS T/A BRETT FUELS,2102.10,VEHICLE FUEL
INSERTED DETAIL,,Place,Transport & Building Cleaning,GEMCO UK,1263.37,MATERIALS
INSERTED DETAIL,,Place,Transport & Building Cleaning,NORTH EAST TRUCK & VAN LTD,999.30,MATERIALS
INSERTED DETAIL,,Place,Transport & Building Cleaning,NORTH EAST WINDSCREENS,656.07,MATERIALS
INSERTED DETAIL,,Place,Transport & Building Cleaning,NORTHGATE VEHICLE HIRE LIMITED,523.25,MATERIALS
INSERTED DETAIL,,Place,Transport & Building Cleaning,NORTHGATE VEHICLE HIRE LIMITED,1773.85,MATERIALS
INSERTED DETAIL,,Place,Transport & Building Cleaning,NORTHGATE VEHICLE HIRE LIMITED,513.02,VEHICLE HIRE
INSERTED DETAIL,,Place,Transport & Building Cleaning,NORTHGATE VEHICLE HIRE LIMITED,650.00,MATERIALS
INSERTED DETAIL,,Place,Transport & Building Cleaning,NORTHGATE VEHICLE HIRE LIMITED,902.38,MATERIALS
INSERTED DETAIL,,Place,Transport & Building Cleaning,NORTHGATE VEHICLE HIRE LIMITED,1614.52,MATERIALS
INSERTED DETAIL,,Place,Transport & Building Cleaning,NORTHGATE VEHICLE HIRE LIMITED,1419.58,MATERIALS
INSERTED DETAIL,,Place,Transport & Building Cleaning,POST OFFICE  LTD,2935.00,ROAD FUND TAX
INSERTED DETAIL,,Place,Transport & Building Cleaning,SHERWOODS (DARLINGTON) LTD,1932.00,MATERIALS
INSERTED DETAIL,,Place,Housing,ARGYLL GUEST HOUSE,1380.00,BOARD & LODGINGS FOR HOMELESS CLIENTS
INSERTED DETAIL,,Place,Housing,MAGNET SOLUTIONS LTD,995.00,ICT SOFTWARE SUPPORT & MAINTENANCE
INSERTED DETAIL,,Place,Housing,NORTHGATE INFORMATION SOLUTIONS,8000.00,ICT HARDWARE SUPPORT & MAINTENANCE
INSERTED DETAIL,,Place,Housing,NORTHGATE INFORMATION SOLUTIONS,1160.00,PROFESSIONAL FEES & CONSULTANCY
INSERTED DETAIL,,Place,Housing,NORTHGATE PUBLIC SECTOR LIMITED,1059.00,ICT HARDWARE SUPPORT & MAINTENANCE
INSERTED DETAIL,,Place,Housing,SCHOTT REMOVALS TRANSPORT LTD,565.25,REMOVAL COSTS - CLIENT MOVES
INSERTED DETAIL,,Place,Housing,TAMESIDE M.B.C.,4583.00,SUBSCRIPTIONS
INSERTED DETAIL,,Place,Housing Revenue Account,ANGEL HUMAN RESOURCES PLC (LDS RECRUITME,503.16,AGENCY STAFF COSTS - NON TEACHING
INSERTED DETAIL,,Place,Housing Revenue Account,INSTITUTE OF PUBLIC FINANCE LTD,1050.00,MEMBERSHIPS
INSERTED DETAIL,,Place,Housing Revenue Account,NORTHERN HOUSING  CONSORTIUM LTD,2234.00,MEMBERSHIPS
INSERTED DETAIL,,Place,Housing Revenue Account,NORTHGATE INFORMATION SOLUTIONS,1104.00,Responsive Repairs (General)
INSERTED DETAIL,,Place,Housing Revenue Account,NORTHUMBRIAN WATER,1626.00,WATER CHARGES
INSERTED DETAIL,,Place,Housing Revenue Account,NPOWER,901.00,ELECTRICITY
INSERTED DETAIL,,Place,Housing Revenue Account,NPOWER NORTHERN LTD,944.33,ELECTRICITY
INSERTED DETAIL,,Place,Housing Revenue Account,NPOWER NORTHERN LTD,655.97,ELECTRICITY
INSERTED DETAIL,,Place,Housing Revenue Account,NPOWER NORTHERN LTD,1043.12,ELECTRICITY
INSERTED DETAIL,,Place,Housing Revenue Account,SCHOTT REMOVALS TRANSPORT LTD,541.00,REMOVAL COSTS - CLIENT MOVES
INSERTED DETAIL,,Place,Housing Revenue Account,SITEXORBIS LTD,6476.34,Responsive-Empty Hse Security
INSERTED DETAIL,,Place,Housing Revenue Account,SITEXORBIS LTD,4800.52,Responsive-Empty Hse Security
INSERTED DETAIL,,People,Adults Social Care,AGE UK DARLINGTON,4570.00,Day Care - Private Contractors
INSERTED DETAIL,,People,Adults Social Care,ANGEL HUMAN RESOURCES PLC (LDS RECRUITME,549.51,AGENCY STAFF COSTS - NON TEACHING
INSERTED DETAIL,,People,Adults Social Care,BLUECARE,810.00,AGENCY STAFF COSTS - NON TEACHING
INSERTED DETAIL,,People,Adults Social Care,BUTTERWICK LIMITED,840.00,EQUIPMENT
INSERTED DETAIL,,People,Adults Social Care,BUTTERWICK LIMITED,1680.00,EQUIPMENT
INSERTED DETAIL,,People,Adults Social Care,CHAPTERS CARE LIMITED,761.72,AGENCY STAFF COSTS - NON TEACHING
INSERTED DETAIL,,People,Adults Social Care,CORNERSTONE LTD (RESIDENTIAL CARE),900.00,Respite
INSERTED DETAIL,,People,Adults Social Care,CORNERSTONE LTD (RESIDENTIAL CARE),900.00,Respite
INSERTED DETAIL,,People,Adults Social Care,CORNERSTONE LTD (RESIDENTIAL CARE),1350.00,Respite
INSERTED DETAIL,,People,Adults Social Care,DARLINGTON ASSOCIATION ON DISABILITY LTD,13795.84,PRIVATE CONTRACTORS
INSERTED DETAIL,,People,Adults Social Care,DARLINGTON ASSOCIATION ON DISABILITY LTD,2245.83,PRIVATE CONTRACTORS
INSERTED DETAIL,,People,Adults Social Care,DARLINGTON ASSOCIATION ON DISABILITY LTD,2245.83,PRIVATE CONTRACTORS
INSERTED DETAIL,,People,Adults Social Care,DARLINGTON ASSOCIATION ON DISABILITY LTD,13795.84,PRIVATE CONTRACTORS
INSERTED DETAIL,,People,Adults Social Care,DARLINGTON ASSOCIATION ON DISABILITY LTD,6000.00,PRIVATE CONTRACTORS
INSERTED DETAIL,,People,Adults Social Care,DARLINGTON PROPERTIES LTD,3087.50,RENT OF FACILITIES
INSERTED DETAIL,,People,Adults Social Care,GREEN LINK (NORTH EAST),823.36,EXTERNAL COURIER SERVICE
INSERTED DETAIL,,People,Adults Social Care,HAYS SPECIALIST SERVICES,965.60,AGENCY STAFF COSTS - NON TEACHING
INSERTED DETAIL,,People,Adults Social Care,HAYS SPECIALIST SERVICES,962.00,AGENCY STAFF COSTS - NON TEACHING
INSERTED DETAIL,,People,Adults Social Care,HBHC SYNERGY LIMITED,728.32,AGENCY STAFF COSTS - NON TEACHING
INSERTED DETAIL,,People,Adults Social Care,INITIAL WASHROOM SOLUTIONS,679.29,HYGIENE SERVICES
INSERTED DETAIL,,People,Adults Social Care,M H GORMAN (electrician),680.00,CLIENT HOME ADAPTATIONS - PRIVATE HOUSING
INSERTED DETAIL,,People,Adults Social Care,MENTAL HEALTH MATTERS,17191.50,PRIVATE CONTRACTORS
INSERTED DETAIL,,People,Adults Social Care,MORGAN HUNT UK LIMITED,900.00,AGENCY STAFF COSTS - NON TEACHING
INSERTED DETAIL,,People,Adults Social Care,MORGAN HUNT UK LIMITED,675.00,AGENCY STAFF COSTS - NON TEACHING
INSERTED DETAIL,,People,Adults Social Care,MORGAN HUNT UK LIMITED,675.00,AGENCY STAFF COSTS - NON TEACHING
INSERTED DETAIL,,People,Adults Social Care,MORGAN HUNT UK LIMITED,675.00,AGENCY STAFF COSTS - NON TEACHING
INSERTED DETAIL,,People,Adults Social Care,NORTHGATE PUBLIC SECTOR LIMITED,625.60,PROFESSIONAL FEES & CONSULTANCY
INSERTED DETAIL,,People,Adults Social Care,NORTHGATE PUBLIC SECTOR LIMITED,920.00,PROFESSIONAL FEES & CONSULTANCY
INSERTED DETAIL,,People,Adults Social Care,NORTHUMBRIAN WATER,679.98,WATER CHARGES
INSERTED DETAIL,,People,Adults Social Care,NORTHUMBRIAN WATER,574.44,WATER CHARGES
INSERTED DETAIL,,People,Adults Social Care,PIN POINT RECRUITMENT,542.22,AGENCY STAFF COSTS - NON TEACHING
INSERTED DETAIL,,People,Adults Social Care,PREMIER COMMUNITY CARE LTD,930.20,Home Care - Private Contractor
INSERTED DETAIL,,People,Adults Social Care,PREMIER COMMUNITY CARE LTD,1028.22,Home Care - Private Contractor
INSERTED DETAIL,,People,Adults Social Care,PREMIER COMMUNITY CARE LTD,1028.22,Home Care - Private Contractor
INSERTED DETAIL,,People,Adults Social Care,PREMIER COMMUNITY CARE LTD,995.56,Home Care - Private Contractor
INSERTED DETAIL,,People,Adults Social Care,PREMIER COMMUNITY CARE LTD,930.20,Home Care - Private Contractor
INSERTED DETAIL,,People,Adults Social Care,REED SPECIALIST RECRUITMENT LTD,1264.00,AGENCY STAFF COSTS - NON TEACHING
INSERTED DETAIL,,People,Adults Social Care,RIG SOCIAL CARE RECRUIT LTD,1154.03,AGENCY STAFF COSTS - NON TEACHING
INSERTED DETAIL,,People,Adults Social Care,SANCTUARY PERSONNEL LTD,1233.40,AGENCY STAFF COSTS - NON TEACHING
INSERTED DETAIL,,People,Adults Social Care,SERVOCA NURSING & CARE,1347.50,Home Care - Private Contractor
INSERTED DETAIL,,People,Adults Social Care,SERVOCA NURSING & CARE,2075.00,Home Care - Private Contractor
INSERTED DETAIL,,People,Adults Social Care,VISUALEYES,1039.20,VISUAL EQUIPMENT
INSERTED DETAIL,,People,Childrens Social Care,1AB TAXIS LTD,704.34,CONTRACT HIRE
INSERTED DETAIL,,People,Childrens Social Care,1AB TAXIS LTD,816.00,CONTRACT HIRE
INSERTED DETAIL,,People,Childrens Social Care,1AB TAXIS LTD,1320.00,CONTRACT HIRE
INSERTED DETAIL,,People,Childrens Social Care,ACORN CARE (UK) LIMITED,5850.00,EXTERNAL PLACEMENTS
INSERTED DETAIL,,People,Childrens Social Care,ACORN CARE (UK) LIMITED,12535.71,EXTERNAL PLACEMENTS
INSERTED DETAIL,,People,Childrens Social Care,ADT FIRE & SECURITY PLC,658.98,Repairs - Fire Alarms
INSERTED DETAIL,,People,Childrens Social Care,AMANDA THOMAS,1775.00,PROFESSIONAL FEES & CONSULTANCY
INSERTED DETAIL,,People,Childrens Social Care,AMANDA THOMAS,550.00,PROFESSIONAL FEES & CONSULTANCY
INSERTED DETAIL,,People,Childrens Social Care,ANYTIME TRAVEL OF DARLINGTON,1254.44,CONTRACT HIRE
INSERTED DETAIL,,People,Childrens Social Care,BARNARDO'S,7747.80,MATERIALS
INSERTED DETAIL,,People,Childrens Social Care,BHP LAW,2010.00,PROFESSIONAL FEES & CONSULTANCY
INSERTED DETAIL,,People,Childrens Social Care,BROWNING HOUSE FAMILY ASSESSMENT CENTRE,11828.56,MATERIALS
INSERTED DETAIL,,People,Childrens Social Care,BROWNING HOUSE FAMILY ASSESSMENT CENTRE,18000.00,MATERIALS
INSERTED DETAIL,,People,Childrens Social Care,CAREWORKS LTD,5000.00,ICT HARDWARE PURCHASE
INSERTED DETAIL,,People,Childrens Social Care,CAREWORKS LTD,6950.00,ICT HARDWARE PURCHASE
INSERTED DETAIL,,People,Childrens Social Care,CENTRE FOR EDUCATION MANAGEMENT LTD,4210.91,LICENCES
INSERTED DETAIL,,People,Childrens Social Care,CITY OF NEWCASTLE UPON TYNE,6256.12,OTHER LOCAL AUTHORITIES
INSERTED DETAIL,,People,Childrens Social Care,COUNTY DURHAM & DARLINGTON ACUTE NHS,45248.75,PROFESSIONAL FEES & CONSULTANCY
INSERTED DETAIL,,People,Childrens Social Care,COUNTY DURHAM & DARLINGTON ACUTE NHS,2108.69,PCT Staffing
INSERTED DETAIL,,People,Childrens Social Care,COUNTY DURHAM & DARLINGTON ACUTE NHS,8437.78,PCT Staffing
INSERTED DETAIL,,People,Childrens Social Care,COUNTY DURHAM & DARLINGTON ACUTE NHS,4472.71,PCT Staffing
INSERTED DETAIL,,People,Childrens Social Care,COUNTY DURHAM & DARLINGTON ACUTE NHS,4668.42,PCT Staffing
INSERTED DETAIL,,People,Childrens Social Care,COUNTY DURHAM & DARLINGTON ACUTE NHS,2200.96,PCT Staffing
INSERTED DETAIL,,People,Childrens Social Care,COUNTY DURHAM & DARLINGTON ACUTE NHS,8806.97,PCT Staffing
INSERTED DETAIL,,People,Childrens Social Care,DARLINGTON & DISTRICT YTH COMM ASS,1912.68,CONTRACT HIRE
INSERTED DETAIL,,People,Childrens Social Care,DARLINGTON & DISTRICT YTH COMM ASS,2295.48,CONTRACT HIRE
INSERTED DETAIL,,People,Childrens Social Care,DARLINGTON & DISTRICT YTH COMM ASS,2486.44,CONTRACT HIRE
INSERTED DETAIL,,People,Childrens Social Care,DARLINGTON & DISTRICT YTH COMM ASS,1721.28,CONTRACT HIRE
INSERTED DETAIL,,People,Childrens Social Care,DARLINGTON & DISTRICT YTH COMM ASS,1418.12,CONTRACT HIRE
INSERTED DETAIL,,People,Childrens Social Care,DARLINGTON & DISTRICT YTH COMM ASS,1353.66,CONTRACT HIRE
INSERTED DETAIL,,People,Childrens Social Care,DARLINGTON ASSOCIATION ON DISABILITY LTD,5000.00,STUDENT SUPPORT
INSERTED DETAIL,,People,Childrens Social Care,DAVE ROGERSON,2200.00,PROFESSIONAL FEES & CONSULTANCY
INSERTED DETAIL,,People,Childrens Social Care,DONNELLY MCARDLE ADAMSON SOLICITORS,637.08,PROFESSIONAL FEES & CONSULTANCY
INSERTED DETAIL,,People,Childrens Social Care,DURHAM CONSTABULARY,9000.00,Contributions/Donations
INSERTED DETAIL,,People,Childrens Social Care,DURHAM CONSTABULARY,704.10,Other Supplies & Services
INSERTED DETAIL,,People,Childrens Social Care,DURHAM COUNTY COUNCIL (SCHOOLS' M I S),25619.73,EXTERNAL PLACEMENTS
INSERTED DETAIL,,People,Childrens Social Care,EDEN GROVE SCHOOL PRIORY,28494.40,INDEPENDENT PLACEMENTS
INSERTED DETAIL,,People,Childrens Social Care,ENTERPRISE TRAVEL,1742.84,CONTRACT HIRE
INSERTED DETAIL,,People,Childrens Social Care,EVOLUTION,1418.12,CONTRACT HIRE
INSERTED DETAIL,,People,Childrens Social Care,FAMILIES FOR CHILDREN,3597.30,EXTERNAL PLACEMENTS
INSERTED DETAIL,,People,Childrens Social Care,FOSTER CARE ASSOCIATES LTD,3596.00,EXTERNAL PLACEMENTS
INSERTED DETAIL,,People,Childrens Social Care,FOSTER CARE ASSOCIATES LTD,3596.00,EXTERNAL PLACEMENTS
INSERTED DETAIL,,People,Childrens Social Care,FOSTER CARE ASSOCIATES LTD,3813.00,EXTERNAL PLACEMENTS
INSERTED DETAIL,,People,Childrens Social Care,FOSTER CARE ASSOCIATES LTD,3813.00,MATERIALS
INSERTED DETAIL,,People,Childrens Social Care,FOSTER CARE ASSOCIATES LTD,8392.01,EXTERNAL PLACEMENTS
INSERTED DETAIL,,People,Childrens Social Care,FOSTER CARE ASSOCIATES LTD,6217.20,EXTERNAL PLACEMENTS
INSERTED DETAIL,,People,Childrens Social Care,FOSTER CARE ASSOCIATES LTD,3480.00,EXTERNAL PLACEMENTS
INSERTED DETAIL,,People,Childrens Social Care,FOSTER CARE ASSOCIATES LTD,1712.00,EXTERNAL PLACEMENTS
INSERTED DETAIL,,People,Childrens Social Care,FOSTER CARE ASSOCIATES LTD,1856.00,EXTERNAL PLACEMENTS
INSERTED DETAIL,,People,Childrens Social Care,FOSTER CARE ASSOCIATES LTD,8121.30,EXTERNAL PLACEMENTS
INSERTED DETAIL,,People,Childrens Social Care,FOSTER CARES LTD,799.00,EXTERNAL PLACEMENTS
INSERTED DETAIL,,People,Childrens Social Care,FOSTER CARES LTD,938.40,EXTERNAL PLACEMENTS
INSERTED DETAIL,,People,Childrens Social Care,FOSTER CARES LTD,1400.00,EXTERNAL PLACEMENTS
INSERTED DETAIL,,People,Childrens Social Care,FOSTER CARES LTD,918.00,EXTERNAL PLACEMENTS
INSERTED DETAIL,,People,Childrens Social Care,FOSTER CARES LTD,918.00,EXTERNAL PLACEMENTS
INSERTED DETAIL,,People,Childrens Social Care,FOSTER CARES LTD,1000.00,EXTERNAL PLACEMENTS
INSERTED DETAIL,,People,Childrens Social Care,FOSTERING NETWORK,502.61,SUBSCRIPTIONS
INSERTED DETAIL,,People,Childrens Social Care,FOSTERING NETWORK,528.20,SUBSCRIPTIONS
INSERTED DETAIL,,People,Childrens Social Care,FOSTERING OUTCOMES LIMITED,3360.60,EXTERNAL PLACEMENTS
INSERTED DETAIL,,People,Childrens Social Care,FOSTERING OUTCOMES LIMITED,3360.60,EXTERNAL PLACEMENTS
INSERTED DETAIL,,People,Childrens Social Care,FOSTERING PEOPLE LIMITED,3085.80,EXTERNAL PLACEMENTS
INSERTED DETAIL,,People,Childrens Social Care,FOSTERING PEOPLE LIMITED,3390.00,EXTERNAL PLACEMENTS
INSERTED DETAIL,,People,Childrens Social Care,FOSTERING PEOPLE LIMITED,3390.00,EXTERNAL PLACEMENTS
INSERTED DETAIL,,People,Childrens Social Care,HIGH GRANGE DAY NURSERY,553.47,GRANTS
INSERTED DETAIL,,People,Childrens Social Care,HIGH GRANGE DAY NURSERY,528.53,GRANTS
INSERTED DETAIL,,People,Childrens Social Care,J & C COACHES LTD,3848.44,CONTRACT HIRE
INSERTED DETAIL,,People,Childrens Social Care,JAMES LECKEY DESIGN LTD,2300.00,EQUIPMENT SPECIALIST CARE
INSERTED DETAIL,,People,Childrens Social Care,JOHN JACKSON,800.00,PROFESSIONAL FEES & CONSULTANCY
INSERTED DETAIL,,People,Childrens Social Care,KEYSTAGE RECRUITMENT LTD,925.00,AGENCY STAFF COSTS - NON TEACHING
INSERTED DETAIL,,People,Childrens Social Care,KEYSTAGE RECRUITMENT LTD,925.00,AGENCY STAFF COSTS - NON TEACHING
INSERTED DETAIL,,People,Childrens Social Care,KONICA MINOLTA BUSINESS SOLUTIONS EAST LTD,527.00,"EQUPMENT, REPAIRS, SERVICE & INSURANCE (CURRICULUM)"
INSERTED DETAIL,,People,Childrens Social Care,KONICA MINOLTA BUSINESS SOLUTIONS EAST LTD,827.64,EQUIPMENT
INSERTED DETAIL,,People,Childrens Social Care,LITTLE LINGFIELDS,693.33,CHILDCARE COSTS
INSERTED DETAIL,,People,Childrens Social Care,LITTLE LINGFIELDS,549.00,CHILDCARE COSTS
INSERTED DETAIL,,People,Childrens Social Care,LONDON BOROUGH OF RICHMOND UPON THAMES,3141.77,ADOPTION ALLOWANCE
INSERTED DETAIL,,People,Childrens Social Care,NEOPOST LTD (CREDIT),503.05,EQUIPMENT
INSERTED DETAIL,,People,Childrens Social Care,NEWSQUEST (YORKSHIRE & NORTH EAST) LTD,800.00,MARKETING & ADVERTISING
INSERTED DETAIL,,People,Childrens Social Care,NORTHUMBRIAN WATER,2533.44,WATER CHARGES
INSERTED DETAIL,,People,Childrens Social Care,OFSTED,2421.00,MEMBERSHIPS
INSERTED DETAIL,,People,Childrens Social Care,ORCHARD CARE NORTH EAST LTD,3000.00,EXTERNAL PLACEMENTS
INSERTED DETAIL,,People,Childrens Social Care,ORCHARD CARE NORTH EAST LTD,900.00,EXTERNAL PLACEMENTS
INSERTED DETAIL,,People,Childrens Social Care,OUTDOOR-AMBITION LTD,720.00,COURSE PURCHASE
INSERTED DETAIL,,People,Childrens Social Care,PROCTERS COACHES,2369.40,CONTRACT HIRE
INSERTED DETAIL,,People,Childrens Social Care,PUNCH ROBSON SOLICITORS,1258.60,PROFESSIONAL FEES & CONSULTANCY
INSERTED DETAIL,,People,Childrens Social Care,RACHEL HARRIS,919.00,EMPLOYEE TRAINING COURSE COSTS
INSERTED DETAIL,,People,Childrens Social Care,REACH OUT CARE LIMITED NO 2 A/C,5930.27,OFFICERS - OTHER
INSERTED DETAIL,,People,Childrens Social Care,REACH OUT CARE LIMITED NO 2 A/C,3081.00,EXTERNAL PLACEMENTS
INSERTED DETAIL,,People,Childrens Social Care,REACH OUT CARE LIMITED NO 2 A/C,2730.00,EXTERNAL PLACEMENTS
INSERTED DETAIL,,People,Childrens Social Care,REACH OUT CARE LIMITED NO 2 A/C,3081.00,EXTERNAL PLACEMENTS
INSERTED DETAIL,,People,Childrens Social Care,REACH OUT CARE LIMITED NO 2 A/C,5200.00,EXTERNAL PLACEMENTS
INSERTED DETAIL,,People,Childrens Social Care,REACH OUT CARE LIMITED NO 2 A/C,2836.17,EXTERNAL PLACEMENTS
INSERTED DETAIL,,People,Childrens Social Care,REACH OUT CARE LIMITED NO 2 A/C,2578.33,EXTERNAL PLACEMENTS
INSERTED DETAIL,,People,Childrens Social Care,REACH OUT CARE LIMITED NO 2 A/C,1772.67,OFFICERS - OTHER
INSERTED DETAIL,,People,Childrens Social Care,REACH OUT CARE LIMITED NO 2 A/C,2820.83,OFFICERS - OTHER
INSERTED DETAIL,,People,Childrens Social Care,REED BUSINESS INFORMATION LTD,555.00,AGENCY STAFF COSTS - NON TEACHING
INSERTED DETAIL,,People,Childrens Social Care,REED SPECIALIST RECRUITMENT LTD,555.00,AGENCY STAFF COSTS - NON TEACHING
INSERTED DETAIL,,People,Childrens Social Care,REED SPECIALIST RECRUITMENT LTD,555.00,AGENCY STAFF COSTS - NON TEACHING
INSERTED DETAIL,,People,Childrens Social Care,RUTH WATERHOUSE LTD,6678.25,PROFESSIONAL FEES & CONSULTANCY
INSERTED DETAIL,,People,Childrens Social Care,S & R CARS LTD,1287.20,CONTRACT HIRE
INSERTED DETAIL,,People,Childrens Social Care,SOLID SURFACE NORTH EAST LTD,1616.67,EQUIPMENT
INSERTED DETAIL,,People,Childrens Social Care,ST CUTHBERTS CARE,75582.00,EXTERNAL PLACEMENTS
INSERTED DETAIL,,People,Childrens Social Care,STUART TURNER,763.10,CONTRACT HIRE
INSERTED DETAIL,,People,Childrens Social Care,SWIIS FOSTER CARE LTD,949.75,EXTERNAL PLACEMENTS
INSERTED DETAIL,,People,Childrens Social Care,SWIIS FOSTER CARE LTD,702.00,MATERIALS
INSERTED DETAIL,,People,Childrens Social Care,SWIIS FOSTER CARE LTD,868.00,EXTERNAL PLACEMENTS
INSERTED DETAIL,,People,Childrens Social Care,SWIIS FOSTER CARE LTD,702.00,MATERIALS
INSERTED DETAIL,,People,Childrens Social Care,SWIIS FOSTER CARE LTD,857.00,EXTERNAL PLACEMENTS
INSERTED DETAIL,,People,Childrens Social Care,SWIIS FOSTER CARE LTD,814.15,EXTERNAL PLACEMENTS
INSERTED DETAIL,,People,Childrens Social Care,SWIIS FOSTER CARE LTD,949.75,EXTERNAL PLACEMENTS
INSERTED DETAIL,,People,Childrens Social Care,SWIIS FOSTER CARE LTD,702.00,MATERIALS
INSERTED DETAIL,,People,Childrens Social Care,SWIIS FOSTER CARE LTD,771.30,EXTERNAL PLACEMENTS
INSERTED DETAIL,,People,Childrens Social Care,SWIIS FOSTER CARE LTD,814.15,EXTERNAL PLACEMENTS
INSERTED DETAIL,,People,Childrens Social Care,SWIIS FOSTER CARE LTD,857.00,EXTERNAL PLACEMENTS
INSERTED DETAIL,,People,Childrens Social Care,SWIIS FOSTER CARE LTD,857.00,EXTERNAL PLACEMENTS
INSERTED DETAIL,,People,Childrens Social Care,SWIIS FOSTER CARE LTD,868.00,EXTERNAL PLACEMENTS
INSERTED DETAIL,,People,Childrens Social Care,SWIIS FOSTER CARE LTD,814.15,EXTERNAL PLACEMENTS
INSERTED DETAIL,,People,Childrens Social Care,SWIIS FOSTER CARE LTD,857.00,EXTERNAL PLACEMENTS
INSERTED DETAIL,,People,Childrens Social Care,SWIIS FOSTER CARE LTD,771.30,EXTERNAL PLACEMENTS
INSERTED DETAIL,,People,Childrens Social Care,SWIIS FOSTER CARE LTD,872.62,EXTERNAL PLACEMENTS
INSERTED DETAIL,,People,Childrens Social Care,SWIIS FOSTER CARE LTD,868.00,EXTERNAL PLACEMENTS
INSERTED DETAIL,,People,Childrens Social Care,SWIIS FOSTER CARE LTD,814.00,EXTERNAL PLACEMENTS
INSERTED DETAIL,,People,Childrens Social Care,SWIIS FOSTER CARE LTD,857.00,EXTERNAL PLACEMENTS
INSERTED DETAIL,,People,Childrens Social Care,SWIIS FOSTER CARE LTD,857.00,EXTERNAL PLACEMENTS
INSERTED DETAIL,,People,Childrens Social Care,SWIIS FOSTER CARE LTD,814.00,EXTERNAL PLACEMENTS
INSERTED DETAIL,,People,Childrens Social Care,SWIIS FOSTER CARE LTD,872.62,EXTERNAL PLACEMENTS
INSERTED DETAIL,,People,Childrens Social Care,TAYLOR'S TAXIS,1757.36,CONTRACT HIRE
INSERTED DETAIL,,People,Childrens Social Care,TEACHERS PENSIONS,1439.16,PENSION INCREASE PAY
INSERTED DETAIL,,People,Childrens Social Care,THE EDUCATIONAL GUIDANCE SERVICE LTD,1131.70,CONSULTANCY FEES
INSERTED DETAIL,,People,Childrens Social Care,THE SOCIAL RESOURCE CENTRE LIMITED,3683.61,Carers Vouchers
INSERTED DETAIL,,People,Childrens Social Care,THE SOCIAL RESOURCE CENTRE LIMITED,3631.68,OFFICERS - OTHER
INSERTED DETAIL,,People,Childrens Social Care,THE SOCIAL RESOURCE CENTRE LIMITED,3683.61,OFFICERS - OTHER
INSERTED DETAIL,,People,Childrens Social Care,TIM WILKINSON,1250.00,PROFESSIONAL FEES & CONSULTANCY
INSERTED DETAIL,,People,Childrens Social Care,UNITED TAXIS LTD,936.00,CONTRACT HIRE
INSERTED DETAIL,,People,Childrens Social Care,UNITED TAXIS LTD,793.06,CONTRACT HIRE
INSERTED DETAIL,,People,Childrens Social Care,UNITED TAXIS LTD,574.20,CONTRACT HIRE
INSERTED DETAIL,,People,Childrens Social Care,UNITED TAXIS LTD,1870.00,CONTRACT HIRE
INSERTED DETAIL,,People,Childrens Social Care,UNITED TAXIS LTD,841.72,CONTRACT HIRE
INSERTED DETAIL,,People,Childrens Social Care,UNITED TAXIS LTD,792.00,CONTRACT HIRE
INSERTED DETAIL,,People,Childrens Social Care,UNITED TAXIS LTD,523.44,CONTRACT HIRE
INSERTED DETAIL,,People,Childrens Social Care,UNITED TAXIS LTD,574.20,CONTRACT HIRE
INSERTED DETAIL,,People,Childrens Social Care,UNITED TAXIS LTD,574.20,CONTRACT HIRE
INSERTED DETAIL,,People,Childrens Social Care,UNITED TAXIS LTD,2524.72,CONTRACT HIRE
INSERTED DETAIL,,People,Childrens Social Care,UNITED TAXIS LTD,1320.00,CONTRACT HIRE
INSERTED DETAIL,,People,Childrens Social Care,UNITED TAXIS LTD,2524.72,CONTRACT HIRE
INSERTED DETAIL,,People,Childrens Social Care,UNITED TAXIS LTD,1088.00,CONTRACT HIRE
INSERTED DETAIL,,People,Childrens Social Care,UNITED TAXIS LTD,1377.20,CONTRACT HIRE
INSERTED DETAIL,,People,Childrens Social Care,UNITED TAXIS LTD,1788.60,CONTRACT HIRE
INSERTED DETAIL,,People,Childrens Social Care,UNITED TAXIS LTD,1492.04,CONTRACT HIRE
INSERTED DETAIL,,People,Childrens Social Care,UNITED TAXIS LTD,1377.20,CONTRACT HIRE
INSERTED DETAIL,,People,Childrens Social Care,UNITED TAXIS LTD,831.06,CONTRACT HIRE
INSERTED DETAIL,,People,Childrens Social Care,UNITED TAXIS LTD,548.10,CONTRACT HIRE
INSERTED DETAIL,,People,Childrens Social Care,UNITED TAXIS LTD,2735.04,CONTRACT HIRE
INSERTED DETAIL,,People,Childrens Social Care,UNITED TAXIS LTD,1144.50,CONTRACT HIRE
INSERTED DETAIL,,People,Childrens Social Care,WAKEFIELD TAXIS,770.87,CONTRACT HIRE
INSERTED DETAIL,,People,Childrens Social Care,WM MORRISON (D'TON) ENTERPRISE TRUST,803.70,HOSPITALITY & ROOM HIRE
INSERTED DETAIL,,People,Childrens Social Care,WM MORRISON (D'TON) ENTERPRISE TRUST,777.70,HOSPITALITY & ROOM HIRE
INSERTED DETAIL,,People,Childrens Social Care,YOUNG FOUNDATION LTD,3171.43,EXTERNAL PLACEMENTS
INSERTED DETAIL,,People,Childrens Social Care,YOUNG FOUNDATION LTD,3642.86,EXTERNAL PLACEMENTS
INSERTED DETAIL,,People,Childrens Social Care,YOUNG FOUNDATION LTD,3171.43,EXTERNAL PLACEMENTS
INSERTED DETAIL,,People,Childrens Social Care,YOUNG FOUNDATION LTD,3107.14,EXTERNAL PLACEMENTS
INSERTED DETAIL,,People,Childrens Social Care,YOUNG FOUNDATION LTD,3107.14,EXTERNAL PLACEMENTS
INSERTED DETAIL,,People,Childrens Social Care,YOUNG FOUNDATION LTD,3107.14,EXTERNAL PLACEMENTS
INSERTED DETAIL,,People,Development & Commissioning,700 CLUB,19986.90,PRIVATE CONTRACTORS
INSERTED DETAIL,,People,Development & Commissioning,ANCHOR TRUST,875.68,PRIVATE CONTRACTORS
INSERTED DETAIL,,People,Development & Commissioning,BARNARDO'S,957.92,MATERIALS
INSERTED DETAIL,,People,Development & Commissioning,BARNARDO'S,933.00,MATERIALS
INSERTED DETAIL,,People,Development & Commissioning,BARNARDO'S,3519.59,MATERIALS
INSERTED DETAIL,,People,Development & Commissioning,BARNARDO'S,722.19,MATERIALS
INSERTED DETAIL,,People,Development & Commissioning,CBS OUTDOOR LTD,1014.00,MARKETING & ADVERTISING
INSERTED DETAIL,,People,Development & Commissioning,CREATIVE SUPPORT LIMITED,21408.04,PRIVATE CONTRACTORS
INSERTED DETAIL,,People,Development & Commissioning,CRIMESTOPPERS,2000.00,OTHER LOCAL AUTHORITIES
INSERTED DETAIL,,People,Development & Commissioning,DARLINGTON ASSOCIATION ON DISABILITY LTD,2600.00,CONSULTANCY FEES
INSERTED DETAIL,,People,Development & Commissioning,DARLINGTON YMCA FOYER,13722.34,PRIVATE CONTRACTORS
INSERTED DETAIL,,People,Development & Commissioning,DISC,8601.10,PRIVATE CONTRACTORS
INSERTED DETAIL,,People,Development & Commissioning,DURHAM CONSTABULARY,1660.00,OTHER LOCAL AUTHORITIES
INSERTED DETAIL,,People,Development & Commissioning,DURHAM CONSTABULARY,5182.50,OTHER LOCAL AUTHORITIES
INSERTED DETAIL,,People,Development & Commissioning,DURHAM CONSTABULARY,9272.83,GRANTS
INSERTED DETAIL,,People,Development & Commissioning,ENDEAVOUR HOUSING ASSOCIATION,1499.56,PRIVATE CONTRACTORS
INSERTED DETAIL,,People,Development & Commissioning,HANOVER HOUSING ASSOCIATION,1134.76,PRIVATE CONTRACTORS
INSERTED DETAIL,,People,Development & Commissioning,KEYRING LIVING SUPPORT NETWORK,2717.00,PRIVATE CONTRACTORS
INSERTED DETAIL,,People,Development & Commissioning,MEDEX SKILLS LTD,680.00,EMPLOYEE TRAINING COURSE COSTS
INSERTED DETAIL,,People,Development & Commissioning,NEWSQUEST (YORKSHIRE & NORTH EAST) LTD,3000.00,MARKETING & ADVERTISING
INSERTED DETAIL,,People,Development & Commissioning,OFSTED,1549.00,PROFESSIONAL FEES & CONSULTANCY
INSERTED DETAIL,,People,Development & Commissioning,OPTO TRAINING LTD,1125.00,EMPLOYEE TRAINING COURSE COSTS
INSERTED DETAIL,,People,Development & Commissioning,RICHMOND FELLOWSHIP,9432.50,PRIVATE CONTRACTORS
INSERTED DETAIL,,People,Development & Commissioning,SANCTUARY SUPPORTED LIVING,10855.04,PRIVATE CONTRACTORS
INSERTED DETAIL,,People,Development & Commissioning,ST JOHN AMBULANCE,680.00,EMPLOYEE TRAINING COURSE COSTS
INSERTED DETAIL,,People,Development & Commissioning,STONHAM HOUSING ASSOCIATION,7200.00,PRIVATE CONTRACTORS
INSERTED DETAIL,,People,Development & Commissioning,TEES VALLEY HOUSING LTD,11238.84,PRIVATE CONTRACTORS
INSERTED DETAIL,,People,Development & Commissioning,THREE RIVERS HOUSING ASSOCIATIONS LTD,2307.68,PRIVATE CONTRACTORS
INSERTED DETAIL,,Balance Sheet,Balance Sheet,KIDDIVOUCHERS LTD,18008.02,GENERAL DEBITS
INSERTED DETAIL,,Balance Sheet,Balance Sheet,VIGLEN LTD,5356.70,GENERAL DEBITS
INSERTED DETAIL,,Capital,Capital,DARLINGTON ASSOCIATION ON DISABILITY LTD,1200.00,CONSULTANTS - OTHER
INSERTED DETAIL,,Capital,Capital,EVERSHEDS LLP,19786.85,LEGAL FEES
INSERTED DETAIL,,Capital,Capital,GREENLAY (GRASS MACHINERY) LTD,18995.00,FURNITURE EQUIPMENT
INSERTED DETAIL,,Capital,Capital,GROUNDWORK NORTH EAST,981.60,TENANT CONSULTATION COSTS
INSERTED DETAIL,,Capital,Capital,LARSEN CONTRACTS LIMITED,95207.98,OTHER CONTRACTOR PAYMENTS
INSERTED DETAIL,,Capital,Capital,NORTHERN POWERGRID (NORTHEAST) LTD,605.00,OTHER CONTRACTOR PAYMENTS
INSERTED DETAIL,,Capital,Capital,NORTHERN POWERGRID (NORTHEAST) LTD,605.00,OTHER CONTRACTOR PAYMENTS
INSERTED DETAIL,,Capital,Capital,NORTHERN POWERGRID (NORTHEAST) LTD,25775.98,DLO CONTRACTOR PAYMENTS
INSERTED DETAIL,,Capital,Capital,P CASEY (LAND RECLAMATION) LIMITED,63684.14,PAYMENTS MAIN CONTRACTOR - NON DLO
INSERTED DETAIL,,Capital,Capital,RICKERBY LTD,8050.00,FURNITURE EQUIPMENT
INSERTED DETAIL,,Capital,Capital,S G PETCH LTD,15758.64,FURNITURE EQUIPMENT
INSERTED DETAIL,,Capital,Capital,S G PETCH LTD,13385.42,FURNITURE EQUIPMENT
INSERTED DETAIL,,Capital,Capital,S G PETCH LTD,15758.64,FURNITURE EQUIPMENT
INSERTED DETAIL,,Capital,Capital,SCHOTT REMOVALS TRANSPORT LTD,1216.00,REMOVALS
INSERTED DETAIL,,Capital,Capital,SCHOTT REMOVALS TRANSPORT LTD,642.47,REMOVALS
INSERTED DETAIL,,Capital,Capital,SCHOTT REMOVALS TRANSPORT LTD,2694.55,REMOVALS
INSERTED DETAIL,,Capital,Capital,SCHOTT REMOVALS TRANSPORT LTD,5685.41,REMOVALS
INSERTED DETAIL,,Capital,Capital,URS SCOTT WILSON LTD,4523.00,CONSULTANTS - OTHER
detail,,Capital,Capital,WERNICK HIRE LTD,974.28,PAYMENTS MAIN CONTRACTOR - NON DLO
