"sql select t.apar_id, t.amount, t.ext_inv_ref, t.account, t.voucher_date, d.apar_name, s.dim_a, s.dim_b,s1.description, s2.description as servdesc, a.description as accdesc from agltransact t",,,,,,
sql inner join aglaccounts a on t.client = a.client and t.account = a.account,,,,,,
sql inner join asuheader d on t.client = d.client and t.apar_id = d.apar_id,,,,,,
sql inner join acrtrees s on t.client = s.client and t.dim_1 = s.cat_1 and s.att_agrid = '60',,,,,,
sql inner join agldescription s1 on s.client = s1.client and s.dim_a = s1.dim_value and s1.attribute_id = '23',,,,,,
sql inner join agldescription s2 on s.client = s2.client and s.dim_b = s2.dim_value and s2.attribute_id = '24',,,,,,
sql where t.client = 'DC',,,,,,
sql and t.period between '201309' and '201309',,,,,,
"sql and t.account not in ('XX01','XX22','XY02')",,,,,,
"sql and t.voucher_type in ('P1','P2','HA','HB','HC','HD','HE','HF','HG','HH','HI')",,,,,,
sql and t.amount >= 500,,,,,,
"sql and d.apar_gr_id in ('C1','C2')",,,,,,
sql and s.dim_b <> '460',,,,,,
"sql order by s.dim_a, s.dim_b, d.apar_name",,,,,,
query,,,,,,
,,Darlington Borough Council - Analysis of Transactions Over £500,,,,
,,Dec-13,,,,,
,,,,,,,
,,,,,,,
columns,,text description,text servdesc,apar_name,amount,accdesc,
,,Directotate,Service,Supplier,Invoice Line Value (net of VAT),Account,
INSERTED DETAIL,,Resources Group,Resources,BAUER RADIO LTD,"4,990.00",Marketing & Advertising,
INSERTED DETAIL,,Resources Group,Resources,CACI LIMITED,"12,723.00",Ict Software Purchase,
INSERTED DETAIL,,Resources Group,Resources,COMPRIL LIMITED,617.50,Professional Fees & Consultancy,
INSERTED DETAIL,,Resources Group,Resources,DONOVAN GRAPHICS LTD,512.00,Marketing & Advertising,
INSERTED DETAIL,,Resources Group,Resources,FLOWERS BY NATTRASS,540.00,Materials,
INSERTED DETAIL,,Resources Group,Resources,ISAPPHIRE LTD,"1,221.62",Marketing & Advertising,
INSERTED DETAIL,,Resources Group,Resources,JOHN GOOD LTD,"3,955.00",Printing,
INSERTED DETAIL,,Resources Group,Resources,KANA,600.00,Ict Software Purchase,
INSERTED DETAIL,,Resources Group,Resources,KOMODO DESIGN LTD,517.16,Marketing & Advertising,
INSERTED DETAIL,,Resources Group,Resources,KOMODO DESIGN LTD,509.90,Marketing & Advertising,
INSERTED DETAIL,,Resources Group,Resources,MISS REBECCA STOKES-HERBST,750.00,Professional Fees & Consultancy,
INSERTED DETAIL,,Resources Group,Resources,MR GUY SWIFFEN,800.00,Professional Fees & Consultancy
INSERTED DETAIL,,Resources Group,Resources,MRS ELAINE AVERIS,600.00,Professional Fees & Consultancy
INSERTED DETAIL,,Resources Group,Resources,MRS ELAINE AVERIS,"1,700.00",Professional Fees & Consultancy
INSERTED DETAIL,,Resources Group,Resources,MULTICORD,528.00,Fixtures And Fittings
INSERTED DETAIL,,Resources Group,Resources,NEWSQUEST (YORKSHIRE & NORTH EAST) LTD,"6,584.58",Printing
INSERTED DETAIL,,Resources Group,Resources,NORTHGATE INFORMATION SOLUTIONS,892.40,Other Supplies & Services
INSERTED DETAIL,,Resources Group,Resources,RESTORE SHRED LTD,913.00,Waste Disposal
INSERTED DETAIL,,Resources Group,Resources,ROYAL MAIL NORTH EAST,977.44,Postages
INSERTED DETAIL,,Resources Group,Resources,ROYAL MAIL NORTH EAST,"1,035.36",Postages
INSERTED DETAIL,,Resources Group,Resources,TCS MEDIA,"4,478.50",Marketing & Advertising
INSERTED DETAIL,,Resources Group,Resources,THE LAW SOCIETY,"4,064.00",Professional Fees & Consultancy
INSERTED DETAIL,,Resources Group,Resources,TNT POST LTD,"2,780.01",Postages
INSERTED DETAIL,,Resources Group,Resources,TNT POST LTD,"2,505.70",Postages
INSERTED DETAIL,,Resources Group,Resources,TNT POST LTD,"2,472.53",Postages
INSERTED DETAIL,,Resources Group,Resources,TNT POST LTD,"9,282.05",Postages
INSERTED DETAIL,,Resources Group,Finance,INSTITUTE OF PUBLIC FINANCE LTD,"1,423.75",Books
INSERTED DETAIL,,Resources Group,Finance,INSTITUTE OF PUBLIC FINANCE LTD,"1,598.75",Books
INSERTED DETAIL,,Resources Group,Finance,PRICE WATERHOUSE COOPERS,"13,561.00",Professional Fees & Consultancy
INSERTED DETAIL,,Resources Group,Finance,SECURICOR CASH SERVICES LTD,"1,030.08",Security Services
INSERTED DETAIL,,Resources Group,ICT,BT TELEPHONE PAYMENT CENTRE,"12,367.77",Telephone Costs
INSERTED DETAIL,,Resources Group,ICT,DAISY COMMUNICATIONS LTD,"10,502.60",Telephone Costs
INSERTED DETAIL,,Resources Group,ICT,SPECIALIST COMPUTER CENTRES PLC,"4,335.03",Ict Software Purchase
INSERTED DETAIL,,Resources Group,ICT,VIRGIN MEDIA BUSINESS LIMITED,"1,082.31",Telephone Costs
INSERTED DETAIL,,Resources Group,Human resources management,ALLIANCE PSYCHOLOGICAL SERVICES,"1,300.00",Counselling Recharge
INSERTED DETAIL,,Resources Group,Human resources management,BODY 2 FIT LTD,"2,140.00",Physiotherapy Recharge
INSERTED DETAIL,,Resources Group,Human resources management,BOND DICKINSON,"14,950.50",Professional Fees & Consultancy
INSERTED DETAIL,,Resources Group,Human resources management,BOND DICKINSON,"2,375.00",Professional Fees & Consultancy
INSERTED DETAIL,,Resources Group,Human resources management,DISCLOSURE & BARRING SERVICE,"2,534.00",Crb Checks
INSERTED DETAIL,,Resources Group,Human resources management,MEDACS HEALTHCARE PLC,"8,139.89",Professional Fees & Consultancy
INSERTED DETAIL,,Resources Group,Human resources management,ZURICH INSURANCE COMPANY,"2,035.00",Employee Training Course Costs
INSERTED DETAIL,,Resources Group,Transformation,ADT FIRE & SECURITY PLC,554.00,Ict Consumables
INSERTED DETAIL,,Resources Group,Transformation,ADT FIRE & SECURITY PLC,"1,158.12",Cyclical - Fire Alarms
INSERTED DETAIL,,Resources Group,Transformation,ADT FIRE & SECURITY PLC,"1,088.00",Ict Consumables
INSERTED DETAIL,,Resources Group,Transformation,AQUAJET DRAIN CLEANING,"1,495.00",Repairs - Building Fabric
INSERTED DETAIL,,Resources Group,Transformation,BARCLAY ROOFING LTD,"3,073.00",Repairs - Building Fabric
INSERTED DETAIL,,Resources Group,Transformation,BODY 2 FIT LTD,600.00,Rent Of Facilities
INSERTED DETAIL,,Resources Group,Transformation,COMBINED POWER (SOUTH) LTD,"2,253.86",Electricity
INSERTED DETAIL,,Resources Group,Transformation,CORONA ENERGY LTD,"5,893.10",Gas
INSERTED DETAIL,,Resources Group,Transformation,CORONA ENERGY LTD,"3,161.29",Gas
INSERTED DETAIL,,Resources Group,Transformation,CORONA ENERGY LTD,"45,046.79",Gas
INSERTED DETAIL,,Resources Group,Transformation,CROSSLING LTD,"2,200.95",Repairs - Mechanical
INSERTED DETAIL,,Resources Group,Transformation,DALE POWER SOLUTIONS PLC,563.00,Repairs - Mechanical
INSERTED DETAIL,,Resources Group,Transformation,ELECTRONIC SECURITY SOLUTIONS LTD,765.71,Repairs - Emergency Lighting
INSERTED DETAIL,,Resources Group,Transformation,ENVIRONMENTAL DRAINAGE SOLUTIONS,850.00,Professional Fees & Consultancy
INSERTED DETAIL,,Resources Group,Transformation,EVERYTHING EVERYWHERE LIMITED,689.60,Voice Telephone Equipment
INSERTED DETAIL,,Resources Group,Transformation,GUARDIAN ELECTRICAL SOLUTIONS,"3,390.00",Cyclical - Electrical Installation Test
INSERTED DETAIL,,Resources Group,Transformation,HAYS SPECIALIST SERVICES,656.38,Agency Staff Costs - Non Teaching
INSERTED DETAIL,,Resources Group,Transformation,HAYS SPECIALIST SERVICES,735.94,Agency Staff Costs - Non Teaching
INSERTED DETAIL,,Resources Group,Transformation,HAYS SPECIALIST SERVICES,576.82,Agency Staff Costs - Non Teaching
INSERTED DETAIL,,Resources Group,Transformation,HAYS SPECIALIST SERVICES,735.93,Agency Staff Costs - Non Teaching
INSERTED DETAIL,,Resources Group,Transformation,INITIAL WASHROOM SOLUTIONS,"4,420.77",Hygiene Services
INSERTED DETAIL,,Resources Group,Transformation,NORTHUMBRIAN WATER,"2,859.06",Water Charges
INSERTED DETAIL,,Resources Group,Transformation,NORTHUMBRIAN WATER,"1,184.92",Water Charges
INSERTED DETAIL,,Resources Group,Transformation,NORTHUMBRIAN WATER,"2,640.10",Water Charges
INSERTED DETAIL,,Resources Group,Transformation,NPOWER NORTHERN FINANCE,"23,791.64",Electricity
INSERTED DETAIL,,Resources Group,Transformation,NPOWER NORTHERN FINANCE,"1,031.42",Electricity
INSERTED DETAIL,,Resources Group,Transformation,NPOWER NORTHERN FINANCE,567.44,Electricity
INSERTED DETAIL,,Resources Group,Transformation,NPOWER NORTHERN FINANCE,"3,002.79",Electricity
INSERTED DETAIL,,Resources Group,Transformation,NPOWER NORTHERN FINANCE,"7,278.32",Electricity
INSERTED DETAIL,,Resources Group,Transformation,NPOWER NORTHERN FINANCE,987.33,Electricity
INSERTED DETAIL,,Resources Group,Transformation,NPOWER NORTHERN FINANCE,"9,914.47",Electricity
INSERTED DETAIL,,Resources Group,Transformation,NPOWER NORTHERN FINANCE,519.37,Electricity
INSERTED DETAIL,,Resources Group,Transformation,NPOWER NORTHERN FINANCE,"3,628.70",Electricity
INSERTED DETAIL,,Resources Group,Transformation,NPOWER NORTHERN FINANCE,"2,776.36",Electricity
INSERTED DETAIL,,Resources Group,Transformation,NPOWER NORTHERN FINANCE,"53,972.73",Electricity
INSERTED DETAIL,,Resources Group,Transformation,NPOWER NORTHERN FINANCE,"2,715.01",Electricity
INSERTED DETAIL,,Resources Group,Transformation,NPOWER NORTHERN FINANCE,821.64,Electricity
INSERTED DETAIL,,Resources Group,Transformation,NPOWER NORTHERN FINANCE,967.31,Electricity
INSERTED DETAIL,,Resources Group,Transformation,NPOWER NORTHERN FINANCE,819.59,Electricity
INSERTED DETAIL,,Resources Group,Transformation,NPOWER NORTHERN FINANCE,"1,296.43",Electricity
INSERTED DETAIL,,Resources Group,Transformation,NPOWER NORTHERN FINANCE,"14,692.52",Electricity
INSERTED DETAIL,,Resources Group,Transformation,NPOWER NORTHERN FINANCE,"1,820.73",Electricity
INSERTED DETAIL,,Resources Group,Transformation,NPOWER NORTHERN FINANCE,500.95,Electricity
INSERTED DETAIL,,Resources Group,Transformation,NPOWER NORTHERN FINANCE,"7,206.20",Electricity
INSERTED DETAIL,,Resources Group,Transformation,SCHNEIDER ELECTRIC LIMITED,590.00,Repairs - Mechanical
INSERTED DETAIL,,Resources Group,Transformation,SCHOTT REMOVALS TRANSPORT LTD,"3,092.25",Equipment
INSERTED DETAIL,,Resources Group,Transformation,T W WARD INDUSTRIAL BOILERS,"2,710.00",Repairs - Mechanical
INSERTED DETAIL,,Resources Group,DLO Services,BUNZL CLEANING & HYGIENE SUPPLIES,775.41,Cleaning Materials & Consumables
INSERTED DETAIL,,Place,Building Design Services,BILLINGHURST GEORGE & PARTNERS,"1,282.40",Consultancy Fees
INSERTED DETAIL,,Place,Building Design Services,DESCO,"3,500.00",Consultancy Fees
INSERTED DETAIL,,Place,Building Design Services,HAYS SPECIALIST SERVICES,815.05,Agency Staff Costs - Non Teaching
INSERTED DETAIL,,Place,Building Design Services,HAYS SPECIALIST SERVICES,830.92,Agency Staff Costs - Non Teaching
INSERTED DETAIL,,Place,Building Design Services,HAYS SPECIALIST SERVICES,815.05,Agency Staff Costs - Non Teaching
INSERTED DETAIL,,Place,Building Design Services,HAYS SPECIALIST SERVICES,820.35,Agency Staff Costs - Non Teaching
INSERTED DETAIL,,Place,Building Design Services,SPACEWORKS,"5,578.44",Consultancy Fees
INSERTED DETAIL,,Place,Building Design Services,SPACEWORKS,"3,991.47",Consultancy Fees
INSERTED DETAIL,,Place,Building Design Services,SPACEWORKS,704.89,Consultancy Fees
INSERTED DETAIL,,Place,Building Design Services,SPACEWORKS,525.00,Consultancy Fees
INSERTED DETAIL,,Place,Economic Regeneration,ELVEDEN FARMS,"1,148.00",Other Supplies & Services
INSERTED DETAIL,,Place,Economic Regeneration,KOMODO DESIGN LTD,"1,980.00",Internet Costs
INSERTED DETAIL,,Place,Economic Regeneration,NOOVO CREATIVE,"2,000.00",Marketing & Advertising
INSERTED DETAIL,,Place,Commercial Services,AIRWAVE SOLUTIONS LTD,"4,297.18",Voice Telephone Land Line Costs
INSERTED DETAIL,,Place,Commercial Services,COCA COLA ENTERPRISES LTD,545.48,Bar Provisions For Resale
INSERTED DETAIL,,Place,Commercial Services,HEINEKEN UK,705.90,Bar Provisions For Resale
INSERTED DETAIL,,Place,Commercial Services,INDOOR OUTDOOR,"1,490.00",Other Supplies & Services
INSERTED DETAIL,,Place,Commercial Services,INDOOR OUTDOOR,"3,046.00",Other Supplies & Services
INSERTED DETAIL,,Place,Commercial Services,MATTHEW CLARK WHOLESALE LTD,914.50,Bar Provisions For Resale
INSERTED DETAIL,,Place,Commercial Services,NEWSQUEST (YORKSHIRE & NORTH EAST) LTD,585.00,Marketing & Advertising
INSERTED DETAIL,,Place,Commercial Services,ROLLOVER LTD,650.48,Catering Provisions
INSERTED DETAIL,,Place,Commercial Services,ROLLOVER LTD,588.14,Catering Provisions
INSERTED DETAIL,,Place,Commercial Services,STOBBS WHOLESALERS,954.79,Catering Provisions
INSERTED DETAIL,,Place,Commercial Services,STOBBS WHOLESALERS,865.10,Catering Provisions
INSERTED DETAIL,,Place,Commercial Services,TECTONICS UK,"3,192.72",Equipment
INSERTED DETAIL,,Place,Culture,A I R  LTD,"2,150.00",Production Costs
INSERTED DETAIL,,Place,Culture,AARK,676.00,Building Repairs And Maintenance
INSERTED DETAIL,,Place,Culture,AIR PRODUCTS PLC,517.32,Chemicals
INSERTED DETAIL,,Place,Culture,ALL EVENTS SECURITY,794.75,Other Supplies & Services
INSERTED DETAIL,,Place,Culture,AMATEUR SWIMMING ASSOCIATION,547.00,Items For Resale
INSERTED DETAIL,,Place,Culture,ANDREA RAPER,504.00,Artist Payments
INSERTED DETAIL,,Place,Culture,ARTISTES INTERNATIONAL MANAGEMENT,"4,619.65",Artist Payments
INSERTED DETAIL,,Place,Culture,AUTOBAR VENDING SERVICES LTD,512.25,Catering Provisions
INSERTED DETAIL,,Place,Culture,AXIELL LIMITED,"3,825.21",Ict Hardware Support & Maintenance
INSERTED DETAIL,,Place,Culture,BONNIE DAVIES,"1,088.56",Artist Payments
INSERTED DETAIL,,Place,Culture,BONNIE DAVIES,579.28,Artist Payments
INSERTED DETAIL,,Place,Culture,BRAKES BROS LTD,"1,054.44",Catering Provisions
INSERTED DETAIL,,Place,Culture,BRAKES BROS LTD,631.04,Catering Provisions
INSERTED DETAIL,,Place,Culture,BRAKES BROS LTD,567.52,Catering Provisions
INSERTED DETAIL,,Place,Culture,BRAKES BROS LTD,603.20,Catering Provisions
INSERTED DETAIL,,Place,Culture,BRENNTAG UK & IRELAND,"2,787.44",Chemicals
INSERTED DETAIL,,Place,Culture,BUNZL CATERING SUPPLIES,969.34,Catering Payments
INSERTED DETAIL,,Place,Culture,BURY ST EDMUNDS THEATRE MANAGEMENT LTD,"4,994.39",Artist Payments
INSERTED DETAIL,,Place,Culture,COCA COLA ENTERPRISES LTD,723.03,Bar Provisions For Resale
INSERTED DETAIL,,Place,Culture,CONTRACT FLOORING SERVICES (NE) LTD,"1,454.70",Building Repairs And Maintenance
INSERTED DETAIL,,Place,Culture,CUTTING THE STRINGS,"3,758.28",Artist Payments
INSERTED DETAIL,,Place,Culture,DARLINGTON FOR CULTURE,"2,050.00",Projects
INSERTED DETAIL,,Place,Culture,DEBBIE WAISTELL,"1,085.00",Agency Staff Costs - Non Teaching
INSERTED DETAIL,,Place,Culture,DEIDRE MCCRIMMON,720.00,Artist Payments
INSERTED DETAIL,,Place,Culture,FOOLS PARADISE LTD,660.00,Other Supplies & Services
INSERTED DETAIL,,Place,Culture,FREEMAN CATERING BUTCHERS,544.81,Catering Provisions
INSERTED DETAIL,,Place,Culture,FREEMAN CATERING BUTCHERS,"1,066.72",Catering Provisions
INSERTED DETAIL,,Place,Culture,FREEMAN CATERING BUTCHERS,"1,203.44",Catering Provisions
INSERTED DETAIL,,Place,Culture,HALF MOON YOUNG PEOPLE'S THEATRE LTD,900.00,Artist Payments
INSERTED DETAIL,,Place,Culture,HOPWELLS LIMITED,665.06,Catering Provisions
INSERTED DETAIL,,Place,Culture,HUMANTICS COMMUNITY INTEREST COMPANY,"4,500.00",Projects
INSERTED DETAIL,,Place,Culture,HUMMERSKNOTT ACTIVE LTD,540.00,Production Costs
INSERTED DETAIL,,Place,Culture,J R HOLLAND FOOD SERVICES LTD,689.88,Catering Provisions
INSERTED DETAIL,,Place,Culture,JENDAGI UK LIMITED,"8,905.56",Artist Payments
INSERTED DETAIL,,Place,Culture,KEN DODD,"16,769.95",Artist Payments
INSERTED DETAIL,,Place,Culture,MATTHEW CLARK WHOLESALE LTD,"1,156.71",Bar Provisions For Resale
INSERTED DETAIL,,Place,Culture,MATTHEW CLARK WHOLESALE LTD,"3,007.63",Bar Provisions For Resale
INSERTED DETAIL,,Place,Culture,MICHELLE DOUGLAS,590.00,Artist Payments
INSERTED DETAIL,,Place,Culture,MICROFORM IMAGING LTD,"1,788.52",Books
INSERTED DETAIL,,Place,Culture,MITIE PROPERTY SERVICES (NORTH EAST) LTD,973.00,Building Repairs And Maintenance
INSERTED DETAIL,,Place,Culture,MRS HELEN PICKARD,691.00,Artist Payments
INSERTED DETAIL,,Place,Culture,NORTHUMBRIAN WATER,961.79,Water Charges
INSERTED DETAIL,,Place,Culture,QDOS PANTOMIMES,"40,000.00",Artist Payments
INSERTED DETAIL,,Place,Culture,QDOS PANTOMIMES,"40,000.00",Artist Payments
INSERTED DETAIL,,Place,Culture,QDOS PANTOMIMES,"40,000.00",Artist Payments
INSERTED DETAIL,,Place,Culture,QDOS PANTOMIMES,"40,000.00",Artist Payments
INSERTED DETAIL,,Place,Culture,SAVILLS (UK) LTD,"1,252.91",Premises Insurance
INSERTED DETAIL,,Place,Culture,STOBBS WHOLESALERS,566.75,Catering Provisions
INSERTED DETAIL,,Place,Culture,THE BIRMINGHAM STAGE COMPANY,"9,243.70",Artist Payments
INSERTED DETAIL,,Place,Culture,THE BIRMINGHAM STAGE COMPANY,"1,027.00",Merchandise Sales Paid To Others
INSERTED DETAIL,,Place,Culture,THE JOHN BODDY AGENCY LLP,967.40,Artist Payments
INSERTED DETAIL,,Place,Culture,THE TOURING CONSORTIUM LTD,"13,742.78",Artist Payments
INSERTED DETAIL,,Place,Culture,THEATRICAL MANAGEMENT ASSOCIATION LTD,"3,060.00",Subscriptions
INSERTED DETAIL,,Place,Culture,TYNESIDE FOODSERVICE,643.80,Catering Provisions
INSERTED DETAIL,,Place,DLO Services,ACCESS HIRE NATIONWIDE LTD,"1,320.00",Vehicle Hire
INSERTED DETAIL,,Place,DLO Services,APEC ENVIRONMENTAL,800.00,Direct Charges - Contractors
INSERTED DETAIL,,Place,DLO Services,APEC ENVIRONMENTAL,"4,680.00",Direct Charges - Contractors
INSERTED DETAIL,,Place,DLO Services,AT WAGGOTT HAULAGE,930.00,Direct Charges - Contractors
INSERTED DETAIL,,Place,DLO Services,AT WAGGOTT HAULAGE,"4,338.00",Direct Charges - Contractors
INSERTED DETAIL,,Place,DLO Services,AT WAGGOTT HAULAGE,"1,248.00",Direct Charges - Contractors
INSERTED DETAIL,,Place,DLO Services,BARCLAY ROOFING LTD,"32,814.95",Direct Charges - Contractors
INSERTED DETAIL,,Place,DLO Services,BISHOP AUCKLAND GLAZING CO LTD,790.00,Direct Charges - Contractors
INSERTED DETAIL,,Place,DLO Services,Colas Ltd,"29,476.44",Direct Charges - Contractors
INSERTED DETAIL,,Place,DLO Services,COREPEOPLE RECRUITMENT LTD,548.71,Agency Staff Costs - Non Teaching
INSERTED DETAIL,,Place,DLO Services,COREPEOPLE RECRUITMENT LTD,548.71,Agency Staff Costs - Non Teaching
INSERTED DETAIL,,Place,DLO Services,COREPEOPLE RECRUITMENT LTD,548.71,Agency Staff Costs - Non Teaching
INSERTED DETAIL,,Place,DLO Services,CROSSLING LTD,"1,540.05",Direct Charges - Materials (Dlo)
INSERTED DETAIL,,Place,DLO Services,CROSSLING LTD,504.00,Stores Purchases (Dlo)
INSERTED DETAIL,,Place,DLO Services,CROSSLING LTD,"1,615.98",Direct Charges - Materials (Dlo)
INSERTED DETAIL,,Place,DLO Services,CROSSLING LTD,"1,061.53",Direct Charges - Materials (Dlo)
INSERTED DETAIL,,Place,DLO Services,CROSSLING LTD,"1,277.54",Direct Charges - Materials (Dlo)
INSERTED DETAIL,,Place,DLO Services,CROSSLING LTD,"1,413.53",Direct Charges - Materials (Dlo)
INSERTED DETAIL,,Place,DLO Services,CROSSLING LTD,912.44,Direct Charges - Materials (Dlo)
INSERTED DETAIL,,Place,DLO Services,CROSSLING LTD,"1,220.37",Direct Charges - Materials (Dlo)
INSERTED DETAIL,,Place,DLO Services,CROSSLING LTD,"1,208.83",Direct Charges - Materials (Dlo)
INSERTED DETAIL,,Place,DLO Services,CROSSLING LTD,"1,453.80",Direct Charges - Materials (Dlo)
INSERTED DETAIL,,Place,DLO Services,CROSSLING LTD,"1,466.78",Direct Charges - Materials (Dlo)
INSERTED DETAIL,,Place,DLO Services,CROSSLING LTD,"1,254.33",Direct Charges - Materials (Dlo)
INSERTED DETAIL,,Place,DLO Services,CROSSLING LTD,"1,416.79",Direct Charges - Materials (Dlo)
INSERTED DETAIL,,Place,DLO Services,CROSSLING LTD,"1,178.59",Direct Charges - Materials (Dlo)
INSERTED DETAIL,,Place,DLO Services,CROSSLING LTD,502.50,Direct Charges - Materials (Dlo)
INSERTED DETAIL,,Place,DLO Services,CROSSLING LTD,621.53,Direct Charges - Materials (Dlo)
INSERTED DETAIL,,Place,DLO Services,CROSSLING LTD,"1,061.53",Direct Charges - Materials (Dlo)
INSERTED DETAIL,,Place,DLO Services,CROSSLING LTD,588.40,Direct Charges - Materials (Dlo)
INSERTED DETAIL,,Place,DLO Services,CROSSLING LTD,"1,070.99",Direct Charges - Materials (Dlo)
INSERTED DETAIL,,Place,DLO Services,CROSSLING LTD,"1,070.99",Direct Charges - Materials (Dlo)
INSERTED DETAIL,,Place,DLO Services,CROSSLING LTD,"1,581.60",Direct Charges - Materials (Dlo)
INSERTED DETAIL,,Place,DLO Services,DARLINGTON SCAFFOLDING LTD,"4,511.00",Direct Charges - Contractors
INSERTED DETAIL,,Place,DLO Services,DARLINGTON TIMBER SUPPLIES LTD,"1,242.93",Materials
INSERTED DETAIL,,Place,DLO Services,DARLINGTON TIMBER SUPPLIES LTD,"1,495.89",Materials
INSERTED DETAIL,,Place,DLO Services,DARLINGTON TIMBER SUPPLIES LTD,582.53,Direct Charges - Materials (Dlo)
INSERTED DETAIL,,Place,DLO Services,ELECTRIC CENTRE,"1,512.64",Stores Purchases (Dlo)
INSERTED DETAIL,,Place,DLO Services,ELECTRIC CENTRE,"2,219.50",Direct Charges - Materials (Dlo)
INSERTED DETAIL,,Place,DLO Services,EXTERIOR LIGHTING SOLUTIONS LTD,579.00,Stores Purchases (Dlo)
INSERTED DETAIL,,Place,DLO Services,FAB-TECH ENGINEERING (UK) LTD,"12,661.84",Direct Charges - Contractors
INSERTED DETAIL,,Place,DLO Services,GEORGE BOYD ARCHITECTURAL IRONMONGERY,791.12,Stores Purchases (Dlo)
INSERTED DETAIL,,Place,DLO Services,GRAHAM,688.32,Stores Purchases (Dlo)
INSERTED DETAIL,,Place,DLO Services,HAYS ACCOUNTANCY PERSONNEL,576.11,Agency Staff Costs - Non Teaching
INSERTED DETAIL,,Place,DLO Services,HAYS ACCOUNTANCY PERSONNEL,576.11,Agency Staff Costs - Non Teaching
INSERTED DETAIL,,Place,DLO Services,HAYS ACCOUNTANCY PERSONNEL,576.11,Agency Staff Costs - Non Teaching
INSERTED DETAIL,,Place,DLO Services,HAYS ACCOUNTANCY PERSONNEL,576.11,Agency Staff Costs - Non Teaching
INSERTED DETAIL,,Place,DLO Services,HAYS ACCOUNTANCY PERSONNEL,591.68,Agency Staff Costs - Non Teaching
INSERTED DETAIL,,Place,DLO Services,HAYS ACCOUNTANCY PERSONNEL,576.11,Agency Staff Costs - Non Teaching
INSERTED DETAIL,,Place,DLO Services,HAYS SPECIALIST SERVICES,535.76,Agency Staff Costs - Non Teaching
INSERTED DETAIL,,Place,DLO Services,HAYS SPECIALIST SERVICES,535.76,Agency Staff Costs - Non Teaching
INSERTED DETAIL,,Place,DLO Services,HAYS SPECIALIST SERVICES,580.16,Agency Staff Costs - Non Teaching
INSERTED DETAIL,,Place,DLO Services,HAYS SPECIALIST SERVICES,552.78,Agency Staff Costs - Non Teaching
INSERTED DETAIL,,Place,DLO Services,HAYS SPECIALIST SERVICES,580.16,Agency Staff Costs - Non Teaching
INSERTED DETAIL,,Place,DLO Services,HAYS SPECIALIST SERVICES,580.16,Agency Staff Costs - Non Teaching
INSERTED DETAIL,,Place,DLO Services,HAYS SPECIALIST SERVICES,552.78,Agency Staff Costs - Non Teaching
INSERTED DETAIL,,Place,DLO Services,HAYS SPECIALIST SERVICES,974.32,Agency Staff Costs - Non Teaching
INSERTED DETAIL,,Place,DLO Services,HAYS SPECIALIST SERVICES,974.32,Agency Staff Costs - Non Teaching
INSERTED DETAIL,,Place,DLO Services,HAYS SPECIALIST SERVICES,974.32,Agency Staff Costs - Non Teaching
INSERTED DETAIL,,Place,DLO Services,HAYS SPECIALIST SERVICES,974.32,Agency Staff Costs - Non Teaching
INSERTED DETAIL,,Place,DLO Services,HAYS SPECIALIST SERVICES,614.10,Agency Staff Costs - Non Teaching
INSERTED DETAIL,,Place,DLO Services,HAYS SPECIALIST SERVICES,552.78,Agency Staff Costs - Non Teaching
INSERTED DETAIL,,Place,DLO Services,HAYS SPECIALIST SERVICES,900.68,Agency Staff Costs - Non Teaching
INSERTED DETAIL,,Place,DLO Services,HAYS SPECIALIST SERVICES,580.16,Agency Staff Costs - Non Teaching
INSERTED DETAIL,,Place,DLO Services,HAYS SPECIALIST SERVICES,580.16,Agency Staff Costs - Non Teaching
INSERTED DETAIL,,Place,DLO Services,HAYS SPECIALIST SERVICES,580.16,Agency Staff Costs - Non Teaching
INSERTED DETAIL,,Place,DLO Services,HAYS SPECIALIST SERVICES,535.76,Agency Staff Costs - Non Teaching
INSERTED DETAIL,,Place,DLO Services,HAYS SPECIALIST SERVICES,552.78,Agency Staff Costs - Non Teaching
INSERTED DETAIL,,Place,DLO Services,HAYS SPECIALIST SERVICES,552.78,Agency Staff Costs - Non Teaching
INSERTED DETAIL,,Place,DLO Services,HOPWELLS LIMITED,601.61,Catering Provisions
INSERTED DETAIL,,Place,DLO Services,JCB FINANCE (LEASING LTD),"22,245.34",Leasing Charges
INSERTED DETAIL,,Place,DLO Services,JEWSON LTD,672.00,Direct Charges - Materials (Dlo)
INSERTED DETAIL,,Place,DLO Services,JEWSON LTD,"1,596.00",Direct Charges - Materials (Dlo)
INSERTED DETAIL,,Place,DLO Services,JEWSON LTD,718.00,Direct Charges - Materials (Dlo)
INSERTED DETAIL,,Place,DLO Services,JEWSON LTD,"1,260.00",Stores Purchases (Dlo)
INSERTED DETAIL,,Place,DLO Services,JEWSON LTD,664.04,Stores Purchases (Dlo)
INSERTED DETAIL,,Place,DLO Services,JEWSON LTD,537.98,Direct Charges - Materials (Dlo)
INSERTED DETAIL,,Place,DLO Services,JEWSON LTD,"1,332.00",Direct Charges - Materials (Dlo)
INSERTED DETAIL,,Place,DLO Services,JEWSON LTD,"1,260.00",Direct Charges - Materials (Dlo)
INSERTED DETAIL,,Place,DLO Services,JEWSON LTD,"1,600.00",Direct Charges - Materials (Dlo)
INSERTED DETAIL,,Place,DLO Services,K C PLANT HIRE,735.00,Direct Charges - Materials (Dlo)
INSERTED DETAIL,,Place,DLO Services,LYTESTREAM ELECTRICAL CONTRACTORS,"28,052.14",Direct Charges - Contractors
INSERTED DETAIL,,Place,DLO Services,LYTESTREAM ELECTRICAL CONTRACTORS,"52,817.69",Direct Charges - Contractors
INSERTED DETAIL,,Place,DLO Services,M H LAVERICK & PARTNERS,"1,369.00",Direct Charges - Contractors
INSERTED DETAIL,,Place,DLO Services,MALLATITE LIMITED,"26,476.10",Direct Charges - Materials (Dlo)
INSERTED DETAIL,,Place,DLO Services,MALLATITE LIMITED,"7,128.00",Direct Charges - Materials (Dlo)
INSERTED DETAIL,,Place,DLO Services,MANSE MASTERDOR  LTD,502.48,Direct Charges - Materials (Dlo)
INSERTED DETAIL,,Place,DLO Services,MANSE MASTERDOR  LTD,527.72,Direct Charges - Materials (Dlo)
INSERTED DETAIL,,Place,DLO Services,MANSE MASTERDOR  LTD,536.71,Stores Purchases (Dlo)
INSERTED DETAIL,,Place,DLO Services,MANSE MASTERDOR  LTD,536.70,Stores Purchases (Dlo)
INSERTED DETAIL,,Place,DLO Services,MARWOOD ELECTRICAL COMPANY LTD,581.00,Stores Purchases (Dlo)
INSERTED DETAIL,,Place,DLO Services,MARWOOD ELECTRICAL COMPANY LTD,"11,712.37",Direct Charges - Materials (Dlo)
INSERTED DETAIL,,Place,DLO Services,MECHPLANT NORTH EAST LTD,647.10,Plant Hire
INSERTED DETAIL,,Place,DLO Services,MECHPLANT NORTH EAST LTD,"1,344.00",Plant Hire
INSERTED DETAIL,,Place,DLO Services,MECHPLANT NORTH EAST LTD,700.00,Plant Hire
INSERTED DETAIL,,Place,DLO Services,MECHPLANT NORTH EAST LTD,"1,555.00",Plant Hire
INSERTED DETAIL,,Place,DLO Services,MITIE PROPERTY SERVICES (NORTH EAST) LTD,"12,025.93",Direct Charges - Contractors
INSERTED DETAIL,,Place,DLO Services,MITIE TILLEY ROOFING LIMITED,"2,979.59",Direct Charges - Contractors
INSERTED DETAIL,,Place,DLO Services,MKM BUILDING SUPPLIES (HULL) LTD,576.20,Stores Purchases (Dlo)
INSERTED DETAIL,,Place,DLO Services,MKM BUILDING SUPPLIES (HULL) LTD,689.04,Direct Charges - Materials (Dlo)
INSERTED DETAIL,,Place,DLO Services,MKM BUILDING SUPPLIES (HULL) LTD,"3,284.80",Direct Charges - Materials (Dlo)
INSERTED DETAIL,,Place,DLO Services,MKM BUILDING SUPPLIES (HULL) LTD,749.06,Direct Charges - Materials (Dlo)
INSERTED DETAIL,,Place,DLO Services,MKM BUILDING SUPPLIES (HULL) LTD,742.56,Direct Charges - Materials (Dlo)
INSERTED DETAIL,,Place,DLO Services,MKM BUILDING SUPPLIES (HULL) LTD,702.72,Direct Charges - Materials (Dlo)
INSERTED DETAIL,,Place,DLO Services,MKM BUILDING SUPPLIES (HULL) LTD,770.92,Direct Charges - Materials (Dlo)
INSERTED DETAIL,,Place,DLO Services,MKM BUILDING SUPPLIES (HULL) LTD,"1,541.84",Direct Charges - Materials (Dlo)
INSERTED DETAIL,,Place,DLO Services,MKM BUILDING SUPPLIES (HULL) LTD,"2,285.36",Direct Charges - Materials (Dlo)
INSERTED DETAIL,,Place,DLO Services,MKM BUILDING SUPPLIES (HULL) LTD,579.78,Direct Charges - Materials (Dlo)
INSERTED DETAIL,,Place,DLO Services,MKM BUILDING SUPPLIES (HULL) LTD,579.78,Direct Charges - Materials (Dlo)
INSERTED DETAIL,,Place,DLO Services,MKM BUILDING SUPPLIES (HULL) LTD,579.78,Direct Charges - Materials (Dlo)
INSERTED DETAIL,,Place,DLO Services,MKM BUILDING SUPPLIES (HULL) LTD,"1,183.00",Direct Charges - Materials (Dlo)
INSERTED DETAIL,,Place,DLO Services,MKM BUILDING SUPPLIES (HULL) LTD,"1,097.77",Direct Charges - Materials (Dlo)
INSERTED DETAIL,,Place,DLO Services,MKM BUILDING SUPPLIES (HULL) LTD,703.20,Direct Charges - Materials (Dlo)
INSERTED DETAIL,,Place,DLO Services,MRC ROADS LIMITED,"1,398.60",Direct Charges - Contractors
INSERTED DETAIL,,Place,DLO Services,MRC ROADS LIMITED,893.00,Direct Charges - Contractors
INSERTED DETAIL,,Place,DLO Services,MRC ROADS LIMITED,"7,392.23",Direct Charges - Contractors
INSERTED DETAIL,,Place,DLO Services,MRC ROADS LIMITED,"2,027.00",Direct Charges - Contractors
INSERTED DETAIL,,Place,DLO Services,MRC ROADS LIMITED,"1,160.00",Direct Charges - Contractors
INSERTED DETAIL,,Place,DLO Services,MRC ROADS LIMITED,816.00,Direct Charges - Contractors
INSERTED DETAIL,,Place,DLO Services,MRC ROADS LIMITED,"12,224.25",Direct Charges - Contractors
INSERTED DETAIL,,Place,DLO Services,MRC ROADS LIMITED,"4,407.00",Direct Charges - Contractors
INSERTED DETAIL,,Place,DLO Services,MRC ROADS LIMITED,556.00,Direct Charges - Contractors
INSERTED DETAIL,,Place,DLO Services,MRC ROADS LIMITED,"2,585.37",Direct Charges - Contractors
INSERTED DETAIL,,Place,DLO Services,MRC ROADS LIMITED,942.00,Direct Charges - Contractors
INSERTED DETAIL,,Place,DLO Services,NES SERVICES LTD,"4,693.68",Security Services
INSERTED DETAIL,,Place,DLO Services,NES SERVICES LTD,"4,903.56",Security Services
INSERTED DETAIL,,Place,DLO Services,NORTHGATE VEHICLE HIRE LIMITED,511.72,Vehicle Hire
INSERTED DETAIL,,Place,DLO Services,OCKWELLS,543.75,Direct Charges - Materials (Dlo)
INSERTED DETAIL,,Place,DLO Services,OCKWELLS,543.75,Direct Charges - Materials (Dlo)
INSERTED DETAIL,,Place,DLO Services,PREMIER TRAFFIC MANAGEMENT,528.76,Direct Charges - Contractors
INSERTED DETAIL,,Place,DLO Services,PREMIER TRAFFIC MANAGEMENT,767.44,Direct Charges - Contractors
INSERTED DETAIL,,Place,DLO Services,PREMIER TRAFFIC MANAGEMENT,"1,028.79",Direct Charges - Contractors
INSERTED DETAIL,,Place,DLO Services,PREMIER TRAFFIC MANAGEMENT,"4,509.65",Direct Charges - Contractors
INSERTED DETAIL,,Place,DLO Services,PREMIER TRAFFIC MANAGEMENT,"1,904.08",Direct Charges - Contractors
INSERTED DETAIL,,Place,DLO Services,PREMIER TRAFFIC MANAGEMENT,636.96,Direct Charges - Contractors
INSERTED DETAIL,,Place,DLO Services,R A HALL,"3,382.30",Direct Charges - Materials (Dlo)
INSERTED DETAIL,,Place,DLO Services,R A HALL,"39,040.05",Direct Charges - Materials (Dlo)
INSERTED DETAIL,,Place,DLO Services,RENNYCO LTD,995.00,Direct Charges - Contractors
INSERTED DETAIL,,Place,DLO Services,RENNYCO LTD,"5,330.06",Direct Charges - Contractors
INSERTED DETAIL,,Place,DLO Services,RMS RECRUITMENT,520.60,Agency Staff Costs - Non Teaching
INSERTED DETAIL,,Place,DLO Services,RMS RECRUITMENT,502.09,Agency Staff Costs - Non Teaching
INSERTED DETAIL,,Place,DLO Services,RMS RECRUITMENT,502.09,Agency Staff Costs - Non Teaching
INSERTED DETAIL,,Place,DLO Services,RMS RECRUITMENT,502.09,Agency Staff Costs - Non Teaching
INSERTED DETAIL,,Place,DLO Services,RMS RECRUITMENT,529.23,Agency Staff Costs - Non Teaching
INSERTED DETAIL,,Place,DLO Services,RMS RECRUITMENT,779.10,Agency Staff Costs - Non Teaching
INSERTED DETAIL,,Place,DLO Services,RMS RECRUITMENT,779.10,Agency Staff Costs - Non Teaching
INSERTED DETAIL,,Place,DLO Services,RMS RECRUITMENT,779.10,Agency Staff Costs - Non Teaching
INSERTED DETAIL,,Place,DLO Services,RMS RECRUITMENT,715.95,Agency Staff Costs - Non Teaching
INSERTED DETAIL,,Place,DLO Services,RMS RECRUITMENT,572.02,Agency Staff Costs - Non Teaching
INSERTED DETAIL,,Place,DLO Services,RMS RECRUITMENT,507.27,Agency Staff Costs - Non Teaching
INSERTED DETAIL,,Place,DLO Services,RMS RECRUITMENT,572.02,Agency Staff Costs - Non Teaching
INSERTED DETAIL,,Place,DLO Services,RMS RECRUITMENT,506.90,Agency Staff Costs - Non Teaching
INSERTED DETAIL,,Place,DLO Services,RMS RECRUITMENT,715.95,Agency Staff Costs - Non Teaching
INSERTED DETAIL,,Place,DLO Services,RMS RECRUITMENT,715.95,Agency Staff Costs - Non Teaching
INSERTED DETAIL,,Place,DLO Services,RMS RECRUITMENT,532.06,Agency Staff Costs - Non Teaching
INSERTED DETAIL,,Place,DLO Services,RMS RECRUITMENT,532.06,Agency Staff Costs - Non Teaching
INSERTED DETAIL,,Place,DLO Services,RMS RECRUITMENT,532.06,Agency Staff Costs - Non Teaching
INSERTED DETAIL,,Place,DLO Services,RMS RECRUITMENT,560.82,Agency Staff Costs - Non Teaching
INSERTED DETAIL,,Place,DLO Services,RMS RECRUITMENT,754.65,Agency Staff Costs - Non Teaching
INSERTED DETAIL,,Place,DLO Services,RMS RECRUITMENT,502.09,Agency Staff Costs - Non Teaching
INSERTED DETAIL,,Place,DLO Services,RMS RECRUITMENT,579.75,Agency Staff Costs - Non Teaching
INSERTED DETAIL,,Place,DLO Services,RMS RECRUITMENT,534.30,Agency Staff Costs - Non Teaching
INSERTED DETAIL,,Place,DLO Services,RMS RECRUITMENT,561.70,Agency Staff Costs - Non Teaching
INSERTED DETAIL,,Place,DLO Services,RMS RECRUITMENT,532.06,Agency Staff Costs - Non Teaching
INSERTED DETAIL,,Place,DLO Services,RMS RECRUITMENT,587.48,Agency Staff Costs - Non Teaching
INSERTED DETAIL,,Place,DLO Services,RMS RECRUITMENT,587.48,Agency Staff Costs - Non Teaching
INSERTED DETAIL,,Place,DLO Services,RMS RECRUITMENT,735.30,Agency Staff Costs - Non Teaching
INSERTED DETAIL,,Place,DLO Services,RMS RECRUITMENT,572.02,Agency Staff Costs - Non Teaching
INSERTED DETAIL,,Place,DLO Services,RMS RECRUITMENT,572.02,Agency Staff Costs - Non Teaching
INSERTED DETAIL,,Place,DLO Services,RMS RECRUITMENT,609.65,Agency Staff Costs - Non Teaching
INSERTED DETAIL,,Place,DLO Services,RMS RECRUITMENT,602.94,Agency Staff Costs - Non Teaching
INSERTED DETAIL,,Place,DLO Services,RMS RECRUITMENT,779.10,Agency Staff Costs - Non Teaching
INSERTED DETAIL,,Place,DLO Services,RMS RECRUITMENT,779.10,Agency Staff Costs - Non Teaching
INSERTED DETAIL,,Place,DLO Services,RMS RECRUITMENT,779.10,Agency Staff Costs - Non Teaching
INSERTED DETAIL,,Place,DLO Services,RMS RECRUITMENT,572.02,Agency Staff Costs - Non Teaching
INSERTED DETAIL,,Place,DLO Services,RMS RECRUITMENT,506.90,Agency Staff Costs - Non Teaching
INSERTED DETAIL,,Place,DLO Services,RMS RECRUITMENT,532.06,Agency Staff Costs - Non Teaching
INSERTED DETAIL,,Place,DLO Services,RMS RECRUITMENT,506.90,Agency Staff Costs - Non Teaching
INSERTED DETAIL,,Place,DLO Services,RMS RECRUITMENT,572.02,Agency Staff Costs - Non Teaching
INSERTED DETAIL,,Place,DLO Services,RMS RECRUITMENT,572.02,Agency Staff Costs - Non Teaching
INSERTED DETAIL,,Place,DLO Services,RMS RECRUITMENT,572.02,Agency Staff Costs - Non Teaching
INSERTED DETAIL,,Place,DLO Services,RMS RECRUITMENT,527.45,Agency Staff Costs - Non Teaching
INSERTED DETAIL,,Place,DLO Services,RMS RECRUITMENT,506.90,Agency Staff Costs - Non Teaching
INSERTED DETAIL,,Place,DLO Services,RMS RECRUITMENT,572.02,Agency Staff Costs - Non Teaching
INSERTED DETAIL,,Place,DLO Services,RMS RECRUITMENT,506.90,Agency Staff Costs - Non Teaching
INSERTED DETAIL,,Place,DLO Services,RMS RECRUITMENT,715.95,Agency Staff Costs - Non Teaching
INSERTED DETAIL,,Place,DLO Services,RMS RECRUITMENT,572.02,Agency Staff Costs - Non Teaching
INSERTED DETAIL,,Place,DLO Services,RMS RECRUITMENT,520.60,Agency Staff Costs - Non Teaching
INSERTED DETAIL,,Place,DLO Services,RMS RECRUITMENT,678.50,Agency Staff Costs - Non Teaching
INSERTED DETAIL,,Place,DLO Services,RMS RECRUITMENT,502.09,Agency Staff Costs - Non Teaching
INSERTED DETAIL,,Place,DLO Services,RMS RECRUITMENT,508.88,Agency Staff Costs - Non Teaching
INSERTED DETAIL,,Place,DLO Services,RMS RECRUITMENT,502.09,Agency Staff Costs - Non Teaching
INSERTED DETAIL,,Place,DLO Services,RMS RECRUITMENT,508.88,Agency Staff Costs - Non Teaching
INSERTED DETAIL,,Place,DLO Services,RMS RECRUITMENT,502.09,Agency Staff Costs - Non Teaching
INSERTED DETAIL,,Place,DLO Services,RMS RECRUITMENT,502.09,Agency Staff Costs - Non Teaching
INSERTED DETAIL,,Place,DLO Services,S & I STRUCTURES,"37,050.00",Direct Charges - Contractors
INSERTED DETAIL,,Place,DLO Services,SHERBURN STONE CO LTD,"1,111.82",Direct Charges - Materials (Dlo)
INSERTED DETAIL,,Place,DLO Services,SHERBURN STONE CO LTD,813.26,Direct Charges - Materials (Dlo)
INSERTED DETAIL,,Place,DLO Services,SHERBURN STONE CO LTD,"2,708.80",Direct Charges - Materials (Dlo)
INSERTED DETAIL,,Place,DLO Services,SHERBURN STONE CO LTD,595.21,Direct Charges - Materials (Dlo)
INSERTED DETAIL,,Place,DLO Services,SHERBURN STONE CO LTD,"3,347.27",Direct Charges - Materials (Dlo)
INSERTED DETAIL,,Place,DLO Services,SHERBURN STONE CO LTD,"5,222.23",Direct Charges - Materials (Dlo)
INSERTED DETAIL,,Place,DLO Services,SHERBURN STONE CO LTD,735.91,Direct Charges - Materials (Dlo)
INSERTED DETAIL,,Place,DLO Services,SHERBURN STONE CO LTD,577.04,Direct Charges - Materials (Dlo)
INSERTED DETAIL,,Place,DLO Services,SHERBURN STONE CO LTD,"3,020.35",Direct Charges - Materials (Dlo)
INSERTED DETAIL,,Place,DLO Services,SHERBURN STONE CO LTD,930.55,Direct Charges - Materials (Dlo)
INSERTED DETAIL,,Place,DLO Services,T MANNERS & SONS LTD,"1,507.27",Direct Charges - Contractors
INSERTED DETAIL,,Place,DLO Services,TARMAC BUILDING PRODUCTS LTD,598.88,Direct Charges - Materials (Dlo)
INSERTED DETAIL,,Place,DLO Services,TARMAC LTD,"25,475.57",Direct Charges - Contractors
INSERTED DETAIL,,Place,DLO Services,TARMAC LTD,"40,990.59",Direct Charges - Contractors
INSERTED DETAIL,,Place,DLO Services,TARMAC LTD,"2,583.36",Direct Charges - Materials (Dlo)
INSERTED DETAIL,,Place,DLO Services,TARMAC LTD,"2,901.60",Direct Charges - Materials (Dlo)
INSERTED DETAIL,,Place,DLO Services,TARMAC LTD,"53,892.78",Direct Charges - Contractors
INSERTED DETAIL,,Place,DLO Services,TARMAC LTD,598.88,Direct Charges - Materials (Dlo)
INSERTED DETAIL,,Place,DLO Services,THE SYMPHONY GROUP PLC,648.00,Direct Charges - Materials (Dlo)
INSERTED DETAIL,,Place,DLO Services,THE SYMPHONY GROUP PLC,606.89,Direct Charges - Materials (Dlo)
INSERTED DETAIL,,Place,DLO Services,THE SYMPHONY GROUP PLC,568.87,Direct Charges - Materials (Dlo)
INSERTED DETAIL,,Place,DLO Services,THE SYMPHONY GROUP PLC,675.88,Direct Charges - Materials (Dlo)
INSERTED DETAIL,,Place,DLO Services,THE SYMPHONY GROUP PLC,514.09,Direct Charges - Materials (Dlo)
INSERTED DETAIL,,Place,DLO Services,THE SYMPHONY GROUP PLC,555.28,Direct Charges - Materials (Dlo)
INSERTED DETAIL,,Place,DLO Services,THE SYMPHONY GROUP PLC,698.79,Direct Charges - Materials (Dlo)
INSERTED DETAIL,,Place,DLO Services,THE SYMPHONY GROUP PLC,553.18,Direct Charges - Materials (Dlo)
INSERTED DETAIL,,Place,DLO Services,TODDS HIGHWAY MAINTENANCE LTD,"1,240.00",Direct Charges - Contractors
INSERTED DETAIL,,Place,DLO Services,TODDS HIGHWAY MAINTENANCE LTD,930.00,Direct Charges - Contractors
INSERTED DETAIL,,Place,DLO Services,TODDS HIGHWAY MAINTENANCE LTD,850.00,Direct Charges - Contractors
INSERTED DETAIL,,Place,DLO Services,TODDS HIGHWAY MAINTENANCE LTD,"1,740.00",Direct Charges - Contractors
INSERTED DETAIL,,Place,DLO Services,TODDS HIGHWAY MAINTENANCE LTD,"2,900.00",Direct Charges - Contractors
INSERTED DETAIL,,Place,DLO Services,TODDS HIGHWAY MAINTENANCE LTD,"1,240.00",Direct Charges - Contractors
INSERTED DETAIL,,Place,DLO Services,TODDS HIGHWAY MAINTENANCE LTD,990.00,Direct Charges - Contractors
INSERTED DETAIL,,Place,DLO Services,TONY WARD PLANT HIRE (T W DEVELOPMENTS),900.00,Direct Charges - Contractors
INSERTED DETAIL,,Place,DLO Services,TONY WARD PLANT HIRE (T W DEVELOPMENTS),580.00,Direct Charges - Contractors
INSERTED DETAIL,,Place,DLO Services,TONY WARD PLANT HIRE (T W DEVELOPMENTS),"1,600.00",Direct Charges - Contractors
INSERTED DETAIL,,Place,DLO Services,TONY WARD PLANT HIRE (T W DEVELOPMENTS),"1,280.00",Direct Charges - Contractors
INSERTED DETAIL,,Place,DLO Services,TONY WARD PLANT HIRE (T W DEVELOPMENTS),849.90,Direct Charges - Contractors
INSERTED DETAIL,,Place,DLO Services,TONY WARD PLANT HIRE (T W DEVELOPMENTS),677.10,Direct Charges - Contractors
INSERTED DETAIL,,Place,DLO Services,TONY WARD PLANT HIRE (T W DEVELOPMENTS),549.90,Direct Charges - Contractors
INSERTED DETAIL,,Place,DLO Services,TONY WARD PLANT HIRE (T W DEVELOPMENTS),549.90,Direct Charges - Contractors
INSERTED DETAIL,,Place,DLO Services,TONY WARD PLANT HIRE (T W DEVELOPMENTS),849.90,Direct Charges - Contractors
INSERTED DETAIL,,Place,DLO Services,TONY WARD PLANT HIRE (T W DEVELOPMENTS),549.90,Direct Charges - Contractors
INSERTED DETAIL,,Place,DLO Services,TONY WARD PLANT HIRE (T W DEVELOPMENTS),526.50,Direct Charges - Contractors
INSERTED DETAIL,,Place,DLO Services,TONY WARD PLANT HIRE (T W DEVELOPMENTS),526.50,Direct Charges - Contractors
INSERTED DETAIL,,Place,DLO Services,TONY WARD PLANT HIRE (T W DEVELOPMENTS),691.20,Direct Charges - Contractors
INSERTED DETAIL,,Place,DLO Services,TRU-LINE (SUSPENDED CEILINGS) LTD,"3,456.39",Direct Charges - Contractors
INSERTED DETAIL,,Place,DLO Services,TRU-LINE (SUSPENDED CEILINGS) LTD,"2,775.95",Direct Charges - Contractors
INSERTED DETAIL,,Place,DLO Services,TRU-LINE (SUSPENDED CEILINGS) LTD,"5,143.00",Direct Charges - Contractors
INSERTED DETAIL,,Place,DLO Services,VENN GROUP LTD,510.00,Agency Staff Costs - Non Teaching
INSERTED DETAIL,,Place,DLO Services,VENN GROUP LTD,562.50,Agency Staff Costs - Non Teaching
INSERTED DETAIL,,Place,DLO Services,WERNICK HIRE LTD,548.58,Plant Hire
INSERTED DETAIL,,Place,DLO Services,WERNICK HIRE LTD,640.00,Plant Hire
INSERTED DETAIL,,Place,DLO Services,WERNICK HIRE LTD,685.72,Plant Hire
INSERTED DETAIL,,Place,Environmental Services,CLEVELAND POTASH LTD,"8,973.96",Ground Maintenance
INSERTED DETAIL,,Place,Environmental Services,CLEVELAND POTASH LTD,"13,183.65",Ground Maintenance
INSERTED DETAIL,,Place,Environmental Services,CLEVELAND POTASH LTD,"6,778.68",Ground Maintenance
INSERTED DETAIL,,Place,Environmental Services,CLEVELAND POTASH LTD,"16,330.25",Ground Maintenance
INSERTED DETAIL,,Place,Environmental Services,CLEVELAND POTASH LTD,"5,449.81",Ground Maintenance
INSERTED DETAIL,,Place,Environmental Services,CLEVELAND POTASH LTD,"11,907.69",Ground Maintenance
INSERTED DETAIL,,Place,Environmental Services,CLEVELAND POTASH LTD,"30,848.29",Ground Maintenance
INSERTED DETAIL,,Place,Environmental Services,CLEVELAND POTASH LTD,"1,815.18",Ground Maintenance
INSERTED DETAIL,,Place,Environmental Services,COLLETT TRANSPORT SERVICES ltd,630.00,Vehicle Hire
INSERTED DETAIL,,Place,Environmental Services,COMMUNITY IMPACT ENTERPRISE LTD,"2,111.45",3Rd Part Apprentices
INSERTED DETAIL,,Place,Environmental Services,CTRACK LTD,912.50,Other Supplies & Services
INSERTED DETAIL,,Place,Environmental Services,DEERNESS KENNELS,827.40,Professional Fees & Consultancy
INSERTED DETAIL,,Place,Environmental Services,DR CARTER AND PARTNERS,"2,095.50",Medical
INSERTED DETAIL,,Place,Environmental Services,EARLEY ORNAMENTALS LTD,"10,565.00",Greenhouses
INSERTED DETAIL,,Place,Environmental Services,EARLEY ORNAMENTALS LTD,"1,092.75",Containers
INSERTED DETAIL,,Place,Environmental Services,EARLEY ORNAMENTALS LTD,"2,391.00",Containers
INSERTED DETAIL,,Place,Environmental Services,EARLEY ORNAMENTALS LTD,"14,625.75",Containers
INSERTED DETAIL,,Place,Environmental Services,EMPIRE ADVENTURE LTD,870.00,Events & Awards
INSERTED DETAIL,,Place,Environmental Services,ENGAGE GROUP UK,"1,240.00",Marketing & Advertising
INSERTED DETAIL,,Place,Environmental Services,FLEET (LINE MARKERS) LTD,895.35,Other Consumables
INSERTED DETAIL,,Place,Environmental Services,FRADE,886.22,Refuse Services
INSERTED DETAIL,,Place,Environmental Services,LUBBE & SONS (BULBS) LTD,"1,339.24",Finished Bedding
INSERTED DETAIL,,Place,Environmental Services,LUBBE & SONS (BULBS) LTD,"1,217.71",Finished Bedding
INSERTED DETAIL,,Place,Environmental Services,LUBBE & SONS (BULBS) LTD,"1,420.98",Finished Bedding
INSERTED DETAIL,,Place,Environmental Services,LUBBE & SONS (BULBS) LTD,693.15,Finished Bedding
INSERTED DETAIL,,Place,Environmental Services,LUBBE & SONS (BULBS) LTD,"2,394.58",Finished Bedding
INSERTED DETAIL,,Place,Environmental Services,LUBBE & SONS (BULBS) LTD,"3,048.82",Finished Bedding
INSERTED DETAIL,,Place,Environmental Services,LUBBE & SONS (BULBS) LTD,"1,273.63",Finished Bedding
INSERTED DETAIL,,Place,Environmental Services,LUBBE & SONS (BULBS) LTD,501.14,Finished Bedding
INSERTED DETAIL,,Place,Environmental Services,LUBBE & SONS (BULBS) LTD,537.25,Finished Bedding
INSERTED DETAIL,,Place,Environmental Services,LUBBE & SONS (BULBS) LTD,"1,786.59",Finished Bedding
INSERTED DETAIL,,Place,Environmental Services,NEASHAM NURSERIES LTD,737.01,Finished Bedding
INSERTED DETAIL,,Place,Environmental Services,NEASHAM NURSERIES LTD,"1,200.64",Bedding Plug Plants
INSERTED DETAIL,,Place,Environmental Services,RMS RECRUITMENT,"2,668.01",Agency Staff Costs - Non Teaching
INSERTED DETAIL,,Place,Environmental Services,RMS RECRUITMENT,568.01,Agency Staff Costs - Non Teaching
INSERTED DETAIL,,Place,Environmental Services,RMS RECRUITMENT,"2,751.63",Agency Staff Costs - Non Teaching
INSERTED DETAIL,,Place,Environmental Services,RMS RECRUITMENT,810.30,Agency Staff Costs - Non Teaching
INSERTED DETAIL,,Place,Environmental Services,RMS RECRUITMENT,"2,314.97",Agency Staff Costs - Non Teaching
INSERTED DETAIL,,Place,Environmental Services,RMS RECRUITMENT,"2,555.10",Agency Staff Costs - Non Teaching
INSERTED DETAIL,,Place,Environmental Services,RMS RECRUITMENT,810.30,Agency Staff Costs - Non Teaching
INSERTED DETAIL,,Place,Environmental Services,RMS RECRUITMENT,"1,735.16",Agency Staff Costs - Non Teaching
INSERTED DETAIL,,Place,Environmental Services,RMS RECRUITMENT,810.30,Agency Staff Costs - Non Teaching
INSERTED DETAIL,,Place,Environmental Services,RMS RECRUITMENT,"1,946.91",Agency Staff Costs - Non Teaching
INSERTED DETAIL,,Place,Environmental Services,RMS RECRUITMENT,649.05,Agency Staff Costs - Non Teaching
INSERTED DETAIL,,Place,Environmental Services,SEWELL & CARR,561.20,Finished Bedding
INSERTED DETAIL,,Place,Environmental Services,STONEGRAVE AGGREGATES LTD,"273,860.75",Waste Management
INSERTED DETAIL,,Place,Environmental Services,STONEGRAVE AGGREGATES LTD,"3,526.47",Waste Management
INSERTED DETAIL,,Place,Environmental Services,STONEGRAVE AGGREGATES LTD,"44,700.00",Waste Management
INSERTED DETAIL,,Place,Environmental Services,STONEGRAVE AGGREGATES LTD,950.00,Vehicle Hire
INSERTED DETAIL,,Place,Environmental Services,TC CONSULTING (KILLINGHALL) LTD,725.00,Other Supplies & Services
INSERTED DETAIL,,Place,Environmental Services,THE PHOENIX PARTNERSHIP,861.00,Equipment R&M
INSERTED DETAIL,,Place,Environmental Services,THE PHOENIX PARTNERSHIP,"2,595.00",Equipment R&M
INSERTED DETAIL,,Place,Environmental Services,TILLAGE,540.00,Bedding Plug Plants
INSERTED DETAIL,,Place,Environmental Services,TILLAGE,"4,464.00",Bedding Plug Plants
INSERTED DETAIL,,Place,Highway Asset Management,NORTHERN POWERGRID (NORTHEAST) LTD,826.21,Routine Maintenance
INSERTED DETAIL,,Place,Highway Asset Management,NORTHERN POWERGRID (NORTHEAST) LTD,"1,019.80",Routine Maintenance
INSERTED DETAIL,,Place,Highway Asset Management,NORTHERN POWERGRID (NORTHEAST) LTD,697.66,Routine Maintenance
INSERTED DETAIL,,Place,Highway Asset Management,NORTHERN POWERGRID (NORTHEAST) LTD,539.87,Routine Maintenance
INSERTED DETAIL,,Place,Highway Asset Management,NORTHERN POWERGRID (NORTHEAST) LTD,"1,046.49",Routine Maintenance
INSERTED DETAIL,,Place,Highway Asset Management,NPOWER NORTHERN LTD,"2,501.10",Electricity
INSERTED DETAIL,,Place,Highway Asset Management,NPOWER NORTHERN LTD,549.17,Electricity
INSERTED DETAIL,,Place,Highway Asset Management,YOTTA DCL,"3,829.27",Statutory Testing
INSERTED DETAIL,,Place,Highway Network Management,NPOWER NORTHERN LTD,657.67,Electricity
INSERTED DETAIL,,Place,Highways Management,ZENITH,550.00,Employee Training Course Costs
INSERTED DETAIL,,Place,Joint Leveys & Boards,ENVIRONMENT AGENCY,"22,854.50",Contributions/Donations
INSERTED DETAIL,,Place,Joint Leveys & Boards,ENVIRONMENT AGENCY,"22,854.50",Contributions/Donations
INSERTED DETAIL,,Place,Programme & Projects,1AB TAXIS LTD,"4,290.00",Contract Hire
INSERTED DETAIL,,Place,Programme & Projects,ARRIVA NORTH EAST LIMITED,"2,888.17",Other Supplies & Services
INSERTED DETAIL,,Place,Programme & Projects,ARRIVA NORTH EAST LIMITED,"228,942.57",Other Supplies & Services
INSERTED DETAIL,,Place,Programme & Projects,EVOLUTION,"3,900.00",Other Supplies & Services
INSERTED DETAIL,,Place,Programme & Projects,KINGFISHER MEDIA LTD,750.00,Advertising
INSERTED DETAIL,,Place,Programme & Projects,MERCHANDISE MANIA LTD,"1,595.00",Marketing & Advertising
INSERTED DETAIL,,Place,Programme & Projects,SMITH CREATIVE,"18,313.00",Marketing & Advertising
INSERTED DETAIL,,Place,Programme & Projects,STAR RADIO,"1,001.50",Marketing & Advertising
INSERTED DETAIL,,Place,Programme & Projects,W A FAIRHURST & PARTNERS,"8,745.43",Engineers Programmed Maintenance
INSERTED DETAIL,,Place,Regulatory Services,BEMROSE BOOTH LTD,"1,545.00",Stationery
INSERTED DETAIL,,Place,Regulatory Services,DISCLOSURE & BARRING SERVICE,792.00,Crb Checks
INSERTED DETAIL,,Place,Regulatory Services,HMCTS,"1,000.00",Other Supplies & Services
INSERTED DETAIL,,Place,Regulatory Services,PAY BY PHONE,693.43,Ict Software Support & Maintenance
INSERTED DETAIL,,Place,Regulatory Services,SDS SPECIALIST SOLUTIONS LIMITED,"7,240.00",Printing
INSERTED DETAIL,,Place,Transport & Building Cleaning,ATS EUROMASTER LTD,690.06,Materials
INSERTED DETAIL,,Place,Transport & Building Cleaning,ATS EUROMASTER LTD,551.34,Materials
INSERTED DETAIL,,Place,Transport & Building Cleaning,ATS EUROMASTER LTD,690.06,Materials
INSERTED DETAIL,,Place,Transport & Building Cleaning,BRIAN ROBINSON MACHINERY,736.44,Materials
INSERTED DETAIL,,Place,Transport & Building Cleaning,BRIAN ROBINSON MACHINERY,652.65,Materials
INSERTED DETAIL,,Place,Transport & Building Cleaning,CDM RECRUITMENT LTD,597.92,Agency Staff Costs - Non Teaching
INSERTED DETAIL,,Place,Transport & Building Cleaning,CDM RECRUITMENT LTD,597.92,Agency Staff Costs - Non Teaching
INSERTED DETAIL,,Place,Transport & Building Cleaning,DAWSONRENTALS SWEEPERS,"1,715.00",Vehicle Hire
INSERTED DETAIL,,Place,Transport & Building Cleaning,DAWSONRENTALS SWEEPERS,"1,715.00",Vehicle Hire
INSERTED DETAIL,,Place,Transport & Building Cleaning,DAWSONRENTALS SWEEPERS,"1,715.00",Vehicle Hire
INSERTED DETAIL,,Place,Transport & Building Cleaning,DAWSONRENTALS SWEEPERS,"1,715.00",Vehicle Hire
INSERTED DETAIL,,Place,Transport & Building Cleaning,DENNIS EAGLE LTD,811.38,Materials
INSERTED DETAIL,,Place,Transport & Building Cleaning,EURO TRUCK BODIES LTD,700.00,Materials
INSERTED DETAIL,,Place,Transport & Building Cleaning,FREIGHT TRANSPORT ASSOCIATION LTD,662.00,Subscriptions
INSERTED DETAIL,,Place,Transport & Building Cleaning,GB OILS T/A BRETT FUELS,"3,159.00",Vehicle Fuel
INSERTED DETAIL,,Place,Transport & Building Cleaning,NORTH EAST TRUCK & VAN LTD,538.18,Materials
INSERTED DETAIL,,Place,Transport & Building Cleaning,SCANIA (GREAT BRITAIN) LIMITED,"1,591.29",Materials
INSERTED DETAIL,,Place,Transport & Building Cleaning,TECHWELD,540.50,Equipment
INSERTED DETAIL,,Place,Housing,EDEN BROWN,783.00,Agency Staff Costs - Non Teaching
INSERTED DETAIL,,Place,Housing,EDEN BROWN,"1,116.50",Agency Staff Costs - Non Teaching
INSERTED DETAIL,,Place,Housing,EDEN BROWN,"1,015.00",Agency Staff Costs - Non Teaching
INSERTED DETAIL,,Place,Housing,EDEN BROWN,"1,044.00",Agency Staff Costs - Non Teaching
INSERTED DETAIL,,Place,Housing,EDEN BROWN,"1,036.75",Agency Staff Costs - Non Teaching
INSERTED DETAIL,,Place,Housing,EDEN BROWN,"1,015.00",Agency Staff Costs - Non Teaching
INSERTED DETAIL,,Place,Housing,EDEN BROWN,"1,036.75",Agency Staff Costs - Non Teaching
INSERTED DETAIL,,Place,Housing,EDEN BROWN,"1,102.00",Agency Staff Costs - Non Teaching
INSERTED DETAIL,,Place,Housing,FOUR HOUSING,"13,000.00",Building Repairs And Maintenance
INSERTED DETAIL,,Place,Housing,FOUR HOUSING,"13,000.00",Contributions/Donations
INSERTED DETAIL,,Place,Housing,PARK RETAIL LIMITED,"1,980.00",Crisis Support
INSERTED DETAIL,,Place,Housing,SCHOTT REMOVALS TRANSPORT LTD,622.00,Community Care Support
INSERTED DETAIL,,Place,Housing,THE FURNISHING SERVICE,548.84,Community Care Support
INSERTED DETAIL,,Place,Housing,THE FURNISHING SERVICE,891.05,Community Care Support
INSERTED DETAIL,,Place,Housing,THE FURNISHING SERVICE,890.19,Community Care Support
INSERTED DETAIL,,Place,Housing,THE FURNISHING SERVICE,740.53,Community Care Support
INSERTED DETAIL,,Place,Housing,THE FURNISHING SERVICE,607.88,Community Care Support
INSERTED DETAIL,,Place,Housing,THE FURNISHING SERVICE,501.71,Community Care Support
INSERTED DETAIL,,Place,Housing,THE FURNISHING SERVICE,588.55,Community Care Support
INSERTED DETAIL,,Place,Housing,THE FURNISHING SERVICE,"1,095.19",Community Care Support
INSERTED DETAIL,,Place,Housing,TWOFOLD LTD,974.50,Stationery
INSERTED DETAIL,,Place,Housing,VENN GROUP LTD,"1,158.63",Agency Staff Costs - Non Teaching
INSERTED DETAIL,,Place,Housing,VENN GROUP LTD,"1,166.10",Agency Staff Costs - Non Teaching
INSERTED DETAIL,,Place,Housing,VENN GROUP LTD,"1,106.30",Agency Staff Costs - Non Teaching
INSERTED DETAIL,,Place,Housing,VENN GROUP LTD,"1,106.30",Agency Staff Costs - Non Teaching
INSERTED DETAIL,,Place,Housing,VENN GROUP LTD,"1,233.38",Agency Staff Costs - Non Teaching
INSERTED DETAIL,,Place,Housing Revenue Account,ALAN AYERS & CO,"1,187.50",Rent Of Facilities
INSERTED DETAIL,,Place,Housing Revenue Account,ALBANY OFFICE FURNITURE SOLUTIONS,515.00,Equipment
INSERTED DETAIL,,Place,Housing Revenue Account,ALBANY OFFICE FURNITURE SOLUTIONS,846.00,Equipment
INSERTED DETAIL,,Place,Housing Revenue Account,ALBANY OFFICE FURNITURE SOLUTIONS,530.00,Equipment
INSERTED DETAIL,,Place,Housing Revenue Account,ARCUS CONSULTING LLP,531.00,Responsive - Void E.P.C.
INSERTED DETAIL,,Place,Housing Revenue Account,BARRIER ENERGY LTD,778.00,Cyclical - Air Source Heat Pumps
INSERTED DETAIL,,Place,Housing Revenue Account,BCS PRESERVATION LIMITED,541.00,Responsive Repairs (General)
INSERTED DETAIL,,Place,Housing Revenue Account,BCS PRESERVATION LIMITED,"1,166.00",Responsive Repairs (General)
INSERTED DETAIL,,Place,Housing Revenue Account,BCS PRESERVATION LIMITED,"1,656.00",Responsive Repairs (General)
INSERTED DETAIL,,Place,Housing Revenue Account,BCS PRESERVATION LIMITED,682.00,Responsive Repairs (General)
INSERTED DETAIL,,Place,Housing Revenue Account,BIOHEALTH SOLUTIONS,550.00,Responsive Repairs (General)
INSERTED DETAIL,,Place,Housing Revenue Account,HANOVER HOUSING ASSOCIATION,"41,108.82",Other Supplies & Services
INSERTED DETAIL,,Place,Housing Revenue Account,LYTESTREAM ELECTRICAL CONTRACTORS,661.39,Responsive Repairs (General)
INSERTED DETAIL,,Place,Housing Revenue Account,NORTHUMBRIAN WATER,700.12,Water Charges
INSERTED DETAIL,,Place,Housing Revenue Account,NORTHUMBRIAN WATER,654.71,Water Charges
INSERTED DETAIL,,Place,Housing Revenue Account,NPOWER NORTHERN FINANCE,"1,501.70",Electricity
INSERTED DETAIL,,Place,Housing Revenue Account,NPOWER NORTHERN FINANCE,874.02,Electricity
INSERTED DETAIL,,Place,Housing Revenue Account,NPOWER NORTHERN FINANCE,"1,349.79",Electricity
INSERTED DETAIL,,Place,Housing Revenue Account,NPOWER NORTHERN FINANCE,"5,858.15",Electricity
INSERTED DETAIL,,Place,Housing Revenue Account,NPOWER NORTHERN FINANCE,992.15,Electricity
INSERTED DETAIL,,Place,Housing Revenue Account,NPOWER NORTHERN LTD,838.87,Electricity
INSERTED DETAIL,,Place,Housing Revenue Account,RIDER INDUSTRIAL & SPECIALIST CLEANING,650.00,Responsive Repairs (General)
INSERTED DETAIL,,Place,Housing Revenue Account,RIDER INDUSTRIAL & SPECIALIST CLEANING,"1,164.00",Responsive Repairs (General)
INSERTED DETAIL,,Place,Housing Revenue Account,RIDER INDUSTRIAL & SPECIALIST CLEANING,537.00,Responsive Repairs (General)
INSERTED DETAIL,,Place,Housing Revenue Account,RIDER INDUSTRIAL & SPECIALIST CLEANING,"1,705.00",Responsive Repairs (General)
INSERTED DETAIL,,Place,Housing Revenue Account,SITEXORBIS LTD,"4,026.94",Responsive-Empty Hse Security
INSERTED DETAIL,,Place,Housing Revenue Account,SITEXORBIS LTD,789.67,Responsive-Empty Hse Security
INSERTED DETAIL,,Place,Housing Revenue Account,T P S BOILER SPARES,"1,019.50",Equipment
INSERTED DETAIL,,Place,Housing Revenue Account,Y & S CONSTRUCTION,"2,400.00",Responsive - Empty Hse Repairs
INSERTED DETAIL,,People,Public Health,FRENCH AND LAMMING MEDIA LTD,520.83,Professional Fees & Consultancy
INSERTED DETAIL,,People,Public Health,MARGARET KYNOCH-MCDONALD,500.00,Professional Fees & Consultancy
INSERTED DETAIL,,People,Public Health,MARGARET KYNOCH-MCDONALD,500.00,Professional Fees & Consultancy
INSERTED DETAIL,,People,Public Health,ROWLANDS PHARMACY,"1,164.73",Consultancy Fees
INSERTED DETAIL,,People,Public Health,ROWLANDS PHARMACY,570.48,Consultancy Fees
INSERTED DETAIL,,People,Public Health,SAINSBURY PHARMACY,"2,020.45",Consultancy Fees
INSERTED DETAIL,,People,Adults Social Care,ADULT PLACEMENT SERVICES T/A AVALON,"1,020.00",Adult Placement Schemes
INSERTED DETAIL,,People,Adults Social Care,ADULT PLACEMENT SERVICES T/A AVALON,"4,587.24",Adult Placement Schemes
INSERTED DETAIL,,People,Adults Social Care,ALZHEIMERS SOCIETY,"6,248.74",Private Contractors
INSERTED DETAIL,,People,Adults Social Care,BUTTERWICK LIMITED,720.00,Respite
INSERTED DETAIL,,People,Adults Social Care,DARLINGTON ASSOCIATION ON DISABILITY (ALTO CARDS),"8,332.50",Services For Carers
INSERTED DETAIL,,People,Adults Social Care,DARLINGTON ASSOCIATION ON DISABILITY (ALTO CARDS),"24,997.50",Services For Carers
INSERTED DETAIL,,People,Adults Social Care,DARLINGTON ASSOCIATION ON DISABILITY LTD,"8,749.00",Advocacy
INSERTED DETAIL,,People,Adults Social Care,DARLINGTON ASSOCIATION ON DISABILITY LTD,"8,749.00",Advocacy
INSERTED DETAIL,,People,Adults Social Care,FOUR HOUSING,"1,631.89",Rent Of Facilities
INSERTED DETAIL,,People,Adults Social Care,FOUR HOUSING,"1,635.01",Rent Of Facilities
INSERTED DETAIL,,People,Adults Social Care,FOUR HOUSING,"17,500.00",Contributions/Donations
INSERTED DETAIL,,People,Adults Social Care,GAY ADVICE DARLINGTON,"8,939.00",Private Contractors
INSERTED DETAIL,,People,Adults Social Care,GREEN LINK (NORTH EAST),823.36,External Courier Service
INSERTED DETAIL,,People,Adults Social Care,HAYS SPECIALIST SERVICES,962.00,Agency Staff Costs - Non Teaching
INSERTED DETAIL,,People,Adults Social Care,HAYS SPECIALIST SERVICES,974.00,Agency Staff Costs - Non Teaching
INSERTED DETAIL,,People,Adults Social Care,HAYS SPECIALIST SERVICES,962.00,Agency Staff Costs - Non Teaching
INSERTED DETAIL,,People,Adults Social Care,HAYS SPECIALIST SERVICES,971.00,Agency Staff Costs - Non Teaching
INSERTED DETAIL,,People,Adults Social Care,HAYS SPECIALIST SERVICES,837.40,Agency Staff Costs - Non Teaching
INSERTED DETAIL,,People,Adults Social Care,HCL SOCIAL CARE LTD,"1,073.00",Agency Staff Costs - Non Teaching
INSERTED DETAIL,,People,Adults Social Care,HCL SOCIAL CARE LTD,715.50,Agency Staff Costs - Non Teaching
INSERTED DETAIL,,People,Adults Social Care,MI SUPPLIES,920.62,Purchase Of Clothing
INSERTED DETAIL,,People,Adults Social Care,RNIB,"1,089.08",Visual Equipment
INSERTED DETAIL,,People,Adults Social Care,SANCTUARY PERSONNEL LTD,946.60,Agency Staff Costs - Non Teaching
INSERTED DETAIL,,People,Adults Social Care,SANCTUARY PERSONNEL LTD,930.85,Agency Staff Costs - Non Teaching
INSERTED DETAIL,,People,Adults Social Care,SANCTUARY PERSONNEL LTD,807.80,Agency Staff Costs - Non Teaching
INSERTED DETAIL,,People,Adults Social Care,SANCTUARY PERSONNEL LTD,925.00,Agency Staff Costs - Non Teaching
INSERTED DETAIL,,People,Adults Social Care,SANCTUARY PERSONNEL LTD,950.65,Agency Staff Costs - Non Teaching
INSERTED DETAIL,,People,Adults Social Care,SANCTUARY PERSONNEL LTD,"1,027.50",Agency Staff Costs - Non Teaching
INSERTED DETAIL,,People,Adults Social Care,SANCTUARY PERSONNEL LTD,"1,035.00",Agency Staff Costs - Non Teaching
INSERTED DETAIL,,People,Adults Social Care,SANCTUARY PERSONNEL LTD,"1,110.00",Agency Staff Costs - Non Teaching
INSERTED DETAIL,,People,Adults Social Care,SANCTUARY PERSONNEL LTD,837.00,Agency Staff Costs - Non Teaching
INSERTED DETAIL,,People,Adults Social Care,SANCTUARY PERSONNEL LTD,849.15,Agency Staff Costs - Non Teaching
INSERTED DETAIL,,People,Adults Social Care,SANCTUARY PERSONNEL LTD,864.00,Agency Staff Costs - Non Teaching
INSERTED DETAIL,,People,Adults Social Care,SANCTUARY PERSONNEL LTD,"1,110.00",Agency Staff Costs - Non Teaching
INSERTED DETAIL,,People,Adults Social Care,SANCTUARY PERSONNEL LTD,857.25,Agency Staff Costs - Non Teaching
INSERTED DETAIL,,People,Adults Social Care,SANCTUARY PERSONNEL LTD,"1,095.00",Agency Staff Costs - Non Teaching
INSERTED DETAIL,,People,Adults Social Care,SANCTUARY PERSONNEL LTD,985.50,Agency Staff Costs - Non Teaching
INSERTED DETAIL,,People,Adults Social Care,SANCTUARY PERSONNEL LTD,932.65,Agency Staff Costs - Non Teaching
INSERTED DETAIL,,People,Adults Social Care,SUPPORT 2 INDEPENENCE,"26,773.20",Home Care - Private Contractor
INSERTED DETAIL,,People,Adults Social Care,THYSSENKRUPP ENCASA LIMITED,644.91,Private Contractors
INSERTED DETAIL,,People,Adults Social Care,TYNETEC LTD,731.40,Equipment
INSERTED DETAIL,,People,Adults Social Care,VIRGIN MEDIA BUSINESS LIMITED,"4,471.20",Telephone Costs
INSERTED DETAIL,,People,Adults Social Care,VOYAGE CARE,"4,932.64",Home Care - Private Contractor
INSERTED DETAIL,,People,Childrens Social Care,1AB TAXIS LTD,536.56,Contract Hire
INSERTED DETAIL,,People,Childrens Social Care,1AB TAXIS LTD,"1,683.40",Contract Hire
INSERTED DETAIL,,People,Childrens Social Care,1AB TAXIS LTD,892.00,Contract Hire
INSERTED DETAIL,,People,Childrens Social Care,1AB TAXIS LTD,576.00,Contract Hire
INSERTED DETAIL,,People,Childrens Social Care,1AB TAXIS LTD,611.10,Contract Hire
INSERTED DETAIL,,People,Childrens Social Care,1ABC RADIO TAXIS (COLLECTING SERVICE),646.00,Contract Hire
INSERTED DETAIL,,People,Childrens Social Care,1ABC RADIO TAXIS (COLLECTING SERVICE),"1,152.00",Contract Hire
INSERTED DETAIL,,People,Childrens Social Care,1ABC RADIO TAXIS (COLLECTING SERVICE),627.20,Contract Hire
INSERTED DETAIL,,People,Childrens Social Care,ACORN CARE (NE) LIMITED,"12,953.58",External Placements
INSERTED DETAIL,,People,Childrens Social Care,ACORN CARE (NE) LIMITED,"12,953.58",External Placements
INSERTED DETAIL,,People,Childrens Social Care,ACORN CARE (UK) LIMITED,"12,953.58",External Placements
INSERTED DETAIL,,People,Childrens Social Care,ACTION FOR CHILDREN,"16,710.00",External Placements
INSERTED DETAIL,,People,Childrens Social Care,ADOPTION MATTERS NORTHWEST,750.00,Adoption Allowance
INSERTED DETAIL,,People,Childrens Social Care,ADVANCED CHILD CARE ASSESSMENTS LIMITED,"12,857.10",External Placements
INSERTED DETAIL,,People,Childrens Social Care,ANYTIME TRAVEL OF DARLINGTON,"1,216.80",Contract Hire
INSERTED DETAIL,,People,Childrens Social Care,ANYTIME TRAVEL OF DARLINGTON,999.60,Contract Hire
INSERTED DETAIL,,People,Childrens Social Care,ANYTIME TRAVEL OF DARLINGTON,"1,249.20",Contract Hire
INSERTED DETAIL,,People,Childrens Social Care,ARGOS BUSINESS SOLUTIONS,825.83,Materials
INSERTED DETAIL,,People,Childrens Social Care,BARNARDOS,"3,893.60",External Placements
INSERTED DETAIL,,People,Childrens Social Care,BARNARDOS,"2,870.29",External Placements
INSERTED DETAIL,,People,Childrens Social Care,BARNARDOS,"2,870.29",External Placements
INSERTED DETAIL,,People,Childrens Social Care,BARNARDOS,"3,053.50",External Placements
INSERTED DETAIL,,People,Childrens Social Care,BARNARDOS,"4,140.36",External Placements
INSERTED DETAIL,,People,Childrens Social Care,BARNARDOS,"3,833.15",External Placements
INSERTED DETAIL,,People,Childrens Social Care,BOND TRAVEL,"2,289.66",Contract Hire
INSERTED DETAIL,,People,Childrens Social Care,BRITISH GAS BUSINESS (GAS),588.49,Gas
INSERTED DETAIL,,People,Childrens Social Care,BROUGH HOUSE,500.00,Independent Living
INSERTED DETAIL,,People,Childrens Social Care,BYTES SECURITY PARTNERSHIP,642.15,Ict Hardware Support & Maintenance
INSERTED DETAIL,,People,Childrens Social Care,CACI LIMITED,"1,700.00",Ict Software Support & Maintenance
INSERTED DETAIL,,People,Childrens Social Care,COLIN MORRIS,"2,354.97",Professional Fees & Consultancy
INSERTED DETAIL,,People,Childrens Social Care,COMPASS ROYSTON TRAVEL LTD,608.00,Contract Hire
INSERTED DETAIL,,People,Childrens Social Care,CORE ASSETS FOSTERING LIMITED,"3,596.00",External Placements
INSERTED DETAIL,,People,Childrens Social Care,CORE ASSETS FOSTERING LIMITED,"3,813.00",External Placements
INSERTED DETAIL,,People,Childrens Social Care,CORE ASSETS FOSTERING LIMITED,"3,774.87",External Placements
INSERTED DETAIL,,People,Childrens Social Care,CORE ASSETS FOSTERING LIMITED,"3,774.87",External Placements
INSERTED DETAIL,,People,Childrens Social Care,CORE ASSETS FOSTERING LIMITED,"3,813.00",External Placements
INSERTED DETAIL,,People,Childrens Social Care,CORE ASSETS FOSTERING LIMITED,"3,813.00",External Placements
INSERTED DETAIL,,People,Childrens Social Care,CORE ASSETS FOSTERING LIMITED,"3,774.87",External Placements
INSERTED DETAIL,,People,Childrens Social Care,CORE ASSETS FOSTERING LIMITED,"4,754.78",External Placements
INSERTED DETAIL,,People,Childrens Social Care,CORE ASSETS FOSTERING LIMITED,"3,813.00",External Placements
INSERTED DETAIL,,People,Childrens Social Care,CORE ASSETS FOSTERING LIMITED,"1,599.00",External Placements
INSERTED DETAIL,,People,Childrens Social Care,CORE ASSETS FOSTERING LIMITED,668.84,External Placements
INSERTED DETAIL,,People,Childrens Social Care,CORE ASSETS FOSTERING LIMITED,722.20,External Placements
INSERTED DETAIL,,People,Childrens Social Care,DARLINGTON & DISTRICT YTH COMM ASS,"1,686.80",Contract Hire
INSERTED DETAIL,,People,Childrens Social Care,DARLINGTON & DISTRICT YTH COMM ASS,"1,999.70",Contract Hire
INSERTED DETAIL,,People,Childrens Social Care,DARLINGTON & DISTRICT YTH COMM ASS,"2,318.00",Contract Hire
INSERTED DETAIL,,People,Childrens Social Care,DARLINGTON & DISTRICT YTH COMM ASS,"1,998.80",Contract Hire
INSERTED DETAIL,,People,Childrens Social Care,DARLINGTON & DISTRICT YTH COMM ASS,"2,084.30",Contract Hire
INSERTED DETAIL,,People,Childrens Social Care,DARLINGTON & DISTRICT YTH COMM ASS,"2,152.50",Contract Hire
INSERTED DETAIL,,People,Childrens Social Care,DFW ADOPTION,"14,333.00",Placement Fees
INSERTED DETAIL,,People,Childrens Social Care,ENTERPRISE RENT-A-CAR,786.22,Carers Vouchers
INSERTED DETAIL,,People,Childrens Social Care,ENTERPRISE RENT-A-CAR,663.80,Carers Vouchers
INSERTED DETAIL,,People,Childrens Social Care,ENTERPRISE TRAVEL,"2,100.00",Contract Hire
INSERTED DETAIL,,People,Childrens Social Care,ENTERPRISE TRAVEL,"1,505.18",Contract Hire
INSERTED DETAIL,,People,Childrens Social Care,FOSTERING OUTCOMES LIMITED,"3,472.62",External Placements
INSERTED DETAIL,,People,Childrens Social Care,FOSTERING OUTCOMES LIMITED,"3,125.42",External Placements
INSERTED DETAIL,,People,Childrens Social Care,FOSTERING SOLUTIONS LTD,716.16,External Placements
INSERTED DETAIL,,People,Childrens Social Care,FOSTERING SOLUTIONS LTD,"3,554.46",External Placements
INSERTED DETAIL,,People,Childrens Social Care,GARNETTS LTD,"3,097.00",Contract Hire
INSERTED DETAIL,,People,Childrens Social Care,GARNETTS LTD,"2,622.00",Contract Hire
INSERTED DETAIL,,People,Childrens Social Care,GARNETTS LTD,"3,042.00",Contract Hire
INSERTED DETAIL,,People,Childrens Social Care,GARNETTS LTD,"2,691.00",Contract Hire
INSERTED DETAIL,,People,Childrens Social Care,GARNETTS LTD,"3,042.00",Contract Hire
INSERTED DETAIL,,People,Childrens Social Care,GARNETTS LTD,"2,869.00",Contract Hire
INSERTED DETAIL,,People,Childrens Social Care,GARNETTS LTD,"2,888.00",Contract Hire
INSERTED DETAIL,,People,Childrens Social Care,GREYHOUND IT LTD,"2,000.00",Ict Software Support & Maintenance
INSERTED DETAIL,,People,Childrens Social Care,GRIERSONS COACHES,"1,862.00",Contract Hire
INSERTED DETAIL,,People,Childrens Social Care,GRIERSONS COACHES,"1,034.00",Contract Hire
INSERTED DETAIL,,People,Childrens Social Care,GRIERSONS COACHES,832.00,Contract Hire
INSERTED DETAIL,,People,Childrens Social Care,HAYS ACCOUNTANCY PERSONNEL,695.03,Agency Staff Costs - Non Teaching
INSERTED DETAIL,,People,Childrens Social Care,HBHC SYNERGY LIMITED,"1,110.00",Agency Staff Costs - Non Teaching
INSERTED DETAIL,,People,Childrens Social Care,HBHC SYNERGY LIMITED,888.00,Agency Staff Costs - Non Teaching
INSERTED DETAIL,,People,Childrens Social Care,HBHC SYNERGY LIMITED,"1,110.00",Agency Staff Costs - Non Teaching
INSERTED DETAIL,,People,Childrens Social Care,HBHC SYNERGY LIMITED,888.00,Agency Staff Costs - Non Teaching
INSERTED DETAIL,,People,Childrens Social Care,HBHC SYNERGY LIMITED,"1,128.00",Agency Staff Costs - Non Teaching
INSERTED DETAIL,,People,Childrens Social Care,HBHC SYNERGY LIMITED,888.00,Agency Staff Costs - Non Teaching
INSERTED DETAIL,,People,Childrens Social Care,HBHC SYNERGY LIMITED,"1,776.00",Agency Staff Costs - Non Teaching
INSERTED DETAIL,,People,Childrens Social Care,HBHC SYNERGY LIMITED,"1,110.00",Agency Staff Costs - Non Teaching
INSERTED DETAIL,,People,Childrens Social Care,HBHC SYNERGY LIMITED,"1,110.00",Agency Staff Costs - Non Teaching
INSERTED DETAIL,,People,Childrens Social Care,HBHC SYNERGY LIMITED,"1,359.86",Agency Staff Costs - Non Teaching
INSERTED DETAIL,,People,Childrens Social Care,HBHC SYNERGY LIMITED,888.00,Agency Staff Costs - Non Teaching
INSERTED DETAIL,,People,Childrens Social Care,HBHC SYNERGY LIMITED,780.00,Agency Staff Costs - Non Teaching
INSERTED DETAIL,,People,Childrens Social Care,HIT,537.25,Stationery
INSERTED DETAIL,,People,Childrens Social Care,HOWARD HOUSE CARE,"3,520.00",External Placements
INSERTED DETAIL,,People,Childrens Social Care,I & S OLIVER,"1,036.00",Agency Staff Costs - Non Teaching
INSERTED DETAIL,,People,Childrens Social Care,I & S OLIVER,"1,036.00",Agency Staff Costs - Non Teaching
INSERTED DETAIL,,People,Childrens Social Care,I & S OLIVER,"1,036.00",Agency Staff Costs - Non Teaching
INSERTED DETAIL,,People,Childrens Social Care,IRENE BAKER CONSULTANCY,"1,100.00",Professional Fees & Consultancy
INSERTED DETAIL,,People,Childrens Social Care,J & C COACHES LTD,"2,327.50",Contract Hire
INSERTED DETAIL,,People,Childrens Social Care,J & C COACHES LTD,"2,840.50",Contract Hire
INSERTED DETAIL,,People,Childrens Social Care,J & C COACHES LTD,"2,460.50",Contract Hire
INSERTED DETAIL,,People,Childrens Social Care,J & C COACHES LTD,"1,893.54",Contract Hire
INSERTED DETAIL,,People,Childrens Social Care,J & C COACHES LTD,"1,893.54",Contract Hire
INSERTED DETAIL,,People,Childrens Social Care,J & C COACHES LTD,"1,893.54",Contract Hire
INSERTED DETAIL,,People,Childrens Social Care,J & C COACHES LTD,"2,460.50",Contract Hire
INSERTED DETAIL,,People,Childrens Social Care,J & C COACHES LTD,"3,346.28",Contract Hire
INSERTED DETAIL,,People,Childrens Social Care,JEFF ANDERSON COACHES LIMITED,"1,699.20",Contract Hire
INSERTED DETAIL,,People,Childrens Social Care,KINGSWOOD LEARNING LEISURE GROUP LTD,540.00,Projects
INSERTED DETAIL,,People,Childrens Social Care,KONICA MINOLTA BUSINESS SOLUTIONS EAST LTD,"1,306.17",Printing
INSERTED DETAIL,,People,Childrens Social Care,LINDA MCCALMONT,675.00,Consultancy Fees
INSERTED DETAIL,,People,Childrens Social Care,MIKE VENING,"1,333.41",Professional Fees & Consultancy
INSERTED DETAIL,,People,Childrens Social Care,NECA SERVICES LTD,"3,333.33",Ground Maintenance
INSERTED DETAIL,,People,Childrens Social Care,NEWSQUEST (YORKSHIRE & NORTH EAST) LTD,585.00,Marketing & Advertising
INSERTED DETAIL,,People,Childrens Social Care,NEWSQUEST (YORKSHIRE & NORTH EAST) LTD,675.00,Advertising
INSERTED DETAIL,,People,Childrens Social Care,NORTH EAST EXECUTIVE LTD,510.00,Contract Hire
INSERTED DETAIL,,People,Childrens Social Care,ORCHARD CARE NORTH EAST LTD,"2,878.57",External Placements
INSERTED DETAIL,,People,Childrens Social Care,ORCHARD CARE NORTH EAST LTD,"4,406.43",External Placements
INSERTED DETAIL,,People,Childrens Social Care,OVERLANDER MINI COACHES,"2,356.00",Contract Hire
INSERTED DETAIL,,People,Childrens Social Care,OVERLANDER MINI COACHES,"2,375.00",Contract Hire
INSERTED DETAIL,,People,Childrens Social Care,PATTISON COACH HIRE,"1,873.40",Contract Hire
INSERTED DETAIL,,People,Childrens Social Care,PATTISON COACH HIRE,"1,600.00",Contract Hire
INSERTED DETAIL,,People,Childrens Social Care,PEARTREE PROJECTS LTD,"13,595.23",External Placements
INSERTED DETAIL,,People,Childrens Social Care,PEARTREE PROJECTS LTD,"14,048.40",External Placements
INSERTED DETAIL,,People,Childrens Social Care,PROSPECT PLACE CHILDRENS HOMES LLP,"4,107.86",External Placements
INSERTED DETAIL,,People,Childrens Social Care,PROSPECT PLACE CHILDRENS HOMES LLP,"13,692.85",External Placements
INSERTED DETAIL,,People,Childrens Social Care,RAB OUTDOOR EDUCATION LTD,"1,480.00",Projects
INSERTED DETAIL,,People,Childrens Social Care,REACH OUT CARE LIMITED NO 2 A/C,"5,142.90",Fostering Allowance
INSERTED DETAIL,,People,Childrens Social Care,REACH OUT CARE LIMITED NO 2 A/C,"3,100.00",External Placements
INSERTED DETAIL,,People,Childrens Social Care,REACH OUT CARE LIMITED NO 2 A/C,"5,314.33",Fostering Allowance
INSERTED DETAIL,,People,Childrens Social Care,REACH OUT CARE LIMITED NO 2 A/C,"5,314.33",Fostering Allowance
INSERTED DETAIL,,People,Childrens Social Care,REACH OUT CARE LIMITED NO 2 A/C,"3,000.00",External Placements
INSERTED DETAIL,,People,Childrens Social Care,REACH OUT CARE LIMITED NO 2 A/C,"5,142.90",Fostering Allowance
INSERTED DETAIL,,People,Childrens Social Care,REACH OUT CARE LIMITED NO 2 A/C,"2,472.25",External Placements
INSERTED DETAIL,,People,Childrens Social Care,REACH OUT CARE LIMITED NO 2 A/C,"2,472.25",External Placements
INSERTED DETAIL,,People,Childrens Social Care,REACH OUT CARE LIMITED NO 2 A/C,"2,790.00",External Placements
INSERTED DETAIL,,People,Childrens Social Care,REACH OUT CARE LIMITED NO 2 A/C,"3,148.79",External Placements
INSERTED DETAIL,,People,Childrens Social Care,REACH OUT CARE LIMITED NO 2 A/C,"3,148.79",External Placements
INSERTED DETAIL,,People,Childrens Social Care,REACH OUT CARE LIMITED NO 2 A/C,"3,069.00",External Placements
INSERTED DETAIL,,People,Childrens Social Care,REACH OUT CARE LIMITED NO 2 A/C,"2,536.53",External Placements
INSERTED DETAIL,,People,Childrens Social Care,REACH OUT CARE LIMITED NO 2 A/C,"2,472.25",External Placements
INSERTED DETAIL,,People,Childrens Social Care,REED SPECIALIST RECRUITMENT LTD,852.00,Agency Staff Costs - Non Teaching
INSERTED DETAIL,,People,Childrens Social Care,REED SPECIALIST RECRUITMENT LTD,888.00,Agency Staff Costs - Non Teaching
INSERTED DETAIL,,People,Childrens Social Care,S & R CARS LTD,"1,552.00",Contract Hire
INSERTED DETAIL,,People,Childrens Social Care,S & R CARS LTD,"1,554.00",Contract Hire
INSERTED DETAIL,,People,Childrens Social Care,S & R CARS LTD,725.00,Contract Hire
INSERTED DETAIL,,People,Childrens Social Care,S & R CARS LTD,"2,539.00",Contract Hire
INSERTED DETAIL,,People,Childrens Social Care,S & R CARS LTD,623.20,Contract Hire
INSERTED DETAIL,,People,Childrens Social Care,S & R CARS LTD,"1,520.00",Contract Hire
INSERTED DETAIL,,People,Childrens Social Care,S & R CARS LTD,912.00,Contract Hire
INSERTED DETAIL,,People,Childrens Social Care,S & R CARS LTD,"1,120.00",Contract Hire
INSERTED DETAIL,,People,Childrens Social Care,S & R CARS LTD,"1,120.00",Contract Hire
INSERTED DETAIL,,People,Childrens Social Care,S & R CARS LTD,"1,064.00",Contract Hire
INSERTED DETAIL,,People,Childrens Social Care,S & R CARS LTD,"1,400.00",Contract Hire
INSERTED DETAIL,,People,Childrens Social Care,S & R CARS LTD,720.00,Contract Hire
INSERTED DETAIL,,People,Childrens Social Care,SANCTUARY PERSONNEL LTD,"1,050.00",Agency Staff Costs - Non Teaching
INSERTED DETAIL,,People,Childrens Social Care,SANCTUARY PERSONNEL LTD,"1,050.00",Agency Staff Costs - Non Teaching
INSERTED DETAIL,,People,Childrens Social Care,SENTRAL CONSULTANTS,"3,162.92",Professional Fees & Consultancy
INSERTED DETAIL,,People,Childrens Social Care,SKERNE PARK COMM ENTERPRISE ASSOC  LTD,565.47,Childcare Costs
INSERTED DETAIL,,People,Childrens Social Care,SKERNE PARK COMM ENTERPRISE ASSOC  LTD,735.44,Childcare Costs
INSERTED DETAIL,,People,Childrens Social Care,ST CUTHBERTS CARE,"2,742.86",External Placements
INSERTED DETAIL,,People,Childrens Social Care,ST CUTHBERTS CARE,"11,142.86",External Placements
INSERTED DETAIL,,People,Childrens Social Care,STONHAM,619.88,Independent Living
INSERTED DETAIL,,People,Childrens Social Care,STONHAM HOUSING ASSOCIATION,"1,484.16",Independent Living
INSERTED DETAIL,,People,Childrens Social Care,SUNNYSIDE PRIMARY SCHOOL,"1,529.21",External Placements
INSERTED DETAIL,,People,Childrens Social Care,SWIIS FOSTER CARE LTD,939.00,External Placements
INSERTED DETAIL,,People,Childrens Social Care,SWIIS FOSTER CARE LTD,780.00,External Placements
INSERTED DETAIL,,People,Childrens Social Care,SWIIS FOSTER CARE LTD,771.30,External Placements
INSERTED DETAIL,,People,Childrens Social Care,SWIIS FOSTER CARE LTD,771.30,External Placements
INSERTED DETAIL,,People,Childrens Social Care,SWIIS FOSTER CARE LTD,939.00,External Placements
INSERTED DETAIL,,People,Childrens Social Care,SWIIS FOSTER CARE LTD,780.00,External Placements
INSERTED DETAIL,,People,Childrens Social Care,SWIIS FOSTER CARE LTD,857.00,External Placements
INSERTED DETAIL,,People,Childrens Social Care,SWIIS FOSTER CARE LTD,814.15,External Placements
INSERTED DETAIL,,People,Childrens Social Care,SWIIS FOSTER CARE LTD,814.15,External Placements
INSERTED DETAIL,,People,Childrens Social Care,SWIIS FOSTER CARE LTD,741.00,External Placements
INSERTED DETAIL,,People,Childrens Social Care,SWIIS FOSTER CARE LTD,857.00,External Placements
INSERTED DETAIL,,People,Childrens Social Care,TEAM FOSTERING NORTH EAST,"3,774.60",External Placements
INSERTED DETAIL,,People,Childrens Social Care,TEAM FOSTERING NORTH EAST,"3,774.60",External Placements
INSERTED DETAIL,,People,Childrens Social Care,TEAM FOSTERING NORTH EAST,"3,774.60",External Placements
INSERTED DETAIL,,People,Childrens Social Care,THE SOCIAL RESOURCE CENTRE LIMITED,"2,955.32",Independent Living
INSERTED DETAIL,,People,Childrens Social Care,UNITED TAXIS LTD,590.00,Contract Hire
INSERTED DETAIL,,People,Childrens Social Care,UNITED TAXIS LTD,507.00,Contract Hire
INSERTED DETAIL,,People,Childrens Social Care,UNITED TAXIS LTD,"1,459.20",Contract Hire
INSERTED DETAIL,,People,Childrens Social Care,UNITED TAXIS LTD,764.18,Contract Hire
INSERTED DETAIL,,People,Childrens Social Care,UNITED TAXIS LTD,"1,968.00",Contract Hire
INSERTED DETAIL,,People,Childrens Social Care,UNITED TAXIS LTD,803.75,Contract Hire
INSERTED DETAIL,,People,Childrens Social Care,UNITED TAXIS LTD,946.96,Contract Hire
INSERTED DETAIL,,People,Childrens Social Care,UNITED TAXIS LTD,520.00,Contract Hire
INSERTED DETAIL,,People,Childrens Social Care,UNITED TAXIS LTD,520.00,Contract Hire
INSERTED DETAIL,,People,Childrens Social Care,UNITED TAXIS LTD,626.24,Contract Hire
INSERTED DETAIL,,People,Childrens Social Care,UNITED TAXIS LTD,"1,322.40",Contract Hire
INSERTED DETAIL,,People,Childrens Social Care,UNITED TAXIS LTD,520.00,Contract Hire
INSERTED DETAIL,,People,Childrens Social Care,UNITED TAXIS LTD,726.56,Contract Hire
INSERTED DETAIL,,People,Childrens Social Care,UNITED TAXIS LTD,518.93,Contract Hire
INSERTED DETAIL,,People,Childrens Social Care,UNITED TAXIS LTD,520.00,Contract Hire
INSERTED DETAIL,,People,Childrens Social Care,UNITED TAXIS LTD,800.00,Contract Hire
INSERTED DETAIL,,People,Childrens Social Care,UNITED TAXIS LTD,"1,333.80",Contract Hire
INSERTED DETAIL,,People,Childrens Social Care,UNITED TAXIS LTD,757.45,Contract Hire
INSERTED DETAIL,,People,Childrens Social Care,UNITED TAXIS LTD,627.26,Contract Hire
INSERTED DETAIL,,People,Childrens Social Care,WALTER YEOMAN,779.00,Contract Hire
INSERTED DETAIL,,People,Childrens Social Care,YOUNG FOUNDATION LTD,"3,107.14",External Placements
INSERTED DETAIL,,People,Childrens Social Care,YOUNG FOUNDATION LTD,"3,107.14",External Placements
INSERTED DETAIL,,People,Childrens Social Care,YOUNG FOUNDATION LTD,"3,642.86",External Placements
INSERTED DETAIL,,People,Childrens Social Care,YOUNG FOUNDATION LTD,"3,107.14",External Placements
INSERTED DETAIL,,People,Development & Commissioning,700 CLUB,"21,116.44",Private Contractors
INSERTED DETAIL,,People,Development & Commissioning,ACTION FOR CHILDREN,"1,118.25",Consultancy Fees
INSERTED DETAIL,,People,Development & Commissioning,ACTION FOR CHILDREN,"1,118.25",Consultancy Fees
INSERTED DETAIL,,People,Development & Commissioning,ANCHOR TRUST,906.72,Private Contractors
INSERTED DETAIL,,People,Development & Commissioning,CARERS FEDERATION LIMITED,"1,236.55",Other Supplies & Services
INSERTED DETAIL,,People,Development & Commissioning,CREATIVE SUPPORT LIMITED,"20,717.32",Private Contractors
INSERTED DETAIL,,People,Development & Commissioning,DARLINGTON YMCA FOYER,"13,876.20",Private Contractors
INSERTED DETAIL,,People,Development & Commissioning,DISC,"8,964.52",Private Contractors
INSERTED DETAIL,,People,Development & Commissioning,ENDEAVOUR HOUSING ASSOCIATION,"1,518.96",Private Contractors
INSERTED DETAIL,,People,Development & Commissioning,HANOVER HOUSING ASSOCIATION,"1,038.20",Private Contractors
INSERTED DETAIL,,People,Development & Commissioning,ISSY CROCKER & TEAM,500.00,Professional Fees & Consultancy
INSERTED DETAIL,,People,Development & Commissioning,KEYRING LIVING SUPPORT NETWORK,"2,581.12",Private Contractors
INSERTED DETAIL,,People,Development & Commissioning,MOBILE ADVICE CO OP COMMUNITY INTEREST CO.,"10,800.00",Consultancy Fees
INSERTED DETAIL,,People,Development & Commissioning,MOTT MACDONALD,"7,920.00",Professional Fees & Consultancy
INSERTED DETAIL,,People,Development & Commissioning,NECA SERVICES LTD,"3,547.08",Private Contractors
INSERTED DETAIL,,People,Development & Commissioning,NECA SERVICES LTD,"116,230.99",Private Contractors
INSERTED DETAIL,,People,Development & Commissioning,OLM PROFESSIONAL SERVICES LTD,"1,200.00",Ict Software Support & Maintenance
INSERTED DETAIL,,People,Development & Commissioning,REED SPECIALIST RECRUITMENT LTD,864.00,Agency Staff Costs - Non Teaching
INSERTED DETAIL,,People,Development & Commissioning,REED SPECIALIST RECRUITMENT LTD,888.00,Agency Staff Costs - Non Teaching
INSERTED DETAIL,,People,Development & Commissioning,RICHMOND FELLOWSHIP,"9,555.00",Private Contractors
INSERTED DETAIL,,People,Development & Commissioning,SAFEGUARDING TRAINING SOLUTIIONS,900.00,Employee Training Course Costs
INSERTED DETAIL,,People,Development & Commissioning,SANCTUARY SUPPORTED LIVING,"10,516.04",Private Contractors
INSERTED DETAIL,,People,Development & Commissioning,SHEILAGH MAY,882.19,Professional Fees & Consultancy
INSERTED DETAIL,,People,Development & Commissioning,STONHAM HOUSING ASSOCIATION,"6,480.00",Private Contractors
INSERTED DETAIL,,People,Development & Commissioning,TEES VALLEY HOUSING LTD,"11,042.20",Private Contractors
INSERTED DETAIL,,People,Development & Commissioning,TEES VALLEY YMCA LIMITED,"3,250.20",Professional Fees & Consultancy
INSERTED DETAIL,,People,Development & Commissioning,THREE RIVERS HOUSING ASSOCIATIONS LTD,"2,307.68",Private Contractors
INSERTED DETAIL,,Balance Sheet,Balance Sheet,KIDDIVOUCHERS LTD,"12,161.79",General Debits
INSERTED DETAIL,,Balance Sheet,Balance Sheet,LARSEN CONTRACTS LIMITED,"1,666.76",Cis Deductions
INSERTED DETAIL,,Balance Sheet,Balance Sheet,SECTOR TREASURY SERVICES LTD,"14,500.00",Brokerage - Long Term Loans
INSERTED DETAIL,,Balance Sheet,Balance Sheet,ZURICH INSURANCE COMPANY,742.00,General Debits
INSERTED DETAIL,,Capital,Capital,ATKINS LIMITED,700.00,Fees - Other
INSERTED DETAIL,,Capital,Capital,BARRETT ENVIRONMENTAL,"1,160.00",Consultants - Other
INSERTED DETAIL,,Capital,Capital,BENFIELD FORD,"26,650.08",Vehicles
INSERTED DETAIL,,Capital,Capital,BENFIELD FORD,"26,650.08",Vehicles
INSERTED DETAIL,,Capital,Capital,BENFIELD FORD,"26,650.08",Vehicles
INSERTED DETAIL,,Capital,Capital,CISILION LTD,950.99,Furniture Equipment
INSERTED DETAIL,,Capital,Capital,CONTRACT FLOORING SERVICES (NE) LTD,"5,564.19",Other Contractor Payments
INSERTED DETAIL,,Capital,Capital,DARLINGTON SCAFFOLDING LTD,"2,200.00",Other Contractor Payments
INSERTED DETAIL,,Capital,Capital,DARLINGTON SCAFFOLDING LTD,600.00,Other Contractor Payments
INSERTED DETAIL,,Capital,Capital,DARLINGTON SCAFFOLDING LTD,"2,400.00",Other Contractor Payments
INSERTED DETAIL,,Capital,Capital,FORTNUM AND WOOLLEY LTD,"26,599.76",Direct Payment Sub Contractor
INSERTED DETAIL,,Capital,Capital,IT SYSTEMS,789.81,It Hardware
INSERTED DETAIL,,Capital,Capital,KINGS CHAMBERS,750.00,Consultants - Other
INSERTED DETAIL,,Capital,Capital,MGL (DEMOLITION) LTD,"11,168.82",Direct Payment Sub Contractor
INSERTED DETAIL,,Capital,Capital,MIDDLETON FORGE,982.94,Payments Main Contractor - Non Dlo
INSERTED DETAIL,,Capital,Capital,NPOWER,533.33,Other Contractor Payments
INSERTED DETAIL,,Capital,Capital,NPOWER,"2,256.58",Other Contractor Payments
INSERTED DETAIL,,Capital,Capital,NPOWER,"1,799.44",Other Contractor Payments
INSERTED DETAIL,,Capital,Capital,RENNYCO LTD,"4,576.22",Payments Main Contractor - Non Dlo
INSERTED DETAIL,,Capital,Capital,RICKERBY LTD,"66,412.00",Furniture Equipment
INSERTED DETAIL,,Capital,Capital,SCHOTT REMOVALS TRANSPORT LTD,544.00,Removals
INSERTED DETAIL,,Capital,Capital,SCHOTT REMOVALS TRANSPORT LTD,"4,729.95",Removals
INSERTED DETAIL,,Capital,Capital,SPACEWORKS,"3,050.00",Consultants - Other
INSERTED DETAIL,,Capital,Capital,TGA CONSULTING ENGINEERS,"4,509.78",Consultants - Other
INSERTED DETAIL,,Capital,Capital,THEATRESEARCH LTD,"12,500.00",Architect Fees
INSERTED DETAIL,,Capital,Capital,WARD HADAWAY SOLICITORS,"3,849.38",Fees - Other
INSERTED DETAIL,,Capital,Capital,WARD HADAWAY SOLICITORS,"1,800.00",Fees - Other
INSERTED DETAIL,,Capital,Capital,WAYMID ELECTRICS LTD,"15,604.40",Other Contractor Payments
INSERTED DETAIL,,Capital,Capital,WAYMID ELECTRICS LTD,"22,292.00",Other Contractor Payments
INSERTED DETAIL,,Capital,Capital,WAYMID ELECTRICS LTD,575.40,Other Contractor Payments
INSERTED DETAIL,,Capital,Capital,WAYMID ELECTRICS LTD,"1,342.60",Other Contractor Payments
INSERTED DETAIL,,Capital,Capital,WAYMID ELECTRICS LTD,"32,673.90",Other Contractor Payments
INSERTED DETAIL,,Capital,Capital,WAYMID ELECTRICS LTD,"14,003.10",Other Contractor Payments
INSERTED DETAIL,,Capital,Capital,WERNICK HIRE LTD,942.85,Other Incidental Capital Costs
INSERTED DETAIL,,Capital,Capital,WILLMOTT DIXON CONSTRUCTION LTD,"60,126.00",Payments Main Contractor - Non Dlo
INSERTED DETAIL,,Capital,Capital,WILLMOTT DIXON CONSTRUCTION LTD,"277,356.86",Payments Main Contractor - Non Dlo
detail,,Capital,Capital,WILLMOTT DIXON CONSTRUCTION LTD,"52,931.00",Payments Main Contractor - Non Dlo
,,,,,,
,,,,,,
